[13Jul2026 19:41:54.971] [main/INFO] [cpw.mods.modlauncher.Launcher/MODLAUNCHER]: ModLauncher running: args [--launchTarget, forgeserver, --fml.forgeVersion, 43.4.2, --fml.mcVersion, 1.19.2, --fml.forgeGroup, net.minecraftforge, --fml.mcpVersion, 20220805.130853, nogui]
[13Jul2026 19:41:54.975] [main/INFO] [cpw.mods.modlauncher.Launcher/MODLAUNCHER]: ModLauncher 10.0.8+10.0.8+main.0ef7e830 starting: java version 17.0.19 by Ubuntu; OS Linux arch amd64 version 6.8.0-1052-azure
[13Jul2026 19:41:58.277] [main/INFO] [com.teampotato.redirector.Redirector/]: Redirector CoreMod initialized successfully!
[13Jul2026 19:41:58.338] [main/INFO] [mixin/]: SpongePowered MIXIN Subsystem Version=0.8.5 Source=union:/workspaces/cisco/servidor_minecraft/libraries/org/spongepowered/mixin/0.8.5/mixin-0.8.5.jar%2363!/ Service=ModLauncher Env=SERVER
[13Jul2026 19:41:59.028] [main/WARN] [net.minecraftforge.fml.loading.moddiscovery.ModFileParser/LOADING]: Mod file /workspaces/cisco/servidor_minecraft/libraries/net/minecraftforge/fmlcore/1.19.2-43.4.2/fmlcore-1.19.2-43.4.2.jar is missing mods.toml file
[13Jul2026 19:41:59.030] [main/WARN] [net.minecraftforge.fml.loading.moddiscovery.ModFileParser/LOADING]: Mod file /workspaces/cisco/servidor_minecraft/libraries/net/minecraftforge/javafmllanguage/1.19.2-43.4.2/javafmllanguage-1.19.2-43.4.2.jar is missing mods.toml file
[13Jul2026 19:41:59.032] [main/WARN] [net.minecraftforge.fml.loading.moddiscovery.ModFileParser/LOADING]: Mod file /workspaces/cisco/servidor_minecraft/libraries/net/minecraftforge/lowcodelanguage/1.19.2-43.4.2/lowcodelanguage-1.19.2-43.4.2.jar is missing mods.toml file
[13Jul2026 19:41:59.033] [main/WARN] [net.minecraftforge.fml.loading.moddiscovery.ModFileParser/LOADING]: Mod file /workspaces/cisco/servidor_minecraft/libraries/net/minecraftforge/mclanguage/1.19.2-43.4.2/mclanguage-1.19.2-43.4.2.jar is missing mods.toml file
[13Jul2026 19:41:59.394] [main/WARN] [net.minecraftforge.jarjar.selection.JarSelector/]: Attempted to select two dependency jars from JarJar which have the same identification: Mod File:  and Mod File: . Using Mod File: 
[13Jul2026 19:41:59.396] [main/WARN] [net.minecraftforge.jarjar.selection.JarSelector/]: Attempted to select a dependency jar for JarJar which was passed in as source: curios. Using Mod File: /workspaces/cisco/servidor_minecraft/mods/curios-forge-1.19.2-5.1.6.4.jar
[13Jul2026 19:41:59.396] [main/INFO] [net.minecraftforge.fml.loading.moddiscovery.JarInJarDependencyLocator/]: Found 15 dependencies adding them to mods collection
[13Jul2026 19:42:05.841] [main/INFO] [mixin/]: Compatibility level set to JAVA_17
[13Jul2026 19:42:05.942] [main/ERROR] [mixin/]: Mixin config celestisynth.mixins.json does not specify "minVersion" property
[13Jul2026 19:42:06.002] [main/ERROR] [mixin/]: Mixin config necronomicon.forge.mixins.json does not specify "minVersion" property
[13Jul2026 19:42:06.271] [main/INFO] [mixin/]: Successfully loaded Mixin Connector [ca.spottedleaf.starlight.mixin.MixinConnector]
[13Jul2026 19:42:06.274] [main/INFO] [mixin/]: Successfully loaded Mixin Connector [com.aizistral.enigmaticlegacy.MixinConnector]
[13Jul2026 19:42:06.276] [main/INFO] [cpw.mods.modlauncher.LaunchServiceHandler/MODLAUNCHER]: Launching target 'forgeserver' with arguments [nogui]
[13Jul2026 19:42:06.303] [main/INFO] [com.abdelaziz.saturn.common.Saturn/]: Loaded Saturn config file with 4 configurable options
[13Jul2026 19:42:06.327] [main/WARN] [mixin/]: Reference map 'nerb-forge-refmap.json' for nerb.mixins.json could not be read. If this is a development environment you can ignore this message
[13Jul2026 19:42:06.466] [main/INFO] [ModernFix/]: Loaded configuration file for ModernFix 5.18.1+mc1.19.2: 87 options available, 2 override(s) found
[13Jul2026 19:42:06.468] [main/WARN] [ModernFix/]: Option 'mixin.bugfix.item_cache_flag' overriden (by mods [canary]) to 'false'
[13Jul2026 19:42:06.468] [main/WARN] [ModernFix/]: Option 'mixin.perf.thread_priorities' overriden (by mods [smoothboot]) to 'false'
[13Jul2026 19:42:06.469] [main/INFO] [ModernFix/]: Applying Nashorn fix
[13Jul2026 19:42:06.517] [main/INFO] [ModernFix/]: Applied Forge config corruption patch
[13Jul2026 19:42:06.539] [main/WARN] [mixin/]: Reference map 'vinery-forge-refmap.json' for vinery.mixins.json could not be read. If this is a development environment you can ignore this message
[13Jul2026 19:42:06.554] [main/WARN] [mixin/]: Reference map 'morevillagers-forge-forge-refmap.json' for morevillagers.mixins.json could not be read. If this is a development environment you can ignore this message
[13Jul2026 19:42:06.566] [main/WARN] [mixin/]: Reference map 'nitrogen_internals.refmap.json' for nitrogen_internals.mixins.json could not be read. If this is a development environment you can ignore this message
[13Jul2026 19:42:06.667] [main/WARN] [mixin/]: Reference map '${refmap_target}refmap.json' for corgilib.forge.mixins.json could not be read. If this is a development environment you can ignore this message
[13Jul2026 19:42:06.669] [main/WARN] [mixin/]: Reference map 'fastpaintings-forge-refmap.json' for fastpaintings-forge.mixins.json could not be read. If this is a development environment you can ignore this message
[13Jul2026 19:42:06.680] [main/INFO] [com.teampotato.redirector.Redirector/]: Redirecting com/illusivesoulworks/polymorph/common/integration/PolymorphIntegrations$Mod
[13Jul2026 19:42:06.683] [main/INFO] [com.teampotato.redirector.Redirector/]: Redirecting com/illusivesoulworks/polymorph/common/integration/PolymorphIntegrations$Loader
[13Jul2026 19:42:06.720] [main/WARN] [CanaryConfig/]: Mod 'pluto' attempted to override option 'mixin.world.player_chunk_tick', which doesn't exist, ignoring
[13Jul2026 19:42:06.725] [main/INFO] [Canary/]: Loaded configuration file for Canary: 117 options available, 1 override(s) found
[13Jul2026 19:42:06.732] [main/WARN] [mixin/]: Reference map 'tlc.refmap.json' for tlc.mixins.json could not be read. If this is a development environment you can ignore this message
[13Jul2026 19:42:06.755] [main/WARN] [mixin/]: Reference map 'insanelib.refmap.json' for insanelib.mixins.json could not be read. If this is a development environment you can ignore this message
[13Jul2026 19:42:06.767] [main/WARN] [mixin/]: Reference map 'Bakery-forge-refmap.json' for bakery.mixins.json could not be read. If this is a development environment you can ignore this message
[13Jul2026 19:42:06.782] [main/WARN] [mixin/]: Reference map 'dummmmmmy-forge-refmap.json' for dummmmmmy.mixins.json could not be read. If this is a development environment you can ignore this message
[13Jul2026 19:42:06.818] [main/WARN] [mixin/]: Reference map 'smallships-forge-refmap.json' for smallships.mixins.json could not be read. If this is a development environment you can ignore this message
[13Jul2026 19:42:06.828] [main/WARN] [mixin/]: Reference map 'octolib.refmap.json' for octolib.mixins.json could not be read. If this is a development environment you can ignore this message
[13Jul2026 19:42:06.832] [main/WARN] [mixin/]: Reference map 'xlpackets.refmap.json' for xlpackets.mixins.json could not be read. If this is a development environment you can ignore this message
[13Jul2026 19:42:06.845] [main/WARN] [mixin/]: Reference map 'simplyswords-common-refmap.json' for simplyswords-common.mixins.json could not be read. If this is a development environment you can ignore this message
[13Jul2026 19:42:06.846] [main/WARN] [mixin/]: Reference map 'simplyswords-forge-refmap.json' for simplyswords.mixins.json could not be read. If this is a development environment you can ignore this message
[13Jul2026 19:42:06.876] [main/INFO] [com.teampotato.redirector.Redirector/]: Redirecting malte0811/ferritecore/mixin/config/FerriteMixinConfig$LithiumSupportState
[13Jul2026 19:42:06.903] [main/INFO] [com.teampotato.redirector.Redirector/]: Redirecting com/llamalad7/mixinextras/service/MixinExtrasVersion
[13Jul2026 19:42:07.410] [main/INFO] [net.minecraftforge.coremod.CoreMod.placebo/COREMODLOG]: Patching IForgeItemStack#getEnchantmentLevel
[13Jul2026 19:42:07.419] [main/INFO] [net.minecraftforge.coremod.CoreMod.placebo/COREMODLOG]: Patching IForgeItemStack#getEnchantmentLevel
[13Jul2026 19:42:07.590] [main/WARN] [mixin/]: Error loading class: com/simibubi/create/content/contraptions/components/fan/AirCurrent (java.lang.ClassNotFoundException: com.simibubi.create.content.contraptions.components.fan.AirCurrent)
[13Jul2026 19:42:07.885] [main/INFO] [net.minecraftforge.coremod.CoreMod.apotheosis/COREMODLOG]: Replaced 2 calls to Enchantment#getMaxLevel() in net/minecraft/world/inventory/AnvilMenu
[13Jul2026 19:42:07.898] [main/WARN] [mixin/]: Error loading class: vazkii/quark/content/tweaks/module/GoldToolsHaveFortuneModule (java.lang.ClassNotFoundException: vazkii.quark.content.tweaks.module.GoldToolsHaveFortuneModule)
[13Jul2026 19:42:07.900] [main/INFO] [net.minecraftforge.coremod.CoreMod.placebo/COREMODLOG]: Patching IForgeItemStack#getEnchantmentLevel
[13Jul2026 19:42:07.901] [main/INFO] [net.minecraftforge.coremod.CoreMod.placebo/COREMODLOG]: Patching IForgeItemStack#getEnchantmentLevel
[13Jul2026 19:42:07.948] [main/WARN] [mixin/]: Error loading class: vazkii/neat/HealthBarRenderer (java.lang.ClassNotFoundException: vazkii.neat.HealthBarRenderer)
[13Jul2026 19:42:07.948] [main/WARN] [mixin/]: @Mixin target vazkii.neat.HealthBarRenderer was not found autoleveling.mixins.json:neat/HealthBarRendererMixin
[13Jul2026 19:42:08.129] [main/INFO] [net.minecraftforge.coremod.CoreMod.apotheosis/COREMODLOG]: Patching FishingHook#catchingFish
[13Jul2026 19:42:08.396] [main/WARN] [mixin/]: Error loading class: tfar/davespotioneering/blockentity/AdvancedBrewingStandBlockEntity (java.lang.ClassNotFoundException: tfar.davespotioneering.blockentity.AdvancedBrewingStandBlockEntity)
[13Jul2026 19:42:08.396] [main/WARN] [mixin/]: @Mixin target tfar.davespotioneering.blockentity.AdvancedBrewingStandBlockEntity was not found itemproductionlib.mixins.json:davespotioneering/AdvancedBrewingStandBlockEntityMixin
[13Jul2026 19:42:08.401] [main/WARN] [mixin/]: Error loading class: fuzs/visualworkbench/world/inventory/ModCraftingMenu (java.lang.ClassNotFoundException: fuzs.visualworkbench.world.inventory.ModCraftingMenu)
[13Jul2026 19:42:08.402] [main/WARN] [mixin/]: @Mixin target fuzs.visualworkbench.world.inventory.ModCraftingMenu was not found itemproductionlib.mixins.json:visualworkbench/ModCraftingMenuMixin
[13Jul2026 19:42:08.444] [main/WARN] [Canary/]: Force-disabling mixin 'entity.collisions.suffocation.EntityMixin' as rule 'mixin.entity.collisions.suffocation' (added by user configuration) disables it and children
[13Jul2026 19:42:08.592] [main/INFO] [com.cupboard.Cupboard/]: Loaded config for: recipeessentials.json
[13Jul2026 19:42:08.681] [main/INFO] [com.cupboard.Cupboard/]: Loaded config for: structureessentials.json
[13Jul2026 19:42:08.813] [main/WARN] [mixin/]: Error loading class: shadows/apotheosis/ench/table/ApothEnchantContainer (java.lang.ClassNotFoundException: shadows.apotheosis.ench.table.ApothEnchantContainer)
[13Jul2026 19:42:08.813] [main/WARN] [mixin/]: @Mixin target shadows.apotheosis.ench.table.ApothEnchantContainer was not found origins_classes.mixins.json:common.apotheosis.ApotheosisEnchantmentMenuMixin
[13Jul2026 19:42:08.818] [main/WARN] [mixin/]: Error loading class: se/mickelus/tetra/blocks/workbench/WorkbenchTile (java.lang.ClassNotFoundException: se.mickelus.tetra.blocks.workbench.WorkbenchTile)
[13Jul2026 19:42:08.818] [main/WARN] [mixin/]: @Mixin target se.mickelus.tetra.blocks.workbench.WorkbenchTile was not found origins_classes.mixins.json:common.tetra.WorkbenchTileMixin
[13Jul2026 19:42:08.998] [main/WARN] [mixin/]: Error loading class: fuzs/easymagic/world/inventory/ModEnchantmentMenu (java.lang.ClassNotFoundException: fuzs.easymagic.world.inventory.ModEnchantmentMenu)
[13Jul2026 19:42:08.998] [main/WARN] [mixin/]: @Mixin target fuzs.easymagic.world.inventory.ModEnchantmentMenu was not found skilltree.mixins.json:easymagic/ModEnchantmentMenuMixin
[13Jul2026 19:42:09.065] [main/WARN] [mixin/]: Error loading class: net/darkhax/darkutils/features/charms/CharmEffects (java.lang.ClassNotFoundException: net.darkhax.darkutils.features.charms.CharmEffects)
[13Jul2026 19:42:09.067] [main/WARN] [mixin/]: Error loading class: com/brandon3055/csg/ModEventHandler (java.lang.ClassNotFoundException: com.brandon3055.csg.ModEventHandler)
[13Jul2026 19:42:09.071] [main/WARN] [mixin/]: Error loading class: vazkii/quark/content/tweaks/module/AutomaticRecipeUnlockModule (java.lang.ClassNotFoundException: vazkii.quark.content.tweaks.module.AutomaticRecipeUnlockModule)
[13Jul2026 19:42:09.075] [main/INFO] [memoryleakfix/]: [MemoryLeakFix] Will be applying 2 memory leak fixes!
[13Jul2026 19:42:09.076] [main/INFO] [memoryleakfix/]: [MemoryLeakFix] Currently enabled memory leak fixes: [entityMemoriesLeak, biomeTemperatureLeak]
[13Jul2026 19:42:09.425] [main/INFO] [MixinExtras|Service/]: Initializing MixinExtras via com.llamalad7.mixinextras.service.MixinExtrasServiceImpl(version=0.3.6).
[13Jul2026 19:42:09.426] [main/WARN] [MixinExtras|Service/]: Found problematic active MixinExtras instance at ca.fxco.memoryleakfix.mixinextras (version 0.2.0-beta.6)
[13Jul2026 19:42:09.427] [main/WARN] [MixinExtras|Service/]: Versions from 0.2.0-beta.1 to 0.2.0-beta.9 have limited support and it is strongly recommended to update.
[13Jul2026 19:42:09.971] [main/INFO] [Smooth Boot (Reloaded)/]: Smooth Boot (Reloaded) config initialized
[13Jul2026 19:42:09.974] [main/INFO] [com.teampotato.redirector.Redirector/]: Redirecting net/minecraft/util/datafix/DataFixerOptimizationOption
[13Jul2026 19:42:10.004] [main/INFO] [com.teampotato.redirector.Redirector/]: Redirecting net/minecraft/util/Unit
[13Jul2026 19:42:10.063] [main/INFO] [com.teampotato.redirector.Redirector/]: Redirecting net/minecraft/ChatFormatting
[13Jul2026 19:42:10.076] [main/WARN] [mixin/]: Static binding violation: PRIVATE @Overwrite method m_216202_ in modernfix-forge.mixins.json:perf.tag_id_caching.TagOrElementLocationMixin cannot reduce visibiliy of PUBLIC target method, visibility will be upgraded.
[13Jul2026 19:42:10.332] [main/INFO] [net.minecraft.server.Bootstrap/]: ModernFix reached bootstrap stage (18.48 s after launch)
[13Jul2026 19:42:10.434] [main/INFO] [com.teampotato.redirector.Redirector/]: Redirecting net/minecraft/Util$IdentityStrategy
[13Jul2026 19:42:10.446] [main/INFO] [com.teampotato.redirector.Redirector/]: Redirecting net/minecraft/core/Holder$Reference$Type
[13Jul2026 19:42:10.505] [main/WARN] [mixin/]: @Final field delegatesByName:Ljava/util/Map; in modernfix-forge.mixins.json:perf.forge_registry_alloc.ForgeRegistryMixin should be final
[13Jul2026 19:42:10.506] [main/WARN] [mixin/]: @Final field delegatesByValue:Ljava/util/Map; in modernfix-forge.mixins.json:perf.forge_registry_alloc.ForgeRegistryMixin should be final
[13Jul2026 19:42:11.771] [main/INFO] [mixin/]: Mixing MixinPlayer from enigmaticlegacy.mixins.json into net.minecraft.world.entity.player.Player
[13Jul2026 19:42:12.154] [main/INFO] [mixin/]: Mixing MixinLivingEntity from enigmaticlegacy.mixins.json into net.minecraft.world.entity.LivingEntity
[13Jul2026 19:42:12.223] [main/WARN] [mixin/]: @Final field f_20945_:Ljava/util/Map; in vinery-common.mixins.json:LivingEntityMixin should be final
[13Jul2026 19:42:12.465] [main/INFO] [ModernFix/]: Injecting BlockStateBase cache population hook into getOpacityIfCached from ca.spottedleaf.starlight.mixin.common.blockstate.BlockStateBaseMixin
[13Jul2026 19:42:12.466] [main/INFO] [ModernFix/]: Injecting BlockStateBase cache population hook into getNeighborPathNodeType from com.abdelaziz.canary.mixin.ai.pathing.BlockStateBaseMixin
[13Jul2026 19:42:12.466] [main/INFO] [ModernFix/]: Injecting BlockStateBase cache population hook into getPathNodeType from com.abdelaziz.canary.mixin.ai.pathing.BlockStateBaseMixin
[13Jul2026 19:42:12.466] [main/INFO] [ModernFix/]: Injecting BlockStateBase cache population hook into m_60823_ from com.abdelaziz.canary.mixin.block.flatten_states.BlockStateBaseMixin
[13Jul2026 19:42:12.466] [main/INFO] [ModernFix/]: Injecting BlockStateBase cache population hook into isConditionallyFullOpaque from ca.spottedleaf.starlight.mixin.common.blockstate.BlockStateBaseMixin
[13Jul2026 19:42:12.746] [main/INFO] [mixin/]: Mixing MixinMobEffect from enigmaticlegacy.mixins.json into net.minecraft.world.effect.MobEffect
[13Jul2026 19:42:13.369] [main/INFO] [com.teampotato.redirector.Redirector/]: Redirecting net/minecraft/core/Direction
[13Jul2026 19:42:13.373] [main/INFO] [com.teampotato.redirector.Redirector/]: Redirecting net/minecraft/core/Direction$AxisDirection
[13Jul2026 19:42:13.374] [main/INFO] [com.teampotato.redirector.Redirector/]: Redirecting net/minecraft/core/Direction$Axis
[13Jul2026 19:42:13.467] [main/INFO] [com.teampotato.redirector.Redirector/]: Redirecting net/minecraft/world/level/material/PushReaction
[13Jul2026 19:42:13.533] [main/INFO] [com.teampotato.redirector.Redirector/]: Redirecting net/minecraft/world/level/block/state/BlockBehaviour$OffsetType
[13Jul2026 19:42:13.586] [main/INFO] [com.teampotato.redirector.Redirector/]: Redirecting net/minecraft/core/Direction$Plane
[13Jul2026 19:42:13.588] [main/INFO] [com.teampotato.redirector.Redirector/]: Redirecting net/minecraft/core/FrontAndTop
[13Jul2026 19:42:13.595] [main/INFO] [com.teampotato.redirector.Redirector/]: Redirecting net/minecraft/world/level/block/state/properties/AttachFace
[13Jul2026 19:42:13.596] [main/INFO] [com.teampotato.redirector.Redirector/]: Redirecting net/minecraft/world/level/block/state/properties/BellAttachType
[13Jul2026 19:42:13.598] [main/INFO] [com.teampotato.redirector.Redirector/]: Redirecting net/minecraft/world/level/block/state/properties/WallSide
[13Jul2026 19:42:13.599] [main/INFO] [com.teampotato.redirector.Redirector/]: Redirecting net/minecraft/world/level/block/state/properties/RedstoneSide
[13Jul2026 19:42:13.600] [main/INFO] [com.teampotato.redirector.Redirector/]: Redirecting net/minecraft/world/level/block/state/properties/DoubleBlockHalf
[13Jul2026 19:42:13.601] [main/INFO] [com.teampotato.redirector.Redirector/]: Redirecting net/minecraft/world/level/block/state/properties/Half
[13Jul2026 19:42:13.602] [main/INFO] [com.teampotato.redirector.Redirector/]: Redirecting net/minecraft/world/level/block/state/properties/RailShape
[13Jul2026 19:42:13.604] [main/INFO] [com.teampotato.redirector.Redirector/]: Redirecting net/minecraft/world/level/block/state/properties/BedPart
[13Jul2026 19:42:13.605] [main/INFO] [com.teampotato.redirector.Redirector/]: Redirecting net/minecraft/world/level/block/state/properties/ChestType
[13Jul2026 19:42:13.606] [main/INFO] [com.teampotato.redirector.Redirector/]: Redirecting net/minecraft/world/level/block/state/properties/ComparatorMode
[13Jul2026 19:42:13.607] [main/INFO] [com.teampotato.redirector.Redirector/]: Redirecting net/minecraft/world/level/block/state/properties/DoorHingeSide
[13Jul2026 19:42:13.608] [main/INFO] [com.teampotato.redirector.Redirector/]: Redirecting net/minecraft/world/level/block/state/properties/NoteBlockInstrument
[13Jul2026 19:42:13.610] [main/INFO] [com.teampotato.redirector.Redirector/]: Redirecting net/minecraft/world/level/block/state/properties/PistonType
[13Jul2026 19:42:13.611] [main/INFO] [com.teampotato.redirector.Redirector/]: Redirecting net/minecraft/world/level/block/state/properties/SlabType
[13Jul2026 19:42:13.612] [main/INFO] [com.teampotato.redirector.Redirector/]: Redirecting net/minecraft/world/level/block/state/properties/StairsShape
[13Jul2026 19:42:13.613] [main/INFO] [com.teampotato.redirector.Redirector/]: Redirecting net/minecraft/world/level/block/state/properties/StructureMode
[13Jul2026 19:42:13.614] [main/INFO] [com.teampotato.redirector.Redirector/]: Redirecting net/minecraft/world/level/block/state/properties/BambooLeaves
[13Jul2026 19:42:13.614] [main/INFO] [com.teampotato.redirector.Redirector/]: Redirecting net/minecraft/world/level/block/state/properties/Tilt
[13Jul2026 19:42:13.615] [main/INFO] [com.teampotato.redirector.Redirector/]: Redirecting net/minecraft/world/level/block/state/properties/DripstoneThickness
[13Jul2026 19:42:13.616] [main/INFO] [com.teampotato.redirector.Redirector/]: Redirecting net/minecraft/world/level/block/state/properties/SculkSensorPhase
[13Jul2026 19:42:13.699] [main/INFO] [net.minecraft.server.Bootstrap/]: Vanilla bootstrap took 3363 milliseconds
[13Jul2026 19:42:13.766] [main/INFO] [com.teampotato.redirector.Redirector/]: Redirecting net/minecraftforge/network/NetworkDirection
[13Jul2026 19:42:13.897] [main/INFO] [com.teampotato.redirector.Redirector/]: Redirecting net/minecraft/world/item/DyeColor
[13Jul2026 19:42:14.095] [main/INFO] [com.teampotato.redirector.Redirector/]: Redirecting net/minecraft/core/AxisCycle
[13Jul2026 19:42:14.155] [main/INFO] [com.teampotato.redirector.Redirector/]: Redirecting net/minecraft/world/effect/MobEffectCategory
[13Jul2026 19:42:14.159] [main/INFO] [com.teampotato.redirector.Redirector/]: Redirecting net/minecraft/world/entity/ai/attributes/AttributeModifier$Operation
[13Jul2026 19:42:14.352] [main/INFO] [com.teampotato.redirector.Redirector/]: Redirecting net/minecraft/world/level/block/PressurePlateBlock$Sensitivity
[13Jul2026 19:42:14.403] [main/WARN] [mixin/]: Method overwrite conflict for getMobSpawnType in takesapillage.mixins.json:MobRememberSpawnReasonMixin, previously written by com.majruszlibrary.mixin.MixinMob. Skipping method.
[13Jul2026 19:42:14.474] [main/INFO] [com.teampotato.redirector.Redirector/]: Redirecting net/minecraft/world/level/block/MultifaceSpreader$SpreadType
[13Jul2026 19:42:14.500] [main/INFO] [mixin/]: Mixing MixinEnchantmentContainer from enigmaticlegacy.mixins.json into net.minecraft.world.inventory.EnchantmentMenu
[13Jul2026 19:42:14.501] [main/INFO] [mixin/]: Renaming synthetic method lambda$onEnchantedItem$0(Lnet/minecraft/world/item/ItemStack;Lnet/minecraft/world/inventory/EnchantmentMenu;ILnet/minecraft/world/entity/player/Player;ILnet/minecraft/world/level/Level;Lnet/minecraft/core/BlockPos;)V to md95fb1a$lambda$onEnchantedItem$0$0 in enigmaticlegacy.mixins.json:MixinEnchantmentContainer
[13Jul2026 19:42:14.532] [main/INFO] [net.minecraftforge.coremod.CoreMod.apotheosis/COREMODLOG]: Replaced 2 calls to Enchantment#getMaxLevel() in net/minecraft/world/item/EnchantedBookItem
[13Jul2026 19:42:14.575] [main/INFO] [com.teampotato.redirector.Redirector/]: Redirecting net/minecraft/world/InteractionHand
[13Jul2026 19:42:14.600] [main/INFO] [mixin/]: Mixing MixinItemStack from enigmaticlegacy.mixins.json into net.minecraft.world.item.ItemStack
[13Jul2026 19:42:14.629] [main/INFO] [net.minecraftforge.coremod.CoreMod.placebo/COREMODLOG]: Patching IForgeItemStack#getEnchantmentLevel
[13Jul2026 19:42:14.629] [main/INFO] [net.minecraftforge.coremod.CoreMod.placebo/COREMODLOG]: Patching IForgeItemStack#getEnchantmentLevel
[13Jul2026 19:42:14.635] [main/INFO] [com.teampotato.redirector.Redirector/]: Redirecting net/minecraft/world/InteractionResult
[13Jul2026 19:42:14.637] [main/INFO] [com.teampotato.redirector.Redirector/]: Redirecting net/minecraft/world/level/biome/Biome$Precipitation
[13Jul2026 19:42:14.683] [main/INFO] [com.teampotato.redirector.Redirector/]: Redirecting net/minecraft/world/level/block/SkullBlock$Types
[13Jul2026 19:42:14.721] [main/INFO] [net.minecraftforge.coremod.CoreMod.apotheosis/COREMODLOG]: Replaced 2 calls to Enchantment#getMaxLevel() in net/minecraft/world/inventory/AnvilMenu
[13Jul2026 19:42:15.057] [main/INFO] [com.teampotato.redirector.Redirector/]: Redirecting net/minecraft/world/level/block/WeatheringCopper$WeatherState
[13Jul2026 19:42:15.116] [main/INFO] [com.teampotato.redirector.Redirector/]: Redirecting net/minecraft/core/Holder$Kind
[13Jul2026 19:42:15.266] [main/INFO] [com.teampotato.redirector.Redirector/]: Redirecting net/minecraft/world/level/levelgen/Heightmap$Types
[13Jul2026 19:42:15.267] [main/INFO] [com.teampotato.redirector.Redirector/]: Redirecting net/minecraft/world/level/levelgen/Heightmap$Usage
[13Jul2026 19:42:15.321] [main/INFO] [com.teampotato.redirector.Redirector/]: Redirecting net/minecraft/world/level/levelgen/placement/CaveSurface
[13Jul2026 19:42:15.376] [main/INFO] [com.teampotato.redirector.Redirector/]: Redirecting net/minecraft/world/entity/MobCategory
[13Jul2026 19:42:15.420] [main/INFO] [mixin/]: Mixing AccessorAbstractArrowEntity from enigmaticlegacy.mixins.json into net.minecraft.world.entity.projectile.AbstractArrow
[13Jul2026 19:42:15.869] [main/INFO] [com.teampotato.redirector.Redirector/]: Redirecting net/minecraft/world/entity/ai/goal/Goal$Flag
[13Jul2026 19:42:15.881] [main/INFO] [mixin/]: Mixing MixinEnderDragon from enigmaticlegacy.mixins.json into net.minecraft.world.entity.boss.enderdragon.EnderDragon
[13Jul2026 19:42:15.882] [main/INFO] [mixin/]: Renaming synthetic method lambda$onTickDeath$0(Lnet/minecraft/server/level/ServerPlayer;)V to md95fb1a$lambda$onTickDeath$0$0 in enigmaticlegacy.mixins.json:MixinEnderDragon
[13Jul2026 19:42:16.238] [main/INFO] [mixin/]: Mixing MixinShulker from enigmaticlegacy.mixins.json into net.minecraft.world.entity.monster.Shulker
[13Jul2026 19:42:16.308] [main/INFO] [com.teampotato.redirector.Redirector/]: Redirecting net/minecraft/world/entity/Pose
[13Jul2026 19:42:16.333] [main/INFO] [com.teampotato.redirector.Redirector/]: Redirecting net/minecraft/world/entity/EquipmentSlot
[13Jul2026 19:42:16.333] [main/INFO] [com.teampotato.redirector.Redirector/]: Redirecting net/minecraft/world/entity/EquipmentSlot$Type
[13Jul2026 19:42:16.449] [main/INFO] [mixin/]: Mixing MixinVillagerEntity from enigmaticlegacy.mixins.json into net.minecraft.world.entity.npc.Villager
[13Jul2026 19:42:16.450] [main/INFO] [mixin/]: Mixing MixinVillager from enigmaticlegacy.mixins.json into net.minecraft.world.entity.npc.Villager
[13Jul2026 19:42:16.522] [main/INFO] [net.minecraftforge.coremod.CoreMod.apotheosis/COREMODLOG]: Patching FishingHook#catchingFish
[13Jul2026 19:42:16.733] [main/INFO] [com.teampotato.redirector.Redirector/]: Redirecting net/minecraft/world/level/levelgen/GenerationStep$Carving
[13Jul2026 19:42:16.758] [main/INFO] [com.teampotato.redirector.Redirector/]: Redirecting net/minecraft/world/level/levelgen/structure/StructureSpawnOverride$BoundingBoxType
[13Jul2026 19:42:16.766] [main/INFO] [com.teampotato.redirector.Redirector/]: Redirecting net/minecraft/world/level/levelgen/GenerationStep$Decoration
[13Jul2026 19:42:16.767] [main/INFO] [com.teampotato.redirector.Redirector/]: Redirecting net/minecraft/world/level/levelgen/structure/TerrainAdjustment
[13Jul2026 19:42:16.783] [main/INFO] [com.teampotato.redirector.Redirector/]: Redirecting net/minecraft/world/level/levelgen/structure/pools/StructureTemplatePool$Projection
[13Jul2026 19:42:16.810] [main/INFO] [com.teampotato.redirector.Redirector/]: Redirecting net/minecraft/world/level/levelgen/structure/structures/MineshaftStructure$Type
[13Jul2026 19:42:16.840] [main/INFO] [com.teampotato.redirector.Redirector/]: Redirecting net/minecraft/world/level/levelgen/structure/structures/OceanRuinStructure$Type
[13Jul2026 19:42:16.855] [main/INFO] [com.teampotato.redirector.Redirector/]: Redirecting net/minecraft/world/level/block/entity/JigsawBlockEntity$JointType
[13Jul2026 19:42:16.871] [main/INFO] [com.teampotato.redirector.Redirector/]: Redirecting net/minecraft/world/level/levelgen/structure/structures/RuinedPortalPiece$VerticalPlacement
[13Jul2026 19:42:16.878] [main/INFO] [com.teampotato.redirector.Redirector/]: Redirecting net/minecraft/world/level/levelgen/structure/placement/StructurePlacement$FrequencyReductionMethod
[13Jul2026 19:42:16.882] [main/INFO] [com.teampotato.redirector.Redirector/]: Redirecting net/minecraft/world/level/levelgen/structure/placement/RandomSpreadType
[13Jul2026 19:42:16.903] [main/WARN] [mixin/]: Static binding violation: PRIVATE @Overwrite method m_47505_ in modernfix-common.mixins.json:perf.remove_biome_temperature_cache.BiomeMixin cannot reduce visibiliy of PUBLIC target method, visibility will be upgraded.
[13Jul2026 19:42:16.913] [main/INFO] [com.teampotato.redirector.Redirector/]: Redirecting net/minecraft/world/level/biome/Biome$TemperatureModifier
[13Jul2026 19:42:16.916] [main/INFO] [com.teampotato.redirector.Redirector/]: Redirecting net/minecraft/world/level/biome/BiomeSpecialEffects$GrassColorModifier
[13Jul2026 19:42:16.972] [main/INFO] [com.teampotato.redirector.Redirector/]: Redirecting net/minecraft/world/level/levelgen/DensityFunctions$Marker$Type
[13Jul2026 19:42:16.989] [main/INFO] [com.teampotato.redirector.Redirector/]: Redirecting net/minecraft/world/level/levelgen/DensityFunctions$Mapped$Type
[13Jul2026 19:42:16.991] [main/INFO] [com.teampotato.redirector.Redirector/]: Redirecting net/minecraft/world/level/levelgen/DensityFunctions$MulOrAdd$Type
[13Jul2026 19:42:16.991] [main/INFO] [com.teampotato.redirector.Redirector/]: Redirecting net/minecraft/world/level/levelgen/DensityFunctions$TwoArgumentSimpleFunction$Type
[13Jul2026 19:42:17.017] [main/INFO] [com.teampotato.redirector.Redirector/]: Redirecting net/minecraft/world/level/levelgen/DensityFunctions$BlendOffset
[13Jul2026 19:42:17.018] [main/INFO] [com.teampotato.redirector.Redirector/]: Redirecting net/minecraft/world/level/levelgen/DensityFunctions$BlendAlpha
[13Jul2026 19:42:17.025] [main/INFO] [com.teampotato.redirector.Redirector/]: Redirecting net/minecraft/world/level/levelgen/DensityFunctions$WeirdScaledSampler$RarityValueMapper
[13Jul2026 19:42:17.044] [main/INFO] [com.teampotato.redirector.Redirector/]: Redirecting net/minecraft/world/level/levelgen/OreVeinifier$VeinType
[13Jul2026 19:42:17.051] [main/INFO] [com.teampotato.redirector.Redirector/]: Redirecting net/minecraft/world/level/levelgen/SurfaceRules$Hole
[13Jul2026 19:42:17.053] [main/INFO] [com.teampotato.redirector.Redirector/]: Redirecting net/minecraft/world/level/levelgen/SurfaceRules$Steep
[13Jul2026 19:42:17.057] [main/INFO] [com.teampotato.redirector.Redirector/]: Redirecting net/minecraft/world/level/levelgen/SurfaceRules$Bandlands
[13Jul2026 19:42:17.058] [main/INFO] [com.teampotato.redirector.Redirector/]: Redirecting net/minecraft/world/level/levelgen/SurfaceRules$Temperature
[13Jul2026 19:42:17.060] [main/INFO] [com.teampotato.redirector.Redirector/]: Redirecting net/minecraft/world/level/levelgen/SurfaceRules$AbovePreliminarySurface
[13Jul2026 19:42:17.407] [main/INFO] [mixin/]: Mixing MixinEnderEyeItem from enigmaticlegacy.mixins.json into net.minecraft.world.item.EnderEyeItem
[13Jul2026 19:42:17.429] [main/INFO] [net.minecraftforge.coremod.CoreMod.apotheosis/COREMODLOG]: Replaced 2 calls to Enchantment#getMaxLevel() in net/minecraft/world/item/EnchantedBookItem
[13Jul2026 19:42:17.449] [main/INFO] [mixin/]: Mixing MixinCrossbowItem from enigmaticlegacy.mixins.json into net.minecraft.world.item.CrossbowItem
[13Jul2026 19:42:17.460] [main/INFO] [com.teampotato.redirector.Redirector/]: Redirecting net/minecraft/world/item/Rarity
[13Jul2026 19:42:17.468] [main/INFO] [com.teampotato.redirector.Redirector/]: Redirecting net/minecraft/world/item/enchantment/EnchantmentCategory
[13Jul2026 19:42:17.489] [main/INFO] [com.teampotato.redirector.Redirector/]: Redirecting net/minecraft/world/entity/vehicle/AbstractMinecart$Type
[13Jul2026 19:42:17.494] [main/INFO] [com.teampotato.redirector.Redirector/]: Redirecting net/minecraft/world/entity/vehicle/Boat$Type
[13Jul2026 19:42:17.495] [main/INFO] [com.teampotato.redirector.Redirector/]: Redirecting net/minecraft/world/item/ArmorMaterials
[13Jul2026 19:42:17.510] [main/INFO] [com.teampotato.redirector.Redirector/]: Redirecting net/minecraft/world/item/Tiers
[13Jul2026 19:42:17.536] [main/INFO] [com.teampotato.redirector.Redirector/]: Redirecting net/minecraft/network/chat/ChatTypeDecoration$Parameter
[13Jul2026 19:42:17.555] [main/INFO] [com.teampotato.redirector.Redirector/]: Redirecting net/minecraft/world/item/enchantment/Enchantment$Rarity
[13Jul2026 19:42:17.555] [main/INFO] [com.teampotato.redirector.Redirector/]: Redirecting net/minecraft/world/item/enchantment/ProtectionEnchantment$Type
[13Jul2026 19:42:17.583] [main/INFO] [com.teampotato.redirector.Redirector/]: Redirecting net/minecraft/world/scores/criteria/ObjectiveCriteria$RenderType
[13Jul2026 19:42:17.614] [main/INFO] [com.teampotato.redirector.Redirector/]: Redirecting net/minecraft/world/level/chunk/ChunkStatus$ChunkType
[13Jul2026 19:42:17.810] [main/INFO] [net.minecraftforge.coremod.CoreMod.apotheosis/COREMODLOG]: Replaced 1 calls to Enchantment#getMaxLevel() in net/minecraft/world/level/storage/loot/functions/EnchantRandomlyFunction
[13Jul2026 19:42:17.810] [main/INFO] [net.minecraftforge.coremod.CoreMod.apotheosis/COREMODLOG]: Replaced 1 calls to Enchantment#isDiscoverable() in net/minecraft/world/level/storage/loot/functions/EnchantRandomlyFunction
[13Jul2026 19:42:17.971] [main/INFO] [com.teampotato.redirector.Redirector/]: Redirecting net/minecraft/world/level/levelgen/DensityFunctions$BeardifierMarker
[13Jul2026 19:42:18.058] [main/INFO] [com.teampotato.redirector.Redirector/]: Redirecting net/combatroll/Platform$Type
[13Jul2026 19:42:18.063] [main/INFO] [com.teampotato.redirector.Redirector/]: Redirecting net/combatroll/enchantments/AmplifierEnchantment$Operation
[13Jul2026 19:42:18.307] [modloading-worker-0/INFO] [com.teampotato.redirector.Redirector/]: Redirecting dev/architectury/networking/NetworkManager$Side
[13Jul2026 19:42:18.309] [modloading-worker-0/INFO] [com.teampotato.redirector.Redirector/]: Redirecting dev/architectury/utils/Env
[13Jul2026 19:42:18.325] [modloading-worker-0/INFO] [dev.limonblaze.oriacs.common.Oriacs/]: Origins: Accessibilities 1.1.0 has initialized. Ready to make your Origins life easier!
[13Jul2026 19:42:18.328] [modloading-worker-0/INFO] [com.teampotato.redirector.Redirector/]: Redirecting net/minecraft/commands/Commands$CommandSelection
[13Jul2026 19:42:18.328] [modloading-worker-0/INFO] [com.teampotato.redirector.Redirector/]: Redirecting net/minecraftforge/event/TickEvent$Phase
[13Jul2026 19:42:18.330] [modloading-worker-0/INFO] [com.teampotato.redirector.Redirector/]: Redirecting net/minecraftforge/event/TickEvent$Type
[13Jul2026 19:42:18.346] [modloading-worker-0/INFO] [com.teampotato.redirector.Redirector/]: Redirecting com/majruszlibrary/events/base/Priority
[13Jul2026 19:42:18.351] [modloading-worker-0/INFO] [com.teampotato.redirector.Redirector/]: Redirecting net/minecraft/world/item/UseAnim
[13Jul2026 19:42:18.351] [modloading-worker-0/INFO] [com.teampotato.redirector.Redirector/]: Redirecting net/minecraft/world/inventory/ClickAction
[13Jul2026 19:42:18.352] [modloading-worker-0/INFO] [com.teampotato.redirector.Redirector/]: Redirecting net/minecraft/world/level/ClipContext$Fluid
[13Jul2026 19:42:18.362] [modloading-worker-0/INFO] [mixin/]: Mixing MixinEnterBlockTrigger from enigmaticlegacy.mixins.json into net.minecraft.advancements.critereon.EnterBlockTrigger
[13Jul2026 19:42:18.365] [modloading-worker-0/INFO] [com.teampotato.redirector.Redirector/]: Redirecting net/minecraft/world/entity/MobSpawnType
[13Jul2026 19:42:18.367] [modloading-worker-0/INFO] [mixin/]: Mixing MixinInventoryChangeTrigger from enigmaticlegacy.mixins.json into net.minecraft.advancements.critereon.InventoryChangeTrigger
[13Jul2026 19:42:18.371] [modloading-worker-0/INFO] [com.teampotato.redirector.Redirector/]: Redirecting net/minecraft/world/level/storage/loot/LootContext$EntityTarget
[13Jul2026 19:42:18.382] [modloading-worker-0/INFO] [mixin/]: Mixing MixinSummonedEntityTrigger from enigmaticlegacy.mixins.json into net.minecraft.advancements.critereon.SummonedEntityTrigger
[13Jul2026 19:42:18.416] [modloading-worker-0/INFO] [mixin/]: Mixing MixinPlayerList from enigmaticlegacy.mixins.json into net.minecraft.server.players.PlayerList
[13Jul2026 19:42:18.615] [modloading-worker-0/INFO] [com.teampotato.redirector.Redirector/]: Redirecting net/minecraft/sounds/SoundSource
[13Jul2026 19:42:18.679] [modloading-worker-0/INFO] [com.teampotato.redirector.Redirector/]: Redirecting net/minecraft/world/level/material/FogType
[13Jul2026 19:42:18.686] [modloading-worker-0/INFO] [com.teampotato.redirector.Redirector/]: Redirecting net/minecraft/world/level/ClipContext$Block
[13Jul2026 19:42:18.691] [modloading-worker-0/INFO] [com.teampotato.redirector.Redirector/]: Redirecting net/minecraft/world/level/Explosion$BlockInteraction
[13Jul2026 19:42:18.754] [modloading-worker-0/INFO] [com.teampotato.redirector.Redirector/]: Redirecting net/minecraft/world/item/ItemStack$TooltipPart
[13Jul2026 19:42:18.773] [modloading-worker-0/INFO] [MaxHealthFix/]: Loaded maxhealthfix for Forge.
[13Jul2026 19:42:18.832] [modloading-worker-0/INFO] [com.teampotato.redirector.Redirector/]: Redirecting shadows/placebo/config/Property$Type
[13Jul2026 19:42:18.870] [modloading-worker-0/INFO] [com.teampotato.redirector.Redirector/]: Redirecting io/github/apace100/apoli/util/Space
[13Jul2026 19:42:18.878] [modloading-worker-0/INFO] [com.teampotato.redirector.Redirector/]: Redirecting io/github/apace100/apoli/util/ResourceOperation
[13Jul2026 19:42:18.892] [modloading-worker-0/INFO] [com.teampotato.redirector.Redirector/]: Redirecting io/github/apace100/apoli/util/Comparison
[13Jul2026 19:42:18.953] [modloading-worker-0/INFO] [com.teampotato.redirector.Redirector/]: Redirecting com/majruszsdifficulty/items/CustomArmorMaterial
[13Jul2026 19:42:18.955] [modloading-worker-0/INFO] [com.teampotato.redirector.Redirector/]: Redirecting com/majruszsdifficulty/items/CustomItemTier
[13Jul2026 19:42:18.985] [modloading-worker-0/INFO] [io.github.apace100.apoli.Apoli/]: Apoli 1.19.2-2.6.1.7 has initialized. Ready to power up your game!
[13Jul2026 19:42:18.991] [modloading-worker-0/INFO] [com.teampotato.redirector.Redirector/]: Redirecting com/majruszsdifficulty/items/SoulJar$BonusType
[13Jul2026 19:42:19.074] [modloading-worker-0/INFO] [com.teampotato.redirector.Redirector/]: Redirecting net/minecraftforge/common/world/BiomeModifier$Phase
[13Jul2026 19:42:19.091] [modloading-worker-0/INFO] [com.teampotato.redirector.Redirector/]: Redirecting com/majruszsdifficulty/undeadarmy/UndeadArmy$Direction
[13Jul2026 19:42:19.096] [modloading-worker-0/INFO] [com.teampotato.redirector.Redirector/]: Redirecting com/majruszsdifficulty/undeadarmy/UndeadArmy$Phase$State
[13Jul2026 19:42:19.097] [modloading-worker-0/INFO] [com.teampotato.redirector.Redirector/]: Redirecting net/blay09/mods/balm/api/event/TickPhase
[13Jul2026 19:42:19.105] [modloading-worker-0/INFO] [com.teampotato.redirector.Redirector/]: Redirecting net/blay09/mods/balm/api/event/EventPriority
[13Jul2026 19:42:19.147] [modloading-worker-0/INFO] [com.teampotato.redirector.Redirector/]: Redirecting net/minecraftforge/common/capabilities/CapabilityManager
[13Jul2026 19:42:19.328] [modloading-worker-0/INFO] [com.teampotato.redirector.Redirector/]: Redirecting net/minecraft/world/entity/Entity$RemovalReason
[13Jul2026 19:42:19.329] [modloading-worker-0/INFO] [com.teampotato.redirector.Redirector/]: Redirecting net/minecraft/world/entity/MoverType
[13Jul2026 19:42:19.329] [modloading-worker-0/INFO] [com.teampotato.redirector.Redirector/]: Redirecting net/minecraft/world/entity/Entity$MovementEmission
[13Jul2026 19:42:19.366] [modloading-worker-0/INFO] [com.teampotato.redirector.Redirector/]: Redirecting net/minecraft/world/level/block/Rotation
[13Jul2026 19:42:19.367] [modloading-worker-0/INFO] [com.teampotato.redirector.Redirector/]: Redirecting net/minecraft/world/level/block/Mirror
[13Jul2026 19:42:19.369] [modloading-worker-0/INFO] [com.teampotato.redirector.Redirector/]: Redirecting net/minecraft/commands/arguments/EntityAnchorArgument$Anchor
[13Jul2026 19:42:19.519] [modloading-worker-0/INFO] [com.teampotato.redirector.Redirector/]: Redirecting com/legacy/dungeons_plus/structures/reanimated_ruins/ReanimatedRuinsType
[13Jul2026 19:42:19.589] [modloading-worker-0/INFO] [ironfurnaces.IronFurnaces/]: Initializing Update Checker...
[13Jul2026 19:42:19.591] [ Iron Furnaces Update Checker/INFO] [ironfurnaces.IronFurnaces/]: Starting Update Check...
[13Jul2026 19:42:19.615] [modloading-worker-0/INFO] [com.teampotato.redirector.Redirector/]: Redirecting top/theillusivec4/curios/client/CuriosClientConfig$Client$ButtonCorner
[13Jul2026 19:42:19.623] [modloading-worker-0/INFO] [io.github.apace100.origins.Origins/]: Origins 1.19.2-1.7.1.7 is initializing. Have fun!
[13Jul2026 19:42:19.920] [modloading-worker-0/INFO] [com.teampotato.redirector.Redirector/]: Redirecting net/minecraft/world/entity/HumanoidArm
[13Jul2026 19:42:19.968] [ Iron Furnaces Update Checker/INFO] [ironfurnaces.IronFurnaces/]: Update Check done!
[13Jul2026 19:42:19.969] [ Iron Furnaces Update Checker/INFO] [ironfurnaces.IronFurnaces/]: Iron Furnaces is up to date!
[13Jul2026 19:42:19.984] [modloading-worker-0/INFO] [com.teampotato.redirector.Redirector/]: Redirecting ovh/corail/tombstone/api/cooldown/CooldownType
[13Jul2026 19:42:20.016] [modloading-worker-0/INFO] [com.teampotato.redirector.Redirector/]: Redirecting ovh/corail/tombstone/config/ConfigTombstone$Client$FogDensity
[13Jul2026 19:42:20.015] [modloading-worker-0/INFO] [com.aetherteam.cumulus.Cumulus/]: Disabling Cumulus as it is on server.
[13Jul2026 19:42:20.019] [modloading-worker-0/INFO] [com.teampotato.redirector.Redirector/]: Redirecting net/minecraft/world/level/GameRules$Category
[13Jul2026 19:42:20.019] [modloading-worker-0/INFO] [com.teampotato.redirector.Redirector/]: Redirecting ovh/corail/tombstone/block/GraveModel
[13Jul2026 19:42:20.021] [modloading-worker-0/INFO] [com.teampotato.redirector.Redirector/]: Redirecting ovh/corail/tombstone/block/BlockGraveMarble$MarbleType
[13Jul2026 19:42:20.023] [modloading-worker-0/INFO] [com.teampotato.redirector.Redirector/]: Redirecting ovh/corail/tombstone/config/ConfigTombstone$Client$GraveSkinRule
[13Jul2026 19:42:20.024] [modloading-worker-0/INFO] [com.teampotato.redirector.Redirector/]: Redirecting ovh/corail/tombstone/config/ConfigTombstone$Client$AutoEquipRule
[13Jul2026 19:42:20.031] [modloading-worker-0/INFO] [com.teampotato.redirector.Redirector/]: Redirecting ovh/corail/tombstone/config/ConfigTombstone$Client$MarkerType
[13Jul2026 19:42:20.032] [modloading-worker-0/INFO] [com.teampotato.redirector.Redirector/]: Redirecting ovh/corail/tombstone/config/ConfigTombstone$Client$FontRule
[13Jul2026 19:42:20.069] [modloading-worker-0/INFO] [com.teampotato.redirector.Redirector/]: Redirecting ovh/corail/tombstone/config/ConfigTombstone$Enchantments$MagicSiphonOnPlayerRule
[13Jul2026 19:42:20.083] [modloading-worker-0/INFO] [com.teampotato.redirector.Redirector/]: Redirecting ovh/corail/tombstone/helper/TimeHelper$SpecialEvent
[13Jul2026 19:42:20.099] [modloading-worker-0/INFO] [com.teampotato.redirector.Redirector/]: Redirecting com/majruszlibrary/animations/AnimationsDef$Easing
[13Jul2026 19:42:20.174] [modloading-worker-0/INFO] [com.teampotato.redirector.Redirector/]: Redirecting ovh/corail/tombstone/helper/UpdaterHandler$PoolType
[13Jul2026 19:42:20.237] [modloading-worker-0/INFO] [com.teampotato.redirector.Redirector/]: Redirecting com/bobmowzie/mowziesmobs/server/creativetab/CreativeTabHandler
[13Jul2026 19:42:20.252] [modloading-worker-0/INFO] [com.teampotato.redirector.Redirector/]: Redirecting fuzs/puzzleslib/core/ContentRegistrationFlags
[13Jul2026 19:42:20.319] [modloading-worker-0/INFO] [com.teampotato.redirector.Redirector/]: Redirecting fuzs/puzzleslib/core/DistType
[13Jul2026 19:42:20.331] [modloading-worker-0/INFO] [Puzzles Lib/]: Constructing common components for mod mutantmonsters
[13Jul2026 19:42:20.354] [modloading-worker-0/INFO] [com.teampotato.redirector.Redirector/]: Redirecting virtuoel/pehkui/server/command/DebugCommand$PacketType
[13Jul2026 19:42:20.371] [modloading-worker-0/INFO] [com.teampotato.redirector.Redirector/]: Redirecting net/minecraft/server/packs/PackType
[13Jul2026 19:42:20.389] [modloading-worker-0/INFO] [com.teampotato.redirector.Redirector/]: Redirecting fuzs/puzzleslib/core/ModLoader
[13Jul2026 19:42:20.398] [modloading-worker-0/INFO] [com.teampotato.redirector.Redirector/]: Redirecting com/chaosthedude/naturescompass/client/OverlaySide
[13Jul2026 19:42:20.414] [modloading-worker-0/INFO] [net.minecraftforge.common.ForgeMod/FORGEMOD]: Forge mod loading, version 43.4.2, for MC 1.19.2 with MCP 20220805.130853
[13Jul2026 19:42:20.414] [modloading-worker-0/INFO] [net.minecraftforge.common.MinecraftForge/FORGE]: MinecraftForge v43.4.2 Initialized
[13Jul2026 19:42:20.429] [modloading-worker-0/INFO] [com.teampotato.redirector.Redirector/]: Redirecting com/progwml6/ironchest/common/item/IronChestsUpgradeType
[13Jul2026 19:42:20.430] [modloading-worker-0/INFO] [com.teampotato.redirector.Redirector/]: Redirecting com/progwml6/ironchest/common/block/IronChestsTypes
[13Jul2026 19:42:20.435] [modloading-worker-0/INFO] [com.teampotato.redirector.Redirector/]: Redirecting fuzs/puzzleslib/network/MessageDirection
[13Jul2026 19:42:20.443] [modloading-worker-0/INFO] [com.teampotato.redirector.Redirector/]: Redirecting fuzs/puzzleslib/api/biome/v1/BiomeLoadingPhase
[13Jul2026 19:42:20.485] [modloading-worker-0/INFO] [com.teampotato.redirector.Redirector/]: Redirecting com/blamejared/crafttweaker/api/util/HandleUtil$AccessType
[13Jul2026 19:42:20.497] [modloading-worker-0/INFO] [com.teampotato.redirector.Redirector/]: Redirecting com/blamejared/crafttweaker/api/ingredient/serializer/IngredientAnySerializer
[13Jul2026 19:42:20.499] [modloading-worker-0/INFO] [com.teampotato.redirector.Redirector/]: Redirecting com/blamejared/crafttweaker/api/ingredient/serializer/IngredientListSerializer
[13Jul2026 19:42:20.500] [modloading-worker-0/INFO] [com.teampotato.redirector.Redirector/]: Redirecting com/blamejared/crafttweaker/api/ingredient/serializer/IngredientTransformedSerializer
[13Jul2026 19:42:20.504] [modloading-worker-0/INFO] [com.teampotato.redirector.Redirector/]: Redirecting com/blamejared/crafttweaker/api/ingredient/serializer/IngredientConditionedSerializer
[13Jul2026 19:42:20.507] [modloading-worker-0/INFO] [com.teampotato.redirector.Redirector/]: Redirecting com/blamejared/crafttweaker/api/ingredient/serializer/IngredientPartialTagSerializer
[13Jul2026 19:42:20.514] [modloading-worker-0/INFO] [com.teampotato.redirector.Redirector/]: Redirecting net/bettercombat/logic/TargetHelper$Relation
[13Jul2026 19:42:20.554] [modloading-worker-0/INFO] [com.teampotato.redirector.Redirector/]: Redirecting net/bettercombat/Platform$Type
[13Jul2026 19:42:20.652] [modloading-worker-0/INFO] [xyz.apex.forge.commonality.Mods.CommonalityMod/]: Running Minecraft '1.19.2', & Forge '43.4.2' on Java '17.0.19, Ubuntu'
[13Jul2026 19:42:20.654] [modloading-worker-0/INFO] [com.teampotato.redirector.Redirector/]: Redirecting com/blamejared/crafttweaker/api/ingredient/type/IIngredientEmpty
[13Jul2026 19:42:20.656] [modloading-worker-0/INFO] [com.teampotato.redirector.Redirector/]: Redirecting xyz/apex/forge/commonality/trust/TrustState
[13Jul2026 19:42:20.658] [modloading-worker-0/INFO] [TrustedSourceList/]: Loading BlackListed sources from remote... (https://api.stopmodreposts.org/minecraft/sites.txt)
[13Jul2026 19:42:20.658] [modloading-worker-0/INFO] [com.teampotato.redirector.Redirector/]: Redirecting com/blamejared/crafttweaker/api/ingredient/type/IIngredientAny
[13Jul2026 19:42:20.680] [modloading-worker-0/INFO] [com.teampotato.redirector.Redirector/]: Redirecting net/minecraft/world/Difficulty
[13Jul2026 19:42:20.681] [modloading-worker-0/INFO] [com.teampotato.redirector.Redirector/]: Redirecting net/minecraft/network/chat/ClickEvent$Action
[13Jul2026 19:42:20.697] [modloading-worker-0/INFO] [com.teampotato.redirector.Redirector/]: Redirecting com/blamejared/crafttweaker/api/loot/LootManager
[13Jul2026 19:42:20.698] [modloading-worker-0/INFO] [com.teampotato.redirector.Redirector/]: Redirecting com/blamejared/crafttweaker/api/loot/table/LootTableManager
[13Jul2026 19:42:20.699] [modloading-worker-0/INFO] [com.teampotato.redirector.Redirector/]: Redirecting net/minecraft/world/level/saveddata/maps/MapDecoration$Type
[13Jul2026 19:42:20.700] [modloading-worker-0/INFO] [com.teampotato.redirector.Redirector/]: Redirecting com/blamejared/crafttweaker/api/loot/modifier/LootModifierManager
[13Jul2026 19:42:20.707] [modloading-worker-0/INFO] [com.teampotato.redirector.Redirector/]: Redirecting com/blamejared/crafttweaker/api/recipe/manager/FurnaceRecipeManager
[13Jul2026 19:42:20.709] [modloading-worker-0/INFO] [com.teampotato.redirector.Redirector/]: Redirecting com/blamejared/crafttweaker/api/recipe/manager/StoneCutterManager
[13Jul2026 19:42:20.710] [modloading-worker-0/INFO] [com.teampotato.redirector.Redirector/]: Redirecting com/blamejared/crafttweaker/api/recipe/manager/BlastFurnaceRecipeManager
[13Jul2026 19:42:20.711] [modloading-worker-0/INFO] [com.teampotato.redirector.Redirector/]: Redirecting com/blamejared/crafttweaker/api/recipe/manager/CraftingTableRecipeManager
[13Jul2026 19:42:20.712] [modloading-worker-0/INFO] [com.teampotato.redirector.Redirector/]: Redirecting com/blamejared/crafttweaker/api/recipe/manager/SmithingRecipeManager
[13Jul2026 19:42:20.713] [modloading-worker-0/INFO] [com.teampotato.redirector.Redirector/]: Redirecting com/blamejared/crafttweaker/api/recipe/manager/GenericRecipesManager
[13Jul2026 19:42:20.714] [modloading-worker-0/INFO] [com.teampotato.redirector.Redirector/]: Redirecting com/blamejared/crafttweaker/api/recipe/manager/CampFireRecipeManager
[13Jul2026 19:42:20.715] [modloading-worker-0/INFO] [com.teampotato.redirector.Redirector/]: Redirecting com/blamejared/crafttweaker/api/recipe/manager/SmokerRecipeManager
[13Jul2026 19:42:20.717] [modloading-worker-0/INFO] [com.teampotato.redirector.Redirector/]: Redirecting net/mehvahdjukaar/fastpaintings/DropMode
[13Jul2026 19:42:20.718] [modloading-worker-0/INFO] [com.teampotato.redirector.Redirector/]: Redirecting com/blamejared/crafttweaker/api/recipe/MirrorAxis
[13Jul2026 19:42:20.737] [modloading-worker-0/INFO] [com.teampotato.redirector.Redirector/]: Redirecting net/mehvahdjukaar/moonlight/api/platform/RegHelper$VariantType
[13Jul2026 19:42:20.741] [modloading-worker-0/INFO] [com.teampotato.redirector.Redirector/]: Redirecting com/mojang/math/OctahedralGroup
[13Jul2026 19:42:20.753] [modloading-worker-0/INFO] [com.teampotato.redirector.Redirector/]: Redirecting net/mehvahdjukaar/moonlight/api/platform/PlatformHelper$Env
[13Jul2026 19:42:20.754] [modloading-worker-0/INFO] [com.teampotato.redirector.Redirector/]: Redirecting net/minecraft/world/phys/HitResult$Type
[13Jul2026 19:42:20.756] [modloading-worker-0/INFO] [Calio/]: Calio 1.19.2-1.7.0.4 initializing...
[13Jul2026 19:42:20.757] [modloading-worker-0/INFO] [com.teampotato.redirector.Redirector/]: Redirecting net/mehvahdjukaar/moonlight/api/platform/network/NetworkDir
[13Jul2026 19:42:20.765] [modloading-worker-0/INFO] [com.teampotato.redirector.Redirector/]: Redirecting net/mehvahdjukaar/moonlight/api/platform/configs/ConfigType
[13Jul2026 19:42:20.782] [modloading-worker-0/INFO] [com.teampotato.redirector.Redirector/]: Redirecting net/minecraft/world/inventory/RecipeBookType
[13Jul2026 19:42:20.901] [modloading-worker-0/INFO] [TrustedSourceList/]: Loaded 564 BlackListed sources from remote
[13Jul2026 19:42:20.901] [modloading-worker-0/INFO] [TrustManager/]: Loading mod 'commonality' TrustWorthiness...
[13Jul2026 19:42:20.901] [modloading-worker-0/FATAL] [TrustManager/]: Could not determine mod trust worthiness, Assuming Jar was downloaded from trusted source!
[13Jul2026 19:42:20.902] [modloading-worker-0/INFO] [TrustManager/]: Loaded mod 'commonality' TrustWorthiness: UNKNOWN
[13Jul2026 19:42:20.930] [modloading-worker-0/INFO] [com.teampotato.redirector.Redirector/]: Redirecting net/minecraft/advancements/FrameType
[13Jul2026 19:42:20.934] [modloading-worker-0/INFO] [com.teampotato.redirector.Redirector/]: Redirecting net/minecraftforge/fluids/capability/IFluidHandler$FluidAction
[13Jul2026 19:42:20.954] [modloading-worker-0/INFO] [com.teampotato.redirector.Redirector/]: Redirecting net/minecraft/world/entity/SpawnPlacements$Type
[13Jul2026 19:42:20.961] [modloading-worker-0/INFO] [Puzzles Lib/]: Constructing common components for mod puzzleslib
[13Jul2026 19:42:20.985] [modloading-worker-0/INFO] [com.teampotato.redirector.Redirector/]: Redirecting com/teammetallurgy/aquaculture/entity/FishType
[13Jul2026 19:42:21.000] [Modding Legacy/blue_skies/Supporters thread/INFO] [ModdingLegacy/blue_skies/Supporter/]: Attempting to load the Modding Legacy supporters list from https://moddinglegacy.com/supporters-changelogs/supporters.txt
[13Jul2026 19:42:21.006] [modloading-worker-0/INFO] [com.teampotato.redirector.Redirector/]: Redirecting net/minecraftforge/event/level/PistonEvent$PistonMoveType
[13Jul2026 19:42:21.022] [modloading-worker-0/INFO] [com.teampotato.redirector.Redirector/]: Redirecting com/legacy/blue_skies/world/general_features/structures/villages/SkiesVillageBiomes
[13Jul2026 19:42:21.043] [modloading-worker-0/INFO] [com.teampotato.redirector.Redirector/]: Redirecting net/minecraft/world/level/GameType
[13Jul2026 19:42:21.106] [modloading-worker-0/INFO] [com.teampotato.redirector.Redirector/]: Redirecting net/minecraft/world/level/material/MaterialColor$Brightness
[13Jul2026 19:42:21.114] [modloading-worker-0/INFO] [com.teampotato.redirector.Redirector/]: Redirecting com/hidoni/transmog/config/TransmogRenderOption
[13Jul2026 19:42:21.115] [modloading-worker-0/INFO] [com.teampotato.redirector.Redirector/]: Redirecting com/hidoni/transmog/config/TooltipDetailLevel
[13Jul2026 19:42:21.121] [modloading-worker-0/INFO] [com.teampotato.redirector.Redirector/]: Redirecting vectorwing/farmersdelight/client/recipebook/CookingPotRecipeBookTab
[13Jul2026 19:42:21.128] [modloading-worker-0/INFO] [com.teampotato.redirector.Redirector/]: Redirecting com/blamejared/crafttweaker/api/zencode/ZenTypeInfo$TypeKind
[13Jul2026 19:42:21.196] [modloading-worker-0/INFO] [ModernFix/]: Bypassed Mojang DFU
[13Jul2026 19:42:21.197] [modloading-worker-0/INFO] [ModernFix/]: Instantiating Mojang DFU
[13Jul2026 19:42:21.210] [Modding Legacy/blue_skies/Supporters thread/INFO] [com.teampotato.redirector.Redirector/]: Redirecting com/legacy/blue_skies/MLSupporter$Rank
[13Jul2026 19:42:21.213] [Modding Legacy/blue_skies/Supporters thread/INFO] [ModdingLegacy/blue_skies/Supporter/]: Successfully loaded the Modding Legacy supporters list.
[13Jul2026 19:42:21.227] [modloading-worker-0/INFO] [com.teampotato.redirector.Redirector/]: Redirecting org/openzen/zencode/java/ZenCodeType$OperatorType
[13Jul2026 19:42:21.243] [modloading-worker-0/INFO] [com.teampotato.redirector.Redirector/]: Redirecting com/blamejared/crafttweaker/api/data/IData$Type
[13Jul2026 19:42:21.244] [modloading-worker-0/INFO] [com.teampotato.redirector.Redirector/]: Redirecting org/openzen/zenscript/codemodel/OperatorType
[13Jul2026 19:42:21.245] [modloading-worker-0/INFO] [com.teampotato.redirector.Redirector/]: Redirecting org/openzen/zenscript/codemodel/type/BasicTypeID
[13Jul2026 19:42:21.248] [modloading-worker-0/INFO] [com.teampotato.redirector.Redirector/]: Redirecting com/blamejared/crafttweaker/api/ingredient/transform/serializer/TransformerReuseSerializer
[13Jul2026 19:42:21.296] [modloading-worker-0/INFO] [com.teampotato.redirector.Redirector/]: Redirecting net/minecraft/world/level/pathfinder/BlockPathTypes
[13Jul2026 19:42:21.355] [modloading-worker-0/INFO] [com.teampotato.redirector.Redirector/]: Redirecting dev/latvian/mods/kubejs/script/ScriptType
[13Jul2026 19:42:21.370] [modloading-worker-0/INFO] [com.teampotato.redirector.Redirector/]: Redirecting teamrazor/deepaether/entity/quail/QuailVariants
[13Jul2026 19:42:21.382] [modloading-worker-0/INFO] [com.teampotato.redirector.Redirector/]: Redirecting terrablender/api/SurfaceRuleManager$RuleCategory
[13Jul2026 19:42:21.399] [modloading-worker-0/INFO] [com.teampotato.redirector.Redirector/]: Redirecting net/p3pp3rf1y/sophisticatedcore/client/gui/SortButtonsPosition
[13Jul2026 19:42:21.448] [modloading-worker-0/INFO] [com.teampotato.redirector.Redirector/]: Redirecting com/aetherteam/aether/recipe/AetherBookCategory
[13Jul2026 19:42:21.454] [modloading-worker-0/INFO] [insane96mcp.insanelib.InsaneLib/]: Found (COMMON) InsaneLib Feature class insane96mcp.insanelib.module.base.feature.TagsFeature
[13Jul2026 19:42:21.458] [modloading-worker-0/INFO] [insane96mcp.insanelib.InsaneLib/]: Found (COMMON) InsaneLib Feature class insane96mcp.insanelib.module.base.feature.FixFeature
[13Jul2026 19:42:21.468] [modloading-worker-0/INFO] [insane96mcp.insanelib.InsaneLib/]: Found (COMMON) InsaneLib Feature class insane96mcp.insanelib.module.base.feature.AEC3DFeature
[13Jul2026 19:42:21.614] [modloading-worker-0/INFO] [com.teampotato.redirector.Redirector/]: Redirecting net/darkhax/bookshelf/api/PhysicalSide
[13Jul2026 19:42:21.615] [modloading-worker-0/INFO] [Bookshelf/]: Fixing MC-151457. Crafting remainder for minecraft:pufferfish_bucket is now minecraft:bucket.
[13Jul2026 19:42:21.615] [modloading-worker-0/INFO] [Bookshelf/]: Fixing MC-151457. Crafting remainder for minecraft:salmon_bucket is now minecraft:bucket.
[13Jul2026 19:42:21.616] [modloading-worker-0/INFO] [Bookshelf/]: Fixing MC-151457. Crafting remainder for minecraft:cod_bucket is now minecraft:bucket.
[13Jul2026 19:42:21.616] [modloading-worker-0/INFO] [Bookshelf/]: Fixing MC-151457. Crafting remainder for minecraft:tropical_fish_bucket is now minecraft:bucket.
[13Jul2026 19:42:21.616] [modloading-worker-0/INFO] [Bookshelf/]: Fixing MC-151457. Crafting remainder for minecraft:axolotl_bucket is now minecraft:bucket.
[13Jul2026 19:42:21.616] [modloading-worker-0/INFO] [Bookshelf/]: Fixing MC-151457. Crafting remainder for minecraft:powder_snow_bucket is now minecraft:bucket.
[13Jul2026 19:42:21.616] [modloading-worker-0/INFO] [Bookshelf/]: Fixing MC-151457. Crafting remainder for minecraft:tadpole_bucket is now minecraft:bucket.
[13Jul2026 19:42:21.632] [modloading-worker-0/INFO] [net.minecraftforge.coremod.CoreMod.apotheosis/COREMODLOG]: Replaced 1 calls to Enchantment#getMaxLevel() in net/minecraft/world/entity/npc/VillagerTrades$EnchantBookForEmeralds
[13Jul2026 19:42:21.632] [modloading-worker-0/INFO] [net.minecraftforge.coremod.CoreMod.apotheosis/COREMODLOG]: Replaced 1 calls to Enchantment#isTreasureOnly() in net/minecraft/world/entity/npc/VillagerTrades$EnchantBookForEmeralds
[13Jul2026 19:42:21.632] [modloading-worker-0/INFO] [net.minecraftforge.coremod.CoreMod.apotheosis/COREMODLOG]: Replaced 1 calls to Enchantment#isTradeable() in net/minecraft/world/entity/npc/VillagerTrades$EnchantBookForEmeralds
[13Jul2026 19:42:21.699] [modloading-worker-0/INFO] [com.teampotato.redirector.Redirector/]: Redirecting com/blamejared/crafttweaker/impl/network/message/ClientMessages
[13Jul2026 19:42:21.728] [modloading-worker-0/INFO] [com.teampotato.redirector.Redirector/]: Redirecting net/p3pp3rf1y/sophisticatedcore/upgrades/feeding/HungerLevel
[13Jul2026 19:42:21.745] [modloading-worker-0/INFO] [com.teampotato.redirector.Redirector/]: Redirecting net/p3pp3rf1y/sophisticatedbackpacks/upgrades/refill/RefillUpgradeWrapper$TargetSlot
[13Jul2026 19:42:21.766] [modloading-worker-0/INFO] [com.teampotato.redirector.Redirector/]: Redirecting net/p3pp3rf1y/sophisticatedbackpacks/upgrades/inception/InventoryOrder
[13Jul2026 19:42:21.776] [modloading-worker-0/INFO] [com.teampotato.redirector.Redirector/]: Redirecting net/p3pp3rf1y/sophisticatedbackpacks/upgrades/toolswapper/ToolSwapMode
[13Jul2026 19:42:21.796] [modloading-worker-0/INFO] [com.teampotato.redirector.Redirector/]: Redirecting net/p3pp3rf1y/sophisticatedcore/upgrades/xppump/AutomationDirection
[13Jul2026 19:42:21.893] [modloading-worker-0/INFO] [insane96mcp.insanelib.InsaneLib/]: Found (COMMON) InsaneLib Feature class insane96mcp.progressivebosses.module.wither.feature.RewardFeature
[13Jul2026 19:42:21.895] [modloading-worker-0/INFO] [insane96mcp.insanelib.InsaneLib/]: Found (COMMON) InsaneLib Feature class insane96mcp.progressivebosses.module.wither.feature.ResistancesFeature
[13Jul2026 19:42:21.901] [modloading-worker-0/INFO] [insane96mcp.insanelib.InsaneLib/]: Found (COMMON) InsaneLib Feature class insane96mcp.progressivebosses.module.wither.feature.MiscFeature
[13Jul2026 19:42:21.908] [modloading-worker-0/INFO] [insane96mcp.insanelib.InsaneLib/]: Found (COMMON) InsaneLib Feature class insane96mcp.progressivebosses.module.wither.feature.MinionFeature
[13Jul2026 19:42:21.914] [modloading-worker-0/INFO] [insane96mcp.insanelib.InsaneLib/]: Found (COMMON) InsaneLib Feature class insane96mcp.progressivebosses.module.wither.feature.HealthFeature
[13Jul2026 19:42:21.916] [modloading-worker-0/INFO] [insane96mcp.insanelib.InsaneLib/]: Found (COMMON) InsaneLib Feature class insane96mcp.progressivebosses.module.wither.feature.DifficultyFeature
[13Jul2026 19:42:21.917] [modloading-worker-0/INFO] [com.teampotato.redirector.Redirector/]: Redirecting insane96mcp/insanelib/util/IdTagMatcher$Type
[13Jul2026 19:42:21.922] [modloading-worker-0/INFO] [insane96mcp.insanelib.InsaneLib/]: Found (COMMON) InsaneLib Feature class insane96mcp.progressivebosses.module.wither.feature.AttackFeature
[13Jul2026 19:42:21.927] [modloading-worker-0/INFO] [insane96mcp.insanelib.InsaneLib/]: Found (COMMON) InsaneLib Feature class insane96mcp.progressivebosses.module.elderguardian.feature.RewardFeature
[13Jul2026 19:42:21.929] [modloading-worker-0/INFO] [insane96mcp.insanelib.InsaneLib/]: Found (COMMON) InsaneLib Feature class insane96mcp.progressivebosses.module.elderguardian.feature.ResistancesFeature
[13Jul2026 19:42:21.931] [modloading-worker-0/INFO] [insane96mcp.insanelib.InsaneLib/]: Found (COMMON) InsaneLib Feature class insane96mcp.progressivebosses.module.elderguardian.feature.MinionFeature
[13Jul2026 19:42:21.937] [modloading-worker-0/INFO] [insane96mcp.insanelib.InsaneLib/]: Found (COMMON) InsaneLib Feature class insane96mcp.progressivebosses.module.elderguardian.feature.HealthFeature
[13Jul2026 19:42:21.938] [modloading-worker-0/INFO] [de.keksuccino.melody.Melody/]: [MELODY] Disabling Melody since it's loaded server-side.
[13Jul2026 19:42:21.943] [modloading-worker-0/INFO] [insane96mcp.insanelib.InsaneLib/]: Found (COMMON) InsaneLib Feature class insane96mcp.progressivebosses.module.elderguardian.feature.BaseFeature
[13Jul2026 19:42:21.946] [modloading-worker-0/INFO] [insane96mcp.insanelib.InsaneLib/]: Found (COMMON) InsaneLib Feature class insane96mcp.progressivebosses.module.elderguardian.feature.AttackFeature
[13Jul2026 19:42:21.948] [modloading-worker-0/INFO] [insane96mcp.insanelib.InsaneLib/]: Found (COMMON) InsaneLib Feature class insane96mcp.progressivebosses.module.dragon.feature.RewardFeature
[13Jul2026 19:42:21.951] [modloading-worker-0/INFO] [insane96mcp.insanelib.InsaneLib/]: Found (COMMON) InsaneLib Feature class insane96mcp.progressivebosses.module.dragon.feature.ResistancesFeature
[13Jul2026 19:42:21.998] [modloading-worker-0/WARN] [mixin/]: @Final field f_31201_:Lorg/slf4j/Logger; in progressivebosses.mixins.json:DragonChargePlayerPhaseMixin should be final
[13Jul2026 19:42:22.011] [modloading-worker-0/INFO] [insane96mcp.insanelib.InsaneLib/]: Found (COMMON) InsaneLib Feature class insane96mcp.progressivebosses.module.dragon.feature.MinionFeature
[13Jul2026 19:42:22.019] [modloading-worker-0/INFO] [insane96mcp.insanelib.InsaneLib/]: Found (COMMON) InsaneLib Feature class insane96mcp.progressivebosses.module.dragon.feature.LarvaFeature
[13Jul2026 19:42:22.028] [modloading-worker-0/INFO] [insane96mcp.insanelib.InsaneLib/]: Found (COMMON) InsaneLib Feature class insane96mcp.progressivebosses.module.dragon.feature.HealthFeature
[13Jul2026 19:42:22.029] [modloading-worker-0/INFO] [com.teampotato.redirector.Redirector/]: Redirecting net/mehvahdjukaar/dummmmmmy/configs/CommonConfigs$DpsMode
[13Jul2026 19:42:22.030] [modloading-worker-0/INFO] [insane96mcp.insanelib.InsaneLib/]: Found (COMMON) InsaneLib Feature class insane96mcp.progressivebosses.module.dragon.feature.DifficultyFeature
[13Jul2026 19:42:22.040] [modloading-worker-0/INFO] [com.teampotato.redirector.Redirector/]: Redirecting net/mehvahdjukaar/dummmmmmy/configs/ClientConfigs$SkinType
[13Jul2026 19:42:22.045] [modloading-worker-0/INFO] [com.teampotato.redirector.Redirector/]: Redirecting top/theillusivec4/curios/api/type/capability/ICurio$DropRule
[13Jul2026 19:42:22.050] [modloading-worker-0/INFO] [com.teampotato.redirector.Redirector/]: Redirecting it/hurts/sskirillss/relics/items/relics/base/data/cast/misc/CastType
[13Jul2026 19:42:22.054] [modloading-worker-0/INFO] [insane96mcp.insanelib.InsaneLib/]: Found (COMMON) InsaneLib Feature class insane96mcp.progressivebosses.module.dragon.feature.CrystalFeature
[13Jul2026 19:42:22.055] [modloading-worker-0/INFO] [com.teampotato.redirector.Redirector/]: Redirecting it/hurts/sskirillss/relics/items/relics/base/data/cast/misc/CastStage
[13Jul2026 19:42:22.059] [modloading-worker-0/INFO] [insane96mcp.insanelib.InsaneLib/]: Found (COMMON) InsaneLib Feature class insane96mcp.progressivebosses.module.dragon.feature.AttackFeature
[13Jul2026 19:42:22.083] [modloading-worker-0/INFO] [de.keksuccino.konkrete.Konkrete/]: [KONKRETE] Successfully initialized!
[13Jul2026 19:42:22.083] [modloading-worker-0/INFO] [de.keksuccino.konkrete.Konkrete/]: [KONKRETE] Server-side libs ready to use!
[13Jul2026 19:42:22.084] [modloading-worker-0/INFO] [net.minecraft.util.datafix.DataFixers/]: Building unoptimized datafixer
[13Jul2026 19:42:22.245] [modloading-worker-0/INFO] [com.teampotato.redirector.Redirector/]: Redirecting vazkii/patchouli/common/base/PatchouliConfig$TextOverflowMode
[13Jul2026 19:42:22.456] [modloading-worker-0/INFO] [com.teampotato.redirector.Redirector/]: Redirecting net/minecraft/world/item/FireworkRocketItem$Shape
[13Jul2026 19:42:22.588] [modloading-worker-0/INFO] [dev.limonblaze.originsclasses.OriginsClasses/]: Origins:Classes 1.2.1 has initialized. Time for work!
[13Jul2026 19:42:22.596] [modloading-worker-0/INFO] [com.teampotato.redirector.Redirector/]: Redirecting top/theillusivec4/curios/api/SlotTypePreset
[13Jul2026 19:42:22.600] [modloading-worker-0/INFO] [com.teampotato.redirector.Redirector/]: Redirecting dev/limonblaze/originsclasses/common/event/ModifyCraftResultEvent$CraftingResultType
[13Jul2026 19:42:22.623] [modloading-worker-0/INFO] [dev.architectury.networking.forge.NetworkManagerImpl/]: Registering C2S receiver with id architectury:sync_ids
[13Jul2026 19:42:22.624] [modloading-worker-0/INFO] [dev.architectury.networking.forge.NetworkManagerImpl/]: Registering C2S receiver with id ftbultimine:key_pressed
[13Jul2026 19:42:22.627] [modloading-worker-0/INFO] [dev.architectury.networking.forge.NetworkManagerImpl/]: Registering C2S receiver with id ftbultimine:mode_changed
[13Jul2026 19:42:22.629] [modloading-worker-0/INFO] [dev.architectury.networking.forge.NetworkManagerImpl/]: Registering C2S receiver with id ftbultimine:sync_config_to_server
[13Jul2026 19:42:22.630] [modloading-worker-0/INFO] [com.teampotato.redirector.Redirector/]: Redirecting dev/ftb/mods/ftbultimine/net/SyncUltimineTimePacket$TimeType
[13Jul2026 19:42:22.646] [modloading-worker-0/INFO] [com.teampotato.redirector.Redirector/]: Redirecting com/mojang/math/SymmetricGroup3
[13Jul2026 19:42:22.666] [modloading-worker-0/INFO] [Enigmatic Legacy/INFO]: Constructing mod instance...
[13Jul2026 19:42:22.675] [modloading-worker-0/INFO] [com.teampotato.redirector.Redirector/]: Redirecting com/aizistral/omniconfig/Configuration$SidedConfigType
[13Jul2026 19:42:22.676] [modloading-worker-0/INFO] [com.teampotato.redirector.Redirector/]: Redirecting com/aizistral/omniconfig/Configuration$VersioningPolicy
[13Jul2026 19:42:22.679] [modloading-worker-0/INFO] [com.teampotato.redirector.Redirector/]: Redirecting com/aizistral/omniconfig/Property$Type
[13Jul2026 19:42:22.901] [modloading-worker-0/INFO] [com.teampotato.redirector.Redirector/]: Redirecting timefall/mcsa/items/armor/ArmorSets
[13Jul2026 19:42:22.913] [modloading-worker-0/INFO] [com.teampotato.redirector.Redirector/]: Redirecting com/aizistral/enigmaticlegacy/items/EnigmaticAmulet$AmuletColor
[13Jul2026 19:42:23.094] [modloading-worker-0/INFO] [com.teampotato.redirector.Redirector/]: Redirecting com/aizistral/enigmaticlegacy/api/materials/EnigmaticMaterials
[13Jul2026 19:42:23.099] [modloading-worker-0/INFO] [com.teampotato.redirector.Redirector/]: Redirecting com/aizistral/enigmaticlegacy/api/materials/EnigmaticArmorMaterials
[13Jul2026 19:42:23.135] [modloading-worker-0/INFO] [dev.architectury.networking.forge.NetworkManagerImpl/]: Registering C2S receiver with id ftblibrary:edit_nbt_response
[13Jul2026 19:42:23.205] [modloading-worker-0/INFO] [com.teampotato.redirector.Redirector/]: Redirecting com/builtbroken/ai/improvements/modifier/filters/FilterResult
[13Jul2026 19:42:23.211] [modloading-worker-0/INFO] [com.cupboard.Cupboard/]: Loaded config for: cupboard.json
[13Jul2026 19:42:23.218] [modloading-worker-0/INFO] [dev.architectury.networking.forge.NetworkManagerImpl/]: Registering C2S receiver with id ftbteams:open_gui
[13Jul2026 19:42:23.219] [modloading-worker-0/INFO] [dev.architectury.networking.forge.NetworkManagerImpl/]: Registering C2S receiver with id ftbteams:update_settings
[13Jul2026 19:42:23.221] [modloading-worker-0/INFO] [dev.architectury.networking.forge.NetworkManagerImpl/]: Registering C2S receiver with id ftbteams:send_message
[13Jul2026 19:42:23.223] [modloading-worker-0/INFO] [com.teampotato.redirector.Redirector/]: Redirecting com/talhanation/smallships/world/entity/ship/Ship$BiomeModifierType
[13Jul2026 19:42:23.225] [modloading-worker-0/INFO] [dev.architectury.networking.forge.NetworkManagerImpl/]: Registering C2S receiver with id ftbteams:create_party
[13Jul2026 19:42:23.229] [modloading-worker-0/INFO] [com.teampotato.redirector.Redirector/]: Redirecting dev/ftb/mods/ftbteams/net/PlayerGUIOperationMessage$Operation
[13Jul2026 19:42:23.230] [modloading-worker-0/INFO] [dev.architectury.networking.forge.NetworkManagerImpl/]: Registering C2S receiver with id ftbteams:player_gui_operation
[13Jul2026 19:42:23.243] [modloading-worker-0/INFO] [Enigmatic Legacy/INFO]: Mod instance constructed successfully.
[13Jul2026 19:42:23.294] [modloading-worker-0/INFO] [com.teampotato.redirector.Redirector/]: Redirecting com/jayway/jsonpath/Option
[13Jul2026 19:42:23.306] [modloading-worker-0/INFO] [KubeJS/]: Looking for KubeJS plugins...
[13Jul2026 19:42:23.324] [modloading-worker-0/INFO] [KubeJS/]: Found plugin source kubejs
[13Jul2026 19:42:23.329] [modloading-worker-0/INFO] [com.teampotato.redirector.Redirector/]: Redirecting dev/ftb/mods/ftbquests/integration/RecipeModHelper$Components
[13Jul2026 19:42:23.336] [modloading-worker-0/INFO] [KubeJS/]: Loaded common.properties
[13Jul2026 19:42:23.339] [modloading-worker-0/INFO] [KubeJS/]: Loaded dev.properties
[13Jul2026 19:42:23.339] [modloading-worker-0/WARN] [KubeJS/]: Plugin dev.latvian.mods.kubejs.forge.BuiltinKubeJSForgeClientPlugin does not load on server side, skipping
[13Jul2026 19:42:23.355] [modloading-worker-0/INFO] [com.teampotato.redirector.Redirector/]: Redirecting dev/ftb/mods/ftbquests/quest/task/ObservationTask$ObserveType
[13Jul2026 19:42:23.365] [modloading-worker-0/INFO] [dev.architectury.networking.forge.NetworkManagerImpl/]: Registering C2S receiver with id itemfilters:main/14e7fa1454283aec8ae811ef844ada28
[13Jul2026 19:42:23.366] [modloading-worker-0/INFO] [dev.architectury.networking.forge.NetworkManagerImpl/]: Registering C2S receiver with id itemfilters:main/8f6a899247753217b9d86ab427a2b279
[13Jul2026 19:42:23.371] [modloading-worker-0/INFO] [com.teampotato.redirector.Redirector/]: Redirecting com/hypherionmc/craterlib/core/platform/Environment
[13Jul2026 19:42:23.406] [modloading-worker-0/INFO] [com.teampotato.redirector.Redirector/]: Redirecting com/obscuria/obscureapi/client/renderer/PatreonLayer$Mode
[13Jul2026 19:42:23.408] [modloading-worker-0/ERROR] [net.minecraftforge.eventbus.EventSubclassTransformer/EVENTBUS]: Could not find parent net/minecraft/client/renderer/entity/layers/RenderLayer for class com/obscuria/obscureapi/client/renderer/PatreonLayer in classloader cpw.mods.modlauncher.TransformingClassLoader@58f290bc on thread Thread[modloading-worker-0,5,main]
[13Jul2026 19:42:23.408] [modloading-worker-0/ERROR] [net.minecraftforge.eventbus.EventSubclassTransformer/EVENTBUS]: An error occurred building event handler
java.lang.ClassNotFoundException: net.minecraft.client.renderer.entity.layers.RenderLayer
	at cpw.mods.cl.ModuleClassLoader.loadClass(ModuleClassLoader.java:141) ~[securejarhandler-2.1.4.jar:?]
	at java.lang.ClassLoader.loadClass(ClassLoader.java:525) ~[?:?]
	at net.minecraftforge.eventbus.EventSubclassTransformer.buildEvents(EventSubclassTransformer.java:92) ~[eventbus-6.0.3.jar%2351!/:?]
	at net.minecraftforge.eventbus.EventSubclassTransformer.transform(EventSubclassTransformer.java:44) ~[eventbus-6.0.3.jar%2351!/:?]
	at net.minecraftforge.eventbus.EventBusEngine.processClass(EventBusEngine.java:26) ~[eventbus-6.0.3.jar%2351!/:?]
	at net.minecraftforge.eventbus.service.ModLauncherService.processClassWithFlags(ModLauncherService.java:32) ~[eventbus-6.0.3.jar%2351!/:6.0.3+6.0.3+master.039e4ea9]
	at cpw.mods.modlauncher.LaunchPluginHandler.offerClassNodeToPlugins(LaunchPluginHandler.java:88) ~[modlauncher-10.0.8.jar%2354!/:?]
	at cpw.mods.modlauncher.ClassTransformer.transform(ClassTransformer.java:120) ~[modlauncher-10.0.8.jar%2354!/:?]
	at cpw.mods.modlauncher.TransformingClassLoader.maybeTransformClassBytes(TransformingClassLoader.java:50) ~[modlauncher-10.0.8.jar%2354!/:?]
	at cpw.mods.cl.ModuleClassLoader.readerToClass(ModuleClassLoader.java:113) ~[securejarhandler-2.1.4.jar:?]
	at cpw.mods.cl.ModuleClassLoader.lambda$findClass$15(ModuleClassLoader.java:219) ~[securejarhandler-2.1.4.jar:?]
	at cpw.mods.cl.ModuleClassLoader.loadFromModule(ModuleClassLoader.java:229) ~[securejarhandler-2.1.4.jar:?]
	at cpw.mods.cl.ModuleClassLoader.findClass(ModuleClassLoader.java:219) ~[securejarhandler-2.1.4.jar:?]
	at cpw.mods.cl.ModuleClassLoader.loadClass(ModuleClassLoader.java:135) ~[securejarhandler-2.1.4.jar:?]
	at java.lang.ClassLoader.loadClass(ClassLoader.java:525) ~[?:?]
	at java.lang.ClassLoader.defineClass0(Native Method) ~[?:?]
	at java.lang.System$2.defineClass(System.java:2324) ~[?:?]
	at java.lang.invoke.MethodHandles$Lookup$ClassDefiner.defineClass(MethodHandles.java:2439) ~[?:?]
	at java.lang.invoke.MethodHandles$Lookup$ClassDefiner.defineClassAsLookup(MethodHandles.java:2420) ~[?:?]
	at java.lang.invoke.MethodHandles$Lookup.defineHiddenClass(MethodHandles.java:2127) ~[?:?]
	at java.lang.invoke.InnerClassLambdaMetafactory.generateInnerClass(InnerClassLambdaMetafactory.java:407) ~[?:?]
	at java.lang.invoke.InnerClassLambdaMetafactory.spinInnerClass(InnerClassLambdaMetafactory.java:315) ~[?:?]
	at java.lang.invoke.InnerClassLambdaMetafactory.buildCallSite(InnerClassLambdaMetafactory.java:228) ~[?:?]
	at java.lang.invoke.LambdaMetafactory.metafactory(LambdaMetafactory.java:341) ~[?:?]
	at java.lang.invoke.BootstrapMethodInvoker.invoke(BootstrapMethodInvoker.java:134) ~[?:?]
	at java.lang.invoke.CallSite.makeSite(CallSite.java:315) ~[?:?]
	at java.lang.invoke.MethodHandleNatives.linkCallSiteImpl(MethodHandleNatives.java:281) ~[?:?]
	at java.lang.invoke.MethodHandleNatives.linkCallSite(MethodHandleNatives.java:271) ~[?:?]
	at com.obscuria.obscureapi.client.renderer.PatreonLayer$Mode.<clinit>(PatreonLayer.java:55) ~[obscure_api-15.jar%23450!/:15]
	at com.obscuria.obscureapi.ObscureAPIConfig$Client.<clinit>(ObscureAPIConfig.java:26) ~[obscure_api-15.jar%23450!/:15]
	at com.obscuria.obscureapi.ObscureAPIConfig.register(ObscureAPIConfig.java:42) ~[obscure_api-15.jar%23450!/:15]
	at com.obscuria.obscureapi.ObscureAPI.<init>(ObscureAPI.java:68) ~[obscure_api-15.jar%23450!/:15]
	at jdk.internal.reflect.NativeConstructorAccessorImpl.newInstance0(Native Method) ~[?:?]
	at jdk.internal.reflect.NativeConstructorAccessorImpl.newInstance(NativeConstructorAccessorImpl.java:77) ~[?:?]
	at jdk.internal.reflect.DelegatingConstructorAccessorImpl.newInstance(DelegatingConstructorAccessorImpl.java:45) ~[?:?]
	at java.lang.reflect.Constructor.newInstanceWithCaller(Constructor.java:500) ~[?:?]
	at java.lang.reflect.Constructor.newInstance(Constructor.java:481) ~[?:?]
	at net.minecraftforge.fml.javafmlmod.FMLModContainer.constructMod(FMLModContainer.java:70) ~[javafmllanguage-1.19.2-43.4.2.jar%23527!/:?]
	at net.minecraftforge.fml.ModContainer.lambda$buildTransitionHandler$4(ModContainer.java:122) ~[fmlcore-1.19.2-43.4.2.jar%23526!/:?]
	at java.util.concurrent.CompletableFuture$AsyncRun.run(CompletableFuture.java:1804) [?:?]
	at java.util.concurrent.CompletableFuture$AsyncRun.exec(CompletableFuture.java:1796) [?:?]
	at java.util.concurrent.ForkJoinTask.doExec(ForkJoinTask.java:373) [?:?]
	at java.util.concurrent.ForkJoinPool$WorkQueue.topLevelExec(ForkJoinPool.java:1182) [?:?]
	at java.util.concurrent.ForkJoinPool.scan(ForkJoinPool.java:1655) [?:?]
	at java.util.concurrent.ForkJoinPool.runWorker(ForkJoinPool.java:1622) [?:?]
	at java.util.concurrent.ForkJoinWorkerThread.run(ForkJoinWorkerThread.java:165) [?:?]
[13Jul2026 19:42:23.412] [modloading-worker-0/ERROR] [net.minecraftforge.fml.loading.RuntimeDistCleaner/DISTXFORM]: Attempted to load class com/obscuria/obscureapi/client/renderer/PatreonLayer for invalid dist DEDICATED_SERVER
[13Jul2026 19:42:23.422] [modloading-worker-0/INFO] [dev.architectury.networking.forge.NetworkManagerImpl/]: Registering C2S receiver with id ftbquests:submit_task
[13Jul2026 19:42:23.427] [modloading-worker-0/INFO] [dev.architectury.networking.forge.NetworkManagerImpl/]: Registering C2S receiver with id ftbquests:claim_reward
[13Jul2026 19:42:23.429] [modloading-worker-0/INFO] [dev.architectury.networking.forge.NetworkManagerImpl/]: Registering C2S receiver with id ftbquests:get_emergency_items
[13Jul2026 19:42:23.430] [modloading-worker-0/INFO] [dev.architectury.networking.forge.NetworkManagerImpl/]: Registering C2S receiver with id ftbquests:claim_all_rewards
[13Jul2026 19:42:23.433] [modloading-worker-0/INFO] [KubeJS/]: Found plugin source ftbxmodcompat
[13Jul2026 19:42:23.434] [modloading-worker-0/INFO] [dev.architectury.networking.forge.NetworkManagerImpl/]: Registering C2S receiver with id ftbquests:claim_choice_reward
[13Jul2026 19:42:23.437] [modloading-worker-0/INFO] [dev.architectury.networking.forge.NetworkManagerImpl/]: Registering C2S receiver with id ftbquests:toggle_pinned
[13Jul2026 19:42:23.442] [modloading-worker-0/INFO] [com.teampotato.redirector.Redirector/]: Redirecting com/majruszsaccessories/common/AccessoryHolder$RandomType
[13Jul2026 19:42:23.446] [modloading-worker-0/INFO] [dev.architectury.networking.forge.NetworkManagerImpl/]: Registering C2S receiver with id ftbquests:toggle_chapter_pinned
[13Jul2026 19:42:23.447] [modloading-worker-0/INFO] [dev.architectury.networking.forge.NetworkManagerImpl/]: Registering C2S receiver with id ftbquests:toggle_editing_mode
[13Jul2026 19:42:23.448] [modloading-worker-0/INFO] [dev.architectury.networking.forge.NetworkManagerImpl/]: Registering C2S receiver with id ftbquests:force_save
[13Jul2026 19:42:23.451] [modloading-worker-0/INFO] [dev.architectury.networking.forge.NetworkManagerImpl/]: Registering C2S receiver with id ftbquests:set_custom_image
[13Jul2026 19:42:23.456] [modloading-worker-0/INFO] [KubeJS/]: Done in 149.0 ms
[13Jul2026 19:42:23.461] [modloading-worker-0/INFO] [dev.architectury.networking.forge.NetworkManagerImpl/]: Registering C2S receiver with id ftbquests:task_screen_config_resp
[13Jul2026 19:42:23.475] [modloading-worker-0/INFO] [dev.architectury.networking.forge.NetworkManagerImpl/]: Registering C2S receiver with id ftbquests:change_progress
[13Jul2026 19:42:23.476] [modloading-worker-0/INFO] [dev.architectury.networking.forge.NetworkManagerImpl/]: Registering C2S receiver with id ftbquests:create_object
[13Jul2026 19:42:23.477] [modloading-worker-0/INFO] [dev.architectury.networking.forge.NetworkManagerImpl/]: Registering C2S receiver with id ftbquests:create_task_at
[13Jul2026 19:42:23.478] [modloading-worker-0/INFO] [dev.architectury.networking.forge.NetworkManagerImpl/]: Registering C2S receiver with id ftbquests:delete_object
[13Jul2026 19:42:23.485] [modloading-worker-0/INFO] [dev.architectury.networking.forge.NetworkManagerImpl/]: Registering C2S receiver with id ftbquests:edit_object
[13Jul2026 19:42:23.489] [modloading-worker-0/INFO] [dev.architectury.networking.forge.NetworkManagerImpl/]: Registering C2S receiver with id ftbquests:move_chapter
[13Jul2026 19:42:23.490] [modloading-worker-0/INFO] [dev.architectury.networking.forge.NetworkManagerImpl/]: Registering C2S receiver with id ftbquests:move_quest
[13Jul2026 19:42:23.494] [modloading-worker-0/INFO] [dev.architectury.networking.forge.NetworkManagerImpl/]: Registering C2S receiver with id ftbquests:change_chapter_group
[13Jul2026 19:42:23.499] [modloading-worker-0/INFO] [dev.architectury.networking.forge.NetworkManagerImpl/]: Registering C2S receiver with id ftbquests:move_chapter_group
[13Jul2026 19:42:23.504] [modloading-worker-0/INFO] [dev.architectury.networking.forge.NetworkManagerImpl/]: Registering C2S receiver with id ftbquests:copy_quest
[13Jul2026 19:42:23.508] [modloading-worker-0/INFO] [dev.architectury.networking.forge.NetworkManagerImpl/]: Registering C2S receiver with id ftbquests:copy_chapter_image
[13Jul2026 19:42:23.511] [modloading-worker-0/INFO] [dev.architectury.networking.forge.NetworkManagerImpl/]: Registering C2S receiver with id ftbquests:sync_structures_request
[13Jul2026 19:42:23.580] [modloading-worker-0/INFO] [com.teampotato.redirector.Redirector/]: Redirecting dev/ftb/mods/ftblibrary/config/Tristate
[13Jul2026 19:42:23.582] [modloading-worker-0/INFO] [FTB XMod Compat/]: FTB Quests: Enabled KubeJS integration
[13Jul2026 19:42:23.585] [modloading-worker-0/INFO] [FTB XMod Compat/]: [FTB Chunks] Enabled KubeJS integration
[13Jul2026 19:42:23.616] [modloading-worker-0/INFO] [com.teampotato.redirector.Redirector/]: Redirecting net/blay09/mods/waystones/config/DimensionalWarp
[13Jul2026 19:42:23.617] [modloading-worker-0/INFO] [com.teampotato.redirector.Redirector/]: Redirecting net/blay09/mods/waystones/config/WorldGenStyle
[13Jul2026 19:42:23.618] [modloading-worker-0/INFO] [com.teampotato.redirector.Redirector/]: Redirecting net/blay09/mods/waystones/worldgen/namegen/NameGenerationMode
[13Jul2026 19:42:23.648] [modloading-worker-0/INFO] [Rhino Script Remapper/]: Loading Rhino Minecraft remapper...
[13Jul2026 19:42:23.649] [modloading-worker-0/INFO] [com.teampotato.redirector.Redirector/]: Redirecting dev/latvian/mods/rhino/mod/util/RhinoProperties
[13Jul2026 19:42:23.652] [modloading-worker-0/INFO] [dev.latvian.mods.rhino.mod.util.RhinoProperties/]: Rhino properties loaded.
[13Jul2026 19:42:23.656] [modloading-worker-0/INFO] [Rhino Script Remapper/]: Loading mappings for 1.19.2
[13Jul2026 19:42:23.688] [modloading-worker-0/INFO] [com.teampotato.redirector.Redirector/]: Redirecting lilypuree/decorative_blocks/blocks/types/VanillaWoodTypes
[13Jul2026 19:42:23.691] [modloading-worker-0/INFO] [com.teampotato.redirector.Redirector/]: Redirecting lilypuree/decorative_blocks/blocks/types/WoodDecorativeBlockTypes
[13Jul2026 19:42:23.705] [modloading-worker-0/INFO] [Dungeon Crawl/]: Here we go! Launching Dungeon Crawl 2.3.12...
[13Jul2026 19:42:23.717] [modloading-worker-0/INFO] [com.teampotato.redirector.Redirector/]: Redirecting com/chaosthedude/explorerscompass/client/OverlaySide
[13Jul2026 19:42:23.732] [modloading-worker-0/INFO] [com.teampotato.redirector.Redirector/]: Redirecting com/teamabnormals/blueprint/common/world/storage/tracking/SyncType
[13Jul2026 19:42:23.734] [modloading-worker-0/INFO] [com.teampotato.redirector.Redirector/]: Redirecting com/teamabnormals/blueprint/common/world/storage/tracking/TrackedDataManager
[13Jul2026 19:42:23.780] [modloading-worker-0/INFO] [Rhino Script Remapper/]: Done in 0.130 s
[13Jul2026 19:42:23.826] [modloading-worker-0/INFO] [com.teampotato.redirector.Redirector/]: Redirecting dev/latvian/mods/rhino/TopLevel$Builtins
[13Jul2026 19:42:23.827] [modloading-worker-0/INFO] [com.teampotato.redirector.Redirector/]: Redirecting dev/latvian/mods/rhino/TopLevel$NativeErrors
[13Jul2026 19:42:23.829] [modloading-worker-0/INFO] [com.teampotato.redirector.Redirector/]: Redirecting dev/latvian/mods/rhino/ScriptableObject$SlotAccess
[13Jul2026 19:42:23.839] [modloading-worker-0/INFO] [com.teampotato.redirector.Redirector/]: Redirecting dev/latvian/mods/rhino/MemberType
[13Jul2026 19:42:23.846] [modloading-worker-0/INFO] [dev.architectury.networking.forge.NetworkManagerImpl/]: Registering C2S receiver with id ftbchunks:request_map_data
[13Jul2026 19:42:23.850] [modloading-worker-0/INFO] [dev.architectury.networking.forge.NetworkManagerImpl/]: Registering C2S receiver with id ftbchunks:request_chunk_change
[13Jul2026 19:42:23.852] [modloading-worker-0/INFO] [dev.architectury.networking.forge.NetworkManagerImpl/]: Registering C2S receiver with id ftbchunks:teleport_from_map
[13Jul2026 19:42:23.853] [modloading-worker-0/INFO] [com.teampotato.redirector.Redirector/]: Redirecting dev/ftb/mods/ftblibrary/integration/stages/StageHelper
[13Jul2026 19:42:23.854] [modloading-worker-0/INFO] [dev.architectury.networking.forge.NetworkManagerImpl/]: Registering C2S receiver with id ftbchunks:sync_tx
[13Jul2026 19:42:23.858] [modloading-worker-0/INFO] [FTB Library/]: Setting game stages provider implementation to: KubeJS Stages
[13Jul2026 19:42:23.860] [modloading-worker-0/INFO] [com.teampotato.redirector.Redirector/]: Redirecting dev/latvian/mods/rhino/ES6Generator$State
[13Jul2026 19:42:23.863] [modloading-worker-0/INFO] [FTB XMod Compat/]: Chose [KubeJS Stages] as the active game stages implementation
[13Jul2026 19:42:23.864] [modloading-worker-0/INFO] [dev.architectury.networking.forge.NetworkManagerImpl/]: Registering C2S receiver with id ftbchunks:update_force_load_expiry
[13Jul2026 19:42:23.865] [modloading-worker-0/INFO] [dev.architectury.networking.forge.NetworkManagerImpl/]: Registering C2S receiver with id ftbchunks:server_config_request
[13Jul2026 19:42:23.867] [modloading-worker-0/INFO] [com.teampotato.redirector.Redirector/]: Redirecting dev/ftb/mods/ftblibrary/integration/permissions/PermissionHelper
[13Jul2026 19:42:23.868] [modloading-worker-0/INFO] [FTB XMod Compat/]: Chose [FALLBACK] as the active permissions implementation
[13Jul2026 19:42:23.869] [modloading-worker-0/INFO] [com.teampotato.redirector.Redirector/]: Redirecting dev/latvian/mods/rhino/NativeCollectionIterator$Type
[13Jul2026 19:42:23.873] [modloading-worker-0/INFO] [FTB XMod Compat/]: [FTB Quests] recipe helper provider is [JEI]
[13Jul2026 19:42:23.881] [modloading-worker-0/INFO] [FTB XMod Compat/]: [FTB Chunks] Enabled Waystones integration
[13Jul2026 19:42:23.946] [modloading-worker-0/INFO] [com.teampotato.redirector.Redirector/]: Redirecting net/minecraft/world/level/storage/loot/functions/CopyNameFunction$NameSource
[13Jul2026 19:42:24.024] [modloading-worker-0/ERROR] [net.minecraftforge.fml.loading.RuntimeDistCleaner/DISTXFORM]: Attempted to load class com/mojang/blaze3d/vertex/PoseStack for invalid dist DEDICATED_SERVER
[13Jul2026 19:42:24.115] [modloading-worker-0/INFO] [com.teampotato.redirector.Redirector/]: Redirecting dev/latvian/mods/kubejs/util/RotationAxis
[13Jul2026 19:42:24.226] [modloading-worker-0/INFO] [com.teampotato.redirector.Redirector/]: Redirecting dev/latvian/mods/kubejs/util/JSObjectType
[13Jul2026 19:42:24.229] [modloading-worker-0/INFO] [KubeJS Startup/]: example.js#5: Hello, World! (Loaded startup scripts)
[13Jul2026 19:42:24.233] [modloading-worker-0/INFO] [KubeJS Startup/]: Loaded script startup_scripts:example.js in 0.085 s
[13Jul2026 19:42:24.239] [modloading-worker-0/INFO] [com.teampotato.redirector.Redirector/]: Redirecting dev/latvian/mods/rhino/ast/FunctionNode$Form
[13Jul2026 19:42:24.241] [modloading-worker-0/INFO] [com.teampotato.redirector.Redirector/]: Redirecting daripher/skilltree/skill/bonus/condition/item/PotionCondition$Type
[13Jul2026 19:42:24.302] [modloading-worker-0/INFO] [com.teampotato.redirector.Redirector/]: Redirecting daripher/skilltree/compat/apotheosis/ApotheosisCompatibility
[13Jul2026 19:42:24.305] [modloading-worker-0/INFO] [KubeJS Startup/]: Loaded script startup_scripts:carpgitemmod.js in 0.066 s
[13Jul2026 19:42:24.311] [modloading-worker-0/INFO] [KubeJS Startup/]: Loaded 2/2 KubeJS startup scripts in 0.525 s
[13Jul2026 19:42:24.313] [modloading-worker-0/INFO] [com.teampotato.redirector.Redirector/]: Redirecting dev/latvian/mods/kubejs/event/EventResult$Type
[13Jul2026 19:42:24.329] [modloading-worker-0/INFO] [com.teampotato.redirector.Redirector/]: Redirecting shadows/apotheosis/adventure/affix/AffixType
[13Jul2026 19:42:24.373] [modloading-worker-0/INFO] [com.teampotato.redirector.Redirector/]: Redirecting daripher/skilltree/skill/bonus/player/LootDuplicationBonus$LootType
[13Jul2026 19:42:24.382] [modloading-worker-0/INFO] [dev.architectury.networking.forge.NetworkManagerImpl/]: Registering C2S receiver with id kubejs:send_data_from_client
[13Jul2026 19:42:24.389] [modloading-worker-0/INFO] [dev.architectury.networking.forge.NetworkManagerImpl/]: Registering C2S receiver with id kubejs:first_click
[13Jul2026 19:42:24.427] [modloading-worker-0/INFO] [com.teampotato.redirector.Redirector/]: Redirecting de/maxhenkel/easyvillagers/ClientConfig$CycleTradesButtonLocation
[13Jul2026 19:42:24.485] [modloading-worker-0/OFF] [com.github.dragoni7.dreamland.Dreamland/]: Registered Dreamland Sound Types...
[13Jul2026 19:42:24.540] [modloading-worker-0/INFO] [com.teampotato.redirector.Redirector/]: Redirecting io/redspace/ironsspellbooks/api/spells/SpellRarity
[13Jul2026 19:42:24.620] [modloading-worker-0/OFF] [com.github.dragoni7.dreamland.Dreamland/]: Registered Dreamland Wood Sets
[13Jul2026 19:42:24.669] [modloading-worker-0/INFO] [TrustManager/]: Loading mod 'apexcore' TrustWorthiness...
[13Jul2026 19:42:24.670] [modloading-worker-0/FATAL] [TrustManager/]: Could not determine mod trust worthiness, Assuming Jar was downloaded from trusted source!
[13Jul2026 19:42:24.670] [modloading-worker-0/INFO] [TrustManager/]: Loaded mod 'apexcore' TrustWorthiness: UNKNOWN
[13Jul2026 19:42:24.724] [modloading-worker-0/INFO] [TrustManager/]: Loading mod 'fantasyfurniture' TrustWorthiness...
[13Jul2026 19:42:24.725] [modloading-worker-0/FATAL] [TrustManager/]: Could not determine mod trust worthiness, Assuming Jar was downloaded from trusted source!
[13Jul2026 19:42:24.725] [modloading-worker-0/INFO] [TrustManager/]: Loaded mod 'fantasyfurniture' TrustWorthiness: UNKNOWN
[13Jul2026 19:42:24.769] [modloading-worker-0/INFO] [com.teampotato.redirector.Redirector/]: Redirecting net/valhelsia/valhelsia_core/client/cosmetics/CosmeticsCategory
[13Jul2026 19:42:24.859] [modloading-worker-0/INFO] [com.teampotato.redirector.Redirector/]: Redirecting io/redspace/ironsspellbooks/gui/overlays/ManaBarOverlay$Display
[13Jul2026 19:42:24.859] [modloading-worker-0/INFO] [com.teampotato.redirector.Redirector/]: Redirecting io/redspace/ironsspellbooks/gui/overlays/ManaBarOverlay$Anchor
[13Jul2026 19:42:24.860] [modloading-worker-0/INFO] [com.teampotato.redirector.Redirector/]: Redirecting io/redspace/ironsspellbooks/gui/overlays/SpellBarOverlay$Anchor
[13Jul2026 19:42:24.862] [modloading-worker-0/INFO] [com.teampotato.redirector.Redirector/]: Redirecting io/redspace/ironsspellbooks/gui/overlays/RecastOverlay$Anchor
[13Jul2026 19:42:25.234] [main/INFO] [com.teampotato.redirector.Redirector/]: Redirecting com/blamejared/crafttweaker/api/ingredient/transform/serializer/TransformReplaceSerializer
[13Jul2026 19:42:25.235] [main/INFO] [com.teampotato.redirector.Redirector/]: Redirecting com/blamejared/crafttweaker/api/ingredient/transform/serializer/TransformDamageSerializer
[13Jul2026 19:42:25.236] [main/INFO] [com.teampotato.redirector.Redirector/]: Redirecting com/blamejared/crafttweaker/api/ingredient/transform/serializer/TransformCustomSerializer
[13Jul2026 19:42:25.236] [main/INFO] [com.teampotato.redirector.Redirector/]: Redirecting com/blamejared/crafttweaker/api/ingredient/condition/serializer/ConditionDamagedSerializer
[13Jul2026 19:42:25.237] [main/INFO] [com.teampotato.redirector.Redirector/]: Redirecting com/blamejared/crafttweaker/api/ingredient/condition/serializer/ConditionAnyDamagedSerializer
[13Jul2026 19:42:25.238] [main/INFO] [com.teampotato.redirector.Redirector/]: Redirecting com/blamejared/crafttweaker/api/ingredient/condition/serializer/ConditionCustomSerializer
[13Jul2026 19:42:25.242] [main/INFO] [com.teampotato.redirector.Redirector/]: Redirecting com/illusivesoulworks/spectrelib/config/SpectreConfig$Type
[13Jul2026 19:42:25.246] [main/INFO] [com.teampotato.redirector.Redirector/]: Redirecting com/illusivesoulworks/spectrelib/config/SpectreConfig$InstanceType
[13Jul2026 19:42:25.264] [main/INFO] [com.teampotato.redirector.Redirector/]: Redirecting com/github/kay9/dragonmounts/habitats/DragonBreathHabitat
[13Jul2026 19:42:25.271] [main/INFO] [com.teampotato.redirector.Redirector/]: Redirecting net/mehvahdjukaar/moonlight/api/fluids/SoftFluid$TintMethod
[13Jul2026 19:42:25.313] [main/INFO] [com.teampotato.redirector.Redirector/]: Redirecting io/github/apace100/origins/origin/Impact
[13Jul2026 19:42:25.484] [main/INFO] [com.teampotato.redirector.Redirector/]: Redirecting com/legacy/structure_gel/api/block/base/IStructureGel$Behavior
[13Jul2026 19:42:25.546] [main/INFO] [com.teampotato.redirector.Redirector/]: Redirecting ovh/corail/tombstone/block/SoulType
[13Jul2026 19:42:25.574] [main/INFO] [com.teampotato.redirector.Redirector/]: Redirecting com/tom/storagemod/block/AbstractStorageTerminalBlock$TerminalPos
[13Jul2026 19:42:25.769] [main/INFO] [com.teampotato.redirector.Redirector/]: Redirecting com/tom/storagemod/block/InventoryProxyBlock$DirectionWithNull
[13Jul2026 19:42:25.772] [main/INFO] [com.teampotato.redirector.Redirector/]: Redirecting com/bobmowzie/mowziesmobs/server/block/GongBlock$GongPart
[13Jul2026 19:42:25.773] [main/INFO] [com.teampotato.redirector.Redirector/]: Redirecting com/bobmowzie/mowziesmobs/server/block/RakedSandBlock$RakedSandShape
[13Jul2026 19:42:25.797] [main/INFO] [com.teampotato.redirector.Redirector/]: Redirecting vectorwing/farmersdelight/common/block/state/CookingPotSupport
[13Jul2026 19:42:25.931] [main/INFO] [com.teampotato.redirector.Redirector/]: Redirecting com/legacy/blue_skies/blocks/natural/BrewberryBushBlock$Type
[13Jul2026 19:42:25.941] [main/INFO] [com.teampotato.redirector.Redirector/]: Redirecting com/legacy/blue_skies/blocks/util/IFluidLoggable$FluidLogging
[13Jul2026 19:42:25.941] [main/INFO] [com.teampotato.redirector.Redirector/]: Redirecting com/legacy/blue_skies/blocks/natural/SkyDripstoneBlock$Section
[13Jul2026 19:42:25.942] [main/INFO] [com.teampotato.redirector.Redirector/]: Redirecting com/legacy/blue_skies/blocks/natural/SkyDripstoneBlock$Type
[13Jul2026 19:42:25.945] [main/INFO] [com.teampotato.redirector.Redirector/]: Redirecting com/legacy/blue_skies/blocks/natural/LargeLilyPadBlock$Corner
[13Jul2026 19:42:25.956] [main/INFO] [com.teampotato.redirector.Redirector/]: Redirecting com/legacy/blue_skies/blocks/natural/FruitLeavesBlock$Growth
[13Jul2026 19:42:25.989] [main/INFO] [com.teampotato.redirector.Redirector/]: Redirecting com/legacy/blue_skies/blocks/construction/SkyPressurePlateBlock$Sensitivity
[13Jul2026 19:42:25.993] [main/INFO] [com.teampotato.redirector.Redirector/]: Redirecting com/legacy/blue_skies/entities/util/SkiesDungeonType
[13Jul2026 19:42:26.019] [main/INFO] [com.teampotato.redirector.Redirector/]: Redirecting com/legacy/blue_skies/blocks/misc/TrophyBlock$Tier
[13Jul2026 19:42:26.273] [main/INFO] [com.teampotato.redirector.Redirector/]: Redirecting com/ninni/twigs/block/enums/TwigsColumnShape
[13Jul2026 19:42:26.353] [main/INFO] [com.teampotato.redirector.Redirector/]: Redirecting twilightforest/enums/FireJetVariant
[13Jul2026 19:42:26.357] [main/INFO] [com.teampotato.redirector.Redirector/]: Redirecting twilightforest/enums/HugeLilypadPiece
[13Jul2026 19:42:26.358] [main/INFO] [com.teampotato.redirector.Redirector/]: Redirecting twilightforest/enums/NagastoneVariant
[13Jul2026 19:42:26.359] [main/INFO] [com.teampotato.redirector.Redirector/]: Redirecting twilightforest/enums/Diagonals
[13Jul2026 19:42:26.365] [main/INFO] [com.teampotato.redirector.Redirector/]: Redirecting twilightforest/enums/BlockLoggingEnum
[13Jul2026 19:42:26.368] [main/INFO] [com.teampotato.redirector.Redirector/]: Redirecting twilightforest/block/AbstractLightableBlock$Lighting
[13Jul2026 19:42:26.378] [main/INFO] [com.teampotato.redirector.Redirector/]: Redirecting twilightforest/enums/TowerDeviceVariant
[13Jul2026 19:42:26.399] [main/INFO] [com.teampotato.redirector.Redirector/]: Redirecting twilightforest/enums/BossVariant
[13Jul2026 19:42:26.400] [main/INFO] [com.teampotato.redirector.Redirector/]: Redirecting twilightforest/enums/BossVariant$TrophyType
[13Jul2026 19:42:26.403] [main/INFO] [com.teampotato.redirector.Redirector/]: Redirecting twilightforest/enums/BanisterShape
[13Jul2026 19:42:26.406] [main/INFO] [com.teampotato.redirector.Redirector/]: Redirecting twilightforest/enums/HollowLogVariants$Horizontal
[13Jul2026 19:42:26.409] [main/INFO] [com.teampotato.redirector.Redirector/]: Redirecting twilightforest/enums/HollowLogVariants$Climbable
[13Jul2026 19:42:26.448] [main/INFO] [com.teampotato.redirector.Redirector/]: Redirecting com/teamremastered/endrem/blocks/ERFrameProperties
[13Jul2026 19:42:26.460] [main/INFO] [com.teampotato.redirector.Redirector/]: Redirecting com/github/L_Ender/cataclysm/blocks/Door_of_Seal_Block$Door_Of_Seal_Part
[13Jul2026 19:42:26.462] [main/INFO] [com.teampotato.redirector.Redirector/]: Redirecting com/github/L_Ender/cataclysm/blocks/Cataclysm_Skull_Block$Types
[13Jul2026 19:42:26.489] [main/INFO] [com.teampotato.redirector.Redirector/]: Redirecting com/hollingsworth/arsnouveau/common/block/ThreePartBlock
[13Jul2026 19:42:26.490] [main/INFO] [com.teampotato.redirector.Redirector/]: Redirecting net/minecraft/world/level/pathfinder/PathComputationType
[13Jul2026 19:42:26.491] [main/INFO] [com.teampotato.redirector.Redirector/]: Redirecting net/minecraft/world/level/block/RenderShape
[13Jul2026 19:42:26.796] [main/INFO] [com.teampotato.redirector.Redirector/]: Redirecting satisfyu/vinery/util/VineryLineConnectingType
[13Jul2026 19:42:26.848] [main/INFO] [com.teampotato.redirector.Redirector/]: Redirecting com/obscuria/aquamirae/common/blocks/OxygeliumBlock$Type
[13Jul2026 19:42:26.860] [main/INFO] [com.teampotato.redirector.Redirector/]: Redirecting lilypuree/decorative_blocks/blocks/state/SupportFaceShape
[13Jul2026 19:42:26.883] [main/INFO] [com.teampotato.redirector.Redirector/]: Redirecting com/cerbon/bosses_of_mass_destruction/block/custom/TripleBlockPart
[13Jul2026 19:42:26.890] [main/INFO] [com.teampotato.redirector.Redirector/]: Redirecting com/teamabnormals/blueprint/common/block/VerticalSlabBlock$VerticalSlabType
[13Jul2026 19:42:26.941] [main/INFO] [com.teampotato.redirector.Redirector/]: Redirecting com/teamabnormals/atmospheric/common/block/state/properties/PassionVineAttachment
[13Jul2026 19:42:26.950] [main/INFO] [com.teampotato.redirector.Redirector/]: Redirecting com/teamabnormals/blueprint/common/block/DirectionalVerticalSlabBlock$VerticalSlabType
[13Jul2026 19:42:27.042] [main/INFO] [com.teampotato.redirector.Redirector/]: Redirecting com/teamabnormals/atmospheric/common/block/state/properties/DragonRootsStage
[13Jul2026 19:42:27.047] [main/INFO] [com.teampotato.redirector.Redirector/]: Redirecting com/jaquadro/minecraft/storagedrawers/block/EnumCompDrawer
[13Jul2026 19:42:27.050] [main/INFO] [com.teampotato.redirector.Redirector/]: Redirecting com/jaquadro/minecraft/storagedrawers/block/EnumKeyType
[13Jul2026 19:42:27.148] [main/INFO] [com.teampotato.redirector.Redirector/]: Redirecting xyz/apex/forge/fantasyfurniture/common/block/decorations/CookieJarBlock$FillStage
[13Jul2026 19:42:27.210] [main/INFO] [com.teampotato.redirector.Redirector/]: Redirecting xyz/apex/forge/fantasyfurniture/common/block/furniture/FloorLightBlock$Part
[13Jul2026 19:42:27.213] [main/INFO] [com.teampotato.redirector.Redirector/]: Redirecting xyz/apex/forge/fantasyfurniture/common/block/furniture/ShelfBlock$Connection
[13Jul2026 19:42:27.216] [main/INFO] [com.teampotato.redirector.Redirector/]: Redirecting xyz/apex/forge/fantasyfurniture/common/block/furniture/SofaBlock$Connection
[13Jul2026 19:42:27.222] [main/INFO] [com.teampotato.redirector.Redirector/]: Redirecting xyz/apex/forge/fantasyfurniture/common/block/furniture/CounterBlock$Connection
[13Jul2026 19:42:27.298] [main/INFO] [com.teampotato.redirector.Redirector/]: Redirecting com/stal111/forbidden_arcanus/common/block/properties/PillarType
[13Jul2026 19:42:27.299] [main/INFO] [com.teampotato.redirector.Redirector/]: Redirecting com/stal111/forbidden_arcanus/common/block/properties/ObeliskPart
[13Jul2026 19:42:27.300] [main/INFO] [com.teampotato.redirector.Redirector/]: Redirecting com/stal111/forbidden_arcanus/common/block/properties/ClibanoCenterType
[13Jul2026 19:42:27.300] [main/INFO] [com.teampotato.redirector.Redirector/]: Redirecting com/stal111/forbidden_arcanus/common/block/properties/ClibanoSideType
[13Jul2026 19:42:27.433] [main/INFO] [com.teampotato.redirector.Redirector/]: Redirecting daripher/skilltree/skill/bonus/multiplier/NoneLivingMultiplier
[13Jul2026 19:42:27.433] [main/INFO] [com.teampotato.redirector.Redirector/]: Redirecting daripher/skilltree/skill/bonus/condition/living/NoneLivingCondition
[13Jul2026 19:42:27.434] [main/INFO] [com.teampotato.redirector.Redirector/]: Redirecting daripher/skilltree/skill/bonus/condition/damage/NoneDamageCondition
[13Jul2026 19:42:27.487] [main/ERROR] [net.minecraftforge.eventbus.EventSubclassTransformer/EVENTBUS]: Could not find parent net/minecraft/client/particle/TextureSheetParticle for class it/hurts/sskirillss/octolib/particle/BasicColoredParticle in classloader cpw.mods.modlauncher.TransformingClassLoader@58f290bc on thread Thread[main,5,main]
[13Jul2026 19:42:27.487] [main/ERROR] [net.minecraftforge.eventbus.EventSubclassTransformer/EVENTBUS]: An error occurred building event handler
java.lang.ClassNotFoundException: net.minecraft.client.particle.TextureSheetParticle
	at cpw.mods.cl.ModuleClassLoader.loadClass(ModuleClassLoader.java:141) ~[securejarhandler-2.1.4.jar:?]
	at java.lang.ClassLoader.loadClass(ClassLoader.java:525) ~[?:?]
	at net.minecraftforge.eventbus.EventSubclassTransformer.buildEvents(EventSubclassTransformer.java:92) ~[eventbus-6.0.3.jar%2351!/:?]
	at net.minecraftforge.eventbus.EventSubclassTransformer.transform(EventSubclassTransformer.java:44) ~[eventbus-6.0.3.jar%2351!/:?]
	at net.minecraftforge.eventbus.EventBusEngine.processClass(EventBusEngine.java:26) ~[eventbus-6.0.3.jar%2351!/:?]
	at net.minecraftforge.eventbus.service.ModLauncherService.processClassWithFlags(ModLauncherService.java:32) ~[eventbus-6.0.3.jar%2351!/:6.0.3+6.0.3+master.039e4ea9]
	at cpw.mods.modlauncher.LaunchPluginHandler.offerClassNodeToPlugins(LaunchPluginHandler.java:88) ~[modlauncher-10.0.8.jar%2354!/:?]
	at cpw.mods.modlauncher.ClassTransformer.transform(ClassTransformer.java:120) ~[modlauncher-10.0.8.jar%2354!/:?]
	at cpw.mods.modlauncher.TransformingClassLoader.maybeTransformClassBytes(TransformingClassLoader.java:50) ~[modlauncher-10.0.8.jar%2354!/:?]
	at cpw.mods.cl.ModuleClassLoader.readerToClass(ModuleClassLoader.java:113) ~[securejarhandler-2.1.4.jar:?]
	at cpw.mods.cl.ModuleClassLoader.lambda$findClass$15(ModuleClassLoader.java:219) ~[securejarhandler-2.1.4.jar:?]
	at cpw.mods.cl.ModuleClassLoader.loadFromModule(ModuleClassLoader.java:229) ~[securejarhandler-2.1.4.jar:?]
	at cpw.mods.cl.ModuleClassLoader.findClass(ModuleClassLoader.java:219) ~[securejarhandler-2.1.4.jar:?]
	at cpw.mods.cl.ModuleClassLoader.loadClass(ModuleClassLoader.java:135) ~[securejarhandler-2.1.4.jar:?]
	at java.lang.ClassLoader.loadClass(ClassLoader.java:525) ~[?:?]
	at java.lang.ClassLoader.defineClass0(Native Method) ~[?:?]
	at java.lang.System$2.defineClass(System.java:2324) ~[?:?]
	at java.lang.invoke.MethodHandles$Lookup$ClassDefiner.defineClass(MethodHandles.java:2439) ~[?:?]
	at java.lang.invoke.MethodHandles$Lookup$ClassDefiner.defineClassAsLookup(MethodHandles.java:2420) ~[?:?]
	at java.lang.invoke.MethodHandles$Lookup.defineHiddenClass(MethodHandles.java:2127) ~[?:?]
	at java.lang.invoke.InnerClassLambdaMetafactory.generateInnerClass(InnerClassLambdaMetafactory.java:407) ~[?:?]
	at java.lang.invoke.InnerClassLambdaMetafactory.spinInnerClass(InnerClassLambdaMetafactory.java:315) ~[?:?]
	at java.lang.invoke.InnerClassLambdaMetafactory.buildCallSite(InnerClassLambdaMetafactory.java:228) ~[?:?]
	at java.lang.invoke.LambdaMetafactory.metafactory(LambdaMetafactory.java:341) ~[?:?]
	at java.lang.invoke.BootstrapMethodInvoker.invoke(BootstrapMethodInvoker.java:134) ~[?:?]
	at java.lang.invoke.CallSite.makeSite(CallSite.java:315) ~[?:?]
	at java.lang.invoke.MethodHandleNatives.linkCallSiteImpl(MethodHandleNatives.java:281) ~[?:?]
	at java.lang.invoke.MethodHandleNatives.linkCallSite(MethodHandleNatives.java:271) ~[?:?]
	at it.hurts.sskirillss.octolib.particle.BasicColoredParticle$Options.<clinit>(BasicColoredParticle.java:270) ~[octolib-1.19.2-0.3.jar%23451!/:1.19.2-0.3]
	at it.hurts.sskirillss.octolib.particle.BasicColoredParticle$Factory$Type.<init>(BasicColoredParticle.java:328) ~[octolib-1.19.2-0.3.jar%23451!/:1.19.2-0.3]
	at net.minecraftforge.registries.DeferredRegister.lambda$addEntries$1(DeferredRegister.java:388) ~[forge-1.19.2-43.4.2-universal.jar%23530!/:?]
	at net.minecraftforge.registries.RegisterEvent.register(RegisterEvent.java:59) ~[forge-1.19.2-43.4.2-universal.jar%23530!/:?]
	at net.minecraftforge.registries.DeferredRegister.addEntries(DeferredRegister.java:388) ~[forge-1.19.2-43.4.2-universal.jar%23530!/:?]
	at net.minecraftforge.registries.DeferredRegister$EventDispatcher.handleEvent(DeferredRegister.java:330) ~[forge-1.19.2-43.4.2-universal.jar%23530!/:?]
	at net.minecraftforge.registries.__EventDispatcher_handleEvent_RegisterEvent.invoke(.dynamic) ~[forge-1.19.2-43.4.2-universal.jar%23530!/:?]
	at net.minecraftforge.eventbus.ASMEventHandler.invoke(ASMEventHandler.java:73) ~[eventbus-6.0.3.jar%2351!/:?]
	at net.minecraftforge.eventbus.EventBus.post(EventBus.java:315) ~[eventbus-6.0.3.jar%2351!/:?]
	at net.minecraftforge.eventbus.EventBus.post(EventBus.java:296) ~[eventbus-6.0.3.jar%2351!/:?]
	at net.minecraftforge.fml.javafmlmod.FMLModContainer.acceptEvent(FMLModContainer.java:114) ~[javafmllanguage-1.19.2-43.4.2.jar%23527!/:?]
	at net.minecraftforge.fml.ModLoader.lambda$postEventWithWrapInModOrder$35(ModLoader.java:315) ~[fmlcore-1.19.2-43.4.2.jar%23526!/:?]
	at java.lang.Iterable.forEach(Iterable.java:75) ~[?:?]
	at net.minecraftforge.fml.ModList.forEachModInOrder(ModList.java:225) ~[fmlcore-1.19.2-43.4.2.jar%23526!/:?]
	at net.minecraftforge.fml.ModLoader.postEventWithWrapInModOrder(ModLoader.java:313) ~[fmlcore-1.19.2-43.4.2.jar%23526!/:?]
	at net.minecraftforge.registries.GameData.postRegisterEvents(GameData.java:341) ~[forge-1.19.2-43.4.2-universal.jar%23530!/:?]
	at net.minecraftforge.common.ForgeStatesProvider.lambda$new$4(ForgeStatesProvider.java:25) ~[forge-1.19.2-43.4.2-universal.jar%23530!/:?]
	at net.minecraftforge.fml.ModLoader.lambda$dispatchAndHandleError$23(ModLoader.java:207) ~[fmlcore-1.19.2-43.4.2.jar%23526!/:?]
	at java.util.Optional.ifPresent(Optional.java:178) ~[?:?]
	at net.minecraftforge.fml.ModLoader.dispatchAndHandleError(ModLoader.java:207) ~[fmlcore-1.19.2-43.4.2.jar%23526!/:?]
	at net.minecraftforge.fml.ModLoader.lambda$gatherAndInitializeMods$14(ModLoader.java:185) ~[fmlcore-1.19.2-43.4.2.jar%23526!/:?]
	at java.lang.Iterable.forEach(Iterable.java:75) ~[?:?]
	at net.minecraftforge.fml.ModLoader.gatherAndInitializeMods(ModLoader.java:185) ~[fmlcore-1.19.2-43.4.2.jar%23526!/:?]
	at net.minecraftforge.server.loading.ServerModLoader.load(ServerModLoader.java:32) ~[forge-1.19.2-43.4.2-universal.jar%23530!/:?]
	at net.minecraft.server.Main.main(Main.java:113) ~[server-1.19.2-20220805.130853-srg.jar%23525!/:?]
	at jdk.internal.reflect.NativeMethodAccessorImpl.invoke0(Native Method) ~[?:?]
	at jdk.internal.reflect.NativeMethodAccessorImpl.invoke(NativeMethodAccessorImpl.java:77) ~[?:?]
	at jdk.internal.reflect.DelegatingMethodAccessorImpl.invoke(DelegatingMethodAccessorImpl.java:43) ~[?:?]
	at java.lang.reflect.Method.invoke(Method.java:569) ~[?:?]
	at net.minecraftforge.fml.loading.targets.CommonServerLaunchHandler.lambda$launchService$0(CommonServerLaunchHandler.java:29) ~[fmlloader-1.19.2-43.4.2.jar%2367!/:?]
	at cpw.mods.modlauncher.LaunchServiceHandlerDecorator.launch(LaunchServiceHandlerDecorator.java:30) [modlauncher-10.0.8.jar%2354!/:?]
	at cpw.mods.modlauncher.LaunchServiceHandler.launch(LaunchServiceHandler.java:53) [modlauncher-10.0.8.jar%2354!/:?]
	at cpw.mods.modlauncher.LaunchServiceHandler.launch(LaunchServiceHandler.java:71) [modlauncher-10.0.8.jar%2354!/:?]
	at cpw.mods.modlauncher.Launcher.run(Launcher.java:106) [modlauncher-10.0.8.jar%2354!/:?]
	at cpw.mods.modlauncher.Launcher.main(Launcher.java:77) [modlauncher-10.0.8.jar%2354!/:?]
	at cpw.mods.modlauncher.BootstrapLaunchConsumer.accept(BootstrapLaunchConsumer.java:26) [modlauncher-10.0.8.jar%2354!/:?]
	at cpw.mods.modlauncher.BootstrapLaunchConsumer.accept(BootstrapLaunchConsumer.java:23) [modlauncher-10.0.8.jar%2354!/:?]
	at cpw.mods.bootstraplauncher.BootstrapLauncher.main(BootstrapLauncher.java:141) [bootstraplauncher-1.1.2.jar:?]
[13Jul2026 19:42:27.804] [main/ERROR] [net.minecraft.Util/]: Adding duplicate key 'ResourceKey[minecraft:worldgen/structure_processor / minecraft:capped]' to registry
[13Jul2026 19:42:27.804] [main/ERROR] [net.minecraft.Util/]: Adding duplicate value 'com.min01.archaeology.init.ArchaeologyStructureProcessorType$$Lambda$24593/0x00007d32c2f676c8@3cd2db8f' to registry
[13Jul2026 19:42:27.876] [main/INFO] [com.teampotato.redirector.Redirector/]: Redirecting com/bobmowzie/mowziesmobs/server/entity/umvuthana/MaskType
[13Jul2026 19:42:29.347] [main/INFO] [com.teampotato.redirector.Redirector/]: Redirecting com/legacy/blue_skies/world/general_features/structures/villages/SkiesVillageProfessions
[13Jul2026 19:42:29.452] [main/INFO] [com.teampotato.redirector.Redirector/]: Redirecting com/legacy/blue_skies/registries/SkiesSurfaceRules$CrystalRoughness
[13Jul2026 19:42:29.454] [main/INFO] [com.teampotato.redirector.Redirector/]: Redirecting com/legacy/blue_skies/registries/SkiesSurfaceRules$ReservoirMuddiness
[13Jul2026 19:42:29.466] [main/INFO] [com.teampotato.redirector.Redirector/]: Redirecting dev/limonblaze/oriacs/common/item/OriacsArmorMaterials
[13Jul2026 19:42:29.498] [main/INFO] [com.teampotato.redirector.Redirector/]: Redirecting com/rolfmao/upgradedcore/compat/ExternalMods
[13Jul2026 19:42:29.531] [main/INFO] [com.teampotato.redirector.Redirector/]: Redirecting com/rolfmao/upgradednetherite/utils/enums/ModItemTier
[13Jul2026 19:42:29.535] [main/INFO] [com.teampotato.redirector.Redirector/]: Redirecting com/rolfmao/upgradednetherite/utils/enums/ModArmorMaterial
[13Jul2026 19:42:29.558] [main/INFO] [com.teampotato.redirector.Redirector/]: Redirecting ovh/corail/tombstone/item/ItemAdvancement$IconType
[13Jul2026 19:42:29.559] [main/INFO] [com.teampotato.redirector.Redirector/]: Redirecting ovh/corail/tombstone/item/ItemScrollBuff$SpellBuff
[13Jul2026 19:42:29.591] [main/INFO] [com.teampotato.redirector.Redirector/]: Redirecting ovh/corail/tombstone/helper/DamageCategory
[13Jul2026 19:42:29.630] [main/INFO] [com.teampotato.redirector.Redirector/]: Redirecting ovh/corail/tombstone/registry/ModTriggers$WololoColor
[13Jul2026 19:42:29.676] [main/INFO] [com.teampotato.redirector.Redirector/]: Redirecting samebutdifferent/ecologics/entity/ModBoat$Type
[13Jul2026 19:42:29.681] [main/INFO] [com.teampotato.redirector.Redirector/]: Redirecting com/rolfmao/upgradednetherite_ultimate/utils/enums/ModItemTier
[13Jul2026 19:42:29.683] [main/INFO] [com.teampotato.redirector.Redirector/]: Redirecting com/rolfmao/upgradednetherite_ultimate/utils/enums/ModArmorMaterial
[13Jul2026 19:42:29.739] [main/INFO] [com.teampotato.redirector.Redirector/]: Redirecting com/legacy/blue_skies/items/util/SkiesItemTier
[13Jul2026 19:42:29.744] [main/INFO] [com.teampotato.redirector.Redirector/]: Redirecting com/legacy/blue_skies/items/util/SkiesArmorMaterial
[13Jul2026 19:42:29.750] [main/INFO] [com.teampotato.redirector.Redirector/]: Redirecting com/aetherteam/aether/item/combat/AetherItemTiers
[13Jul2026 19:42:29.754] [main/INFO] [com.teampotato.redirector.Redirector/]: Redirecting com/aetherteam/aether/item/combat/AetherArmorMaterials
[13Jul2026 19:42:29.770] [main/INFO] [com.teampotato.redirector.Redirector/]: Redirecting teamrazor/deepaether/init/DATiers
[13Jul2026 19:42:29.772] [main/INFO] [com.teampotato.redirector.Redirector/]: Redirecting teamrazor/deepaether/item/gear/DaArmorMaterials
[13Jul2026 19:42:29.775] [main/INFO] [com.teampotato.redirector.Redirector/]: Redirecting teamrazor/deepaether/entity/DABoatEntity$Type
[13Jul2026 19:42:29.791] [main/INFO] [com.teampotato.redirector.Redirector/]: Redirecting shadows/apotheosis/village/fletching/arrows/MiningArrowEntity$Type
[13Jul2026 19:42:29.802] [main/INFO] [com.teampotato.redirector.Redirector/]: Redirecting com/github/alexthe666/alexsmobs/item/ItemEcholocator$EchoType
[13Jul2026 19:42:29.815] [main/INFO] [com.teampotato.redirector.Redirector/]: Redirecting net/p3pp3rf1y/sophisticatedcore/upgrades/filter/Direction
[13Jul2026 19:42:29.836] [main/INFO] [com.teampotato.redirector.Redirector/]: Redirecting it/hurts/sskirillss/relics/items/relics/base/data/leveling/misc/UpgradeOperation
[13Jul2026 19:42:29.851] [main/INFO] [com.teampotato.redirector.Redirector/]: Redirecting com/izofar/bygonenether/item/ModArmorMaterial
[13Jul2026 19:42:29.853] [main/INFO] [com.teampotato.redirector.Redirector/]: Redirecting twilightforest/enums/TwilightArmorMaterial
[13Jul2026 19:42:29.895] [main/INFO] [com.teampotato.redirector.Redirector/]: Redirecting com/github/L_Ender/cataclysm/items/ModItemTier
[13Jul2026 19:42:29.898] [main/INFO] [com.teampotato.redirector.Redirector/]: Redirecting com/github/L_Ender/cataclysm/items/Armortier
[13Jul2026 19:42:29.945] [main/INFO] [com.teampotato.redirector.Redirector/]: Redirecting net/brnbrd/delightful/common/item/DelightfulTiers
[13Jul2026 19:42:29.958] [main/INFO] [com.teampotato.redirector.Redirector/]: Redirecting com/aizistral/enigmaticlegacy/items/RevelationTome$TomeType
[13Jul2026 19:42:29.974] [main/INFO] [com.teampotato.redirector.Redirector/]: Redirecting com/aizistral/enigmaticlegacy/api/items/IAdvancedPotionItem$PotionType
[13Jul2026 19:42:29.988] [main/INFO] [com.teampotato.redirector.Redirector/]: Redirecting net/mindoth/dreadsteel/item/armor/DreadsteelArmor$MaterialDreadsteel
[13Jul2026 19:42:29.989] [main/INFO] [com.teampotato.redirector.Redirector/]: Redirecting net/mindoth/dreadsteel/item/weapon/DreadsteelTier
[13Jul2026 19:42:29.991] [main/INFO] [com.teampotato.redirector.Redirector/]: Redirecting dev/ftb/mods/ftbquests/item/ScreenBlockItem$ScreenSize
[13Jul2026 19:42:29.999] [main/INFO] [com.teampotato.redirector.Redirector/]: Redirecting com/obscuria/obscureapi/api/common/classes/Ability$Cost$Type
[13Jul2026 19:42:30.001] [main/INFO] [com.teampotato.redirector.Redirector/]: Redirecting com/obscuria/obscureapi/api/common/classes/Ability$Style
[13Jul2026 19:42:30.004] [main/INFO] [com.teampotato.redirector.Redirector/]: Redirecting com/obscuria/obscureapi/api/common/classes/Bonus$Type
[13Jul2026 19:42:30.004] [main/INFO] [com.teampotato.redirector.Redirector/]: Redirecting com/obscuria/obscureapi/api/common/classes/Bonus$Operation
[13Jul2026 19:42:30.037] [main/INFO] [com.teampotato.redirector.Redirector/]: Redirecting net/sweenus/simplyswords/item/ModToolMaterial
[13Jul2026 19:42:30.078] [main/INFO] [com.teampotato.redirector.Redirector/]: Redirecting com/jaquadro/minecraft/storagedrawers/item/EnumUpgradeStorage
[13Jul2026 19:42:30.080] [main/INFO] [com.teampotato.redirector.Redirector/]: Redirecting com/jaquadro/minecraft/storagedrawers/item/EnumUpgradeRedstone
[13Jul2026 19:42:30.090] [main/INFO] [com.teampotato.redirector.Redirector/]: Redirecting io/redspace/ironsspellbooks/item/weapons/ExtendedWeaponTiers
[13Jul2026 19:42:30.094] [main/INFO] [com.teampotato.redirector.Redirector/]: Redirecting io/redspace/ironsspellbooks/item/armor/UpgradeTypes
[13Jul2026 19:42:30.097] [main/INFO] [com.teampotato.redirector.Redirector/]: Redirecting io/redspace/ironsspellbooks/item/armor/ExtendedArmorMaterials
[13Jul2026 19:42:30.106] [main/INFO] [com.teampotato.redirector.Redirector/]: Redirecting com/github/dragoni7/dreamland/core/registry/DreamlandArmorMaterials
[13Jul2026 19:42:30.141] [main/INFO] [com.teampotato.redirector.Redirector/]: Redirecting com/stal111/forbidden_arcanus/common/item/ModTiers
[13Jul2026 19:42:30.148] [main/INFO] [com.teampotato.redirector.Redirector/]: Redirecting com/stal111/forbidden_arcanus/common/entity/ModBoat$Type
[13Jul2026 19:42:30.150] [main/INFO] [com.teampotato.redirector.Redirector/]: Redirecting com/stal111/forbidden_arcanus/common/item/ModArmorMaterials
[13Jul2026 19:42:30.480] [main/INFO] [com.teampotato.redirector.Redirector/]: Redirecting com/blamejared/crafttweaker/impl/script/ScriptRecipeType
[13Jul2026 19:42:30.528] [main/INFO] [com.teampotato.redirector.Redirector/]: Redirecting com/legacy/blue_skies/crafting/ToolRecipe$Materials
[13Jul2026 19:42:30.531] [main/INFO] [com.teampotato.redirector.Redirector/]: Redirecting com/legacy/blue_skies/crafting/ToolRecipe$RecipeShapes
[13Jul2026 19:42:30.613] [main/INFO] [com.teampotato.redirector.Redirector/]: Redirecting com/hollingsworth/arsnouveau/api/recipe/SummonRitualRecipe$MobSource
[13Jul2026 19:42:30.641] [main/INFO] [com.teampotato.redirector.Redirector/]: Redirecting net/darkhax/bookshelf/impl/commands/CommandHand$OutputType
[13Jul2026 19:42:30.760] [main/ERROR] [net.minecraft.Util/]: Adding duplicate key 'ResourceKey[minecraft:worldgen/structure_type / bosses_of_mass_destruction:void_blossom]' to registry
[13Jul2026 19:42:30.760] [main/ERROR] [net.minecraft.Util/]: Adding duplicate value 'com.cerbon.bosses_of_mass_destruction.structure.BMDStructures$$Lambda$27089/0x00007d32c3627b08@4b68f07a' to registry
[13Jul2026 19:42:30.862] [main/INFO] [com.teampotato.redirector.Redirector/]: Redirecting io/github/edwinmindcraft/apoli/common/action/meta/SideConfiguration$Side
[13Jul2026 19:42:30.879] [main/INFO] [com.teampotato.redirector.Redirector/]: Redirecting io/github/apace100/apoli/power/factory/condition/bientity/RelativeRotationCondition$RotationType
[13Jul2026 19:42:30.912] [main/INFO] [com.teampotato.redirector.Redirector/]: Redirecting net/minecraft/world/level/LightLayer
[13Jul2026 19:42:30.919] [main/INFO] [com.teampotato.redirector.Redirector/]: Redirecting io/github/edwinmindcraft/apoli/common/action/configuration/ReferencePoint
[13Jul2026 19:42:30.922] [main/INFO] [com.teampotato.redirector.Redirector/]: Redirecting io/github/apace100/apoli/util/Shape
[13Jul2026 19:42:30.992] [main/INFO] [com.teampotato.redirector.Redirector/]: Redirecting io/github/apace100/apoli/util/InventoryUtil$InventoryType
[13Jul2026 19:42:31.005] [main/INFO] [com.teampotato.redirector.Redirector/]: Redirecting io/github/edwinmindcraft/apoli/common/condition/configuration/EnchantmentConfiguration$Calculation
[13Jul2026 19:42:31.065] [main/INFO] [com.teampotato.redirector.Redirector/]: Redirecting io/github/edwinmindcraft/apoli/api/power/factory/ModifierOperation$Phase
[13Jul2026 19:42:31.105] [main/INFO] [com.teampotato.redirector.Redirector/]: Redirecting io/github/edwinmindcraft/apoli/common/power/InventoryPower$ContainerType
[13Jul2026 19:42:31.126] [main/INFO] [com.teampotato.redirector.Redirector/]: Redirecting io/github/edwinmindcraft/apoli/common/power/configuration/PhasingConfiguration$RenderType
[13Jul2026 19:42:31.160] [main/INFO] [com.teampotato.redirector.Redirector/]: Redirecting io/github/edwinmindcraft/apoli/common/power/configuration/OverlayConfiguration$DrawMode
[13Jul2026 19:42:31.161] [main/INFO] [com.teampotato.redirector.Redirector/]: Redirecting io/github/edwinmindcraft/apoli/common/power/configuration/OverlayConfiguration$DrawPhase
[13Jul2026 19:42:31.167] [main/INFO] [com.teampotato.redirector.Redirector/]: Redirecting io/github/edwinmindcraft/apoli/common/power/ModifyGrindstonePower$ResultType
[13Jul2026 19:42:31.233] [main/INFO] [com.teampotato.redirector.Redirector/]: Redirecting com/telepathicgrunt/repurposedstructures/world/biomemodifiers/AdditionsTemperatureModifier$TEMPERATURE_RANGE
[13Jul2026 19:42:31.393] [main/INFO] [mixin/]: Mixing MixinForgeHooks from enigmaticlegacy.mixins.json into net.minecraftforge.common.ForgeHooks
[13Jul2026 19:42:31.470] [main/INFO] [com.teampotato.redirector.Redirector/]: Redirecting com/izofar/bygonenether/entity/WarpedEnderMan$WarpedEnderManVariant
[13Jul2026 19:42:31.527] [main/INFO] [com.teampotato.redirector.Redirector/]: Redirecting net/minecraftforge/event/entity/SpawnPlacementRegisterEvent$Operation
[13Jul2026 19:42:31.553] [Thread-0/INFO] [ModernFix/]: Please use /mfsrc to reload any changed mod config files
[13Jul2026 19:42:31.556] [main/INFO] [com.tom.storagemod.StorageMod/]: Loaded Tom's Simple Storage config file toms_storage-common.toml
[13Jul2026 19:42:31.579] [main/INFO] [Puzzles Lib/]: Loading common config for mutantmonsters
[13Jul2026 19:42:31.604] [main/INFO] [com.teampotato.redirector.Redirector/]: Redirecting com/github/alexthe666/citadel/config/biome/BiomeEntryType
[13Jul2026 19:42:31.671] [main/INFO] [com.teampotato.redirector.Redirector/]: Redirecting com/github/L_Ender/lionfishapi/config/biome/BiomeEntryType
[13Jul2026 19:42:31.719] [modloading-worker-0/INFO] [com.teampotato.redirector.Redirector/]: Redirecting shadows/gateways/entity/GatewayEntity$GatewaySize
[13Jul2026 19:42:31.767] [modloading-worker-0/INFO] [com.teampotato.redirector.Redirector/]: Redirecting top/theillusivec4/curios/common/network/server/sync/SPacketSyncStack$HandlerType
[13Jul2026 19:42:31.774] [modloading-worker-0/INFO] [com.teampotato.redirector.Redirector/]: Redirecting ovh/corail/tombstone/item/CastingType
[13Jul2026 19:42:31.788] [modloading-worker-0/INFO] [thetadev.constructionwand.ConstructionWand/]: ConstructionWand says hello - may the odds be ever in your favor.
[13Jul2026 19:42:31.802] [modloading-worker-0/INFO] [com.tom.storagemod.StorageMod/]: Tom's Storage Setup starting
[13Jul2026 19:42:31.817] [modloading-worker-0/INFO] [com.tom.storagemod.StorageMod/]: Initilaized Network Handler
[13Jul2026 19:42:31.822] [modloading-worker-0/INFO] [com.teampotato.redirector.Redirector/]: Redirecting mezz/jei/common/network/PacketIdServer
[13Jul2026 19:42:31.832] [modloading-worker-0/INFO] [com.teampotato.redirector.Redirector/]: Redirecting mezz/jei/common/config/GiveMode
[13Jul2026 19:42:31.835] [modloading-worker-0/INFO] [com.teampotato.redirector.Redirector/]: Redirecting com/hypherionmc/craterlib/core/networking/data/PacketSide
[13Jul2026 19:42:31.837] [modloading-worker-0/INFO] [com.teampotato.redirector.Redirector/]: Redirecting com/blamejared/crafttweaker/api/zencode/scriptrun/ScriptRunConfiguration$RunKind
[13Jul2026 19:42:31.844] [modloading-worker-0/INFO] [com.teampotato.redirector.Redirector/]: Redirecting com/blamejared/crafttweaker/api/zencode/scriptrun/ScriptDiscoveryConfiguration$SuspiciousNamesBehavior
[13Jul2026 19:42:31.856] [modloading-worker-0/INFO] [necronomicon/]: Necronomicon Initialized
[13Jul2026 19:42:31.867] [modloading-worker-0/INFO] [necronomicon/]: File exists, reading config for elocindev.necronomicon.NecronomiconConfig.
[13Jul2026 19:42:31.868] [modloading-worker-0/INFO] [necronomicon/]: Config for elocindev.necronomicon.NecronomiconConfig read successfully.
[13Jul2026 19:42:31.872] [modloading-worker-0/INFO] [CorgiLib/]: Initializing network...
[13Jul2026 19:42:31.874] [modloading-worker-0/INFO] [com.teampotato.redirector.Redirector/]: Redirecting corgitaco/corgilib/network/Packet$PacketDirection
[13Jul2026 19:42:31.880] [modloading-worker-0/INFO] [com.teampotato.redirector.Redirector/]: Redirecting com/blamejared/crafttweaker/impl/script/scriptrun/DecoratedRunKind
[13Jul2026 19:42:31.890] [modloading-worker-0/INFO] [CorgiLib/]: Initialized network!
[13Jul2026 19:42:31.893] [modloading-worker-0/INFO] [com.teampotato.redirector.Redirector/]: Redirecting shadows/apotheosis/adventure/boss/BossEvents$BossSpawnRules
[13Jul2026 19:42:31.910] [Forge Version Check/INFO] [net.minecraftforge.fml.VersionChecker/]: [saturn] Starting version check at https://github.com/AbdElAziz333/Saturn/raw/mc1.20.1/dev/updates.json
[13Jul2026 19:42:31.917] [modloading-worker-0/INFO] [com.biomemusic.BiomeMusic/]: biomemusic mod initialized
[13Jul2026 19:42:31.919] [modloading-worker-0/INFO] [com.chunksending.ChunkSending/]: chunksending mod initialized
[13Jul2026 19:42:31.946] [modloading-worker-0/INFO] [com.teampotato.redirector.Redirector/]: Redirecting org/openzen/zenscript/lexer/ZSTokenType
[13Jul2026 19:42:31.963] [modloading-worker-0/INFO] [com.recipeessentials.RecipeEssentials/]: recipeessentials mod initialized
[13Jul2026 19:42:31.981] [modloading-worker-0/INFO] [com.teampotato.redirector.Redirector/]: Redirecting shadows/apotheosis/adventure/affix/effect/PotionAffix$Target
[13Jul2026 19:42:31.986] [modloading-worker-0/INFO] [com.teampotato.redirector.Redirector/]: Redirecting shadows/apotheosis/adventure/affix/effect/DamageReductionAffix$DamageType
[13Jul2026 19:42:31.995] [modloading-worker-0/INFO] [com.connectivity.Connectivity/]: Connectivity initialized
[13Jul2026 19:42:32.029] [modloading-worker-0/INFO] [com.teampotato.redirector.Redirector/]: Redirecting com/aetherteam/nitrogen/api/users/User$Tier
[13Jul2026 19:42:32.032] [modloading-worker-0/INFO] [com.structureessentials.StructureEssentials/]: structureessentials mod initialized
[13Jul2026 19:42:32.081] [modloading-worker-0/INFO] [com.lootintegrations.LootintegrationsMod/]: lootintegrations mod initialized
[13Jul2026 19:42:32.082] [modloading-worker-0/INFO] [necronomicon/]: File exists, reading config for elocindev.item_obliterator.forge.config.ConfigEntries.
[13Jul2026 19:42:32.082] [modloading-worker-0/INFO] [necronomicon/]: Config for elocindev.item_obliterator.forge.config.ConfigEntries read successfully.
[13Jul2026 19:42:32.087] [modloading-worker-0/INFO] [elocindev.item_obliterator.forge.ItemObliterator/]: Loaded Item Obliterator Config
[13Jul2026 19:42:32.111] [modloading-worker-0/INFO] [com.teampotato.redirector.Redirector/]: Redirecting stdlib/Result$Discriminant
[13Jul2026 19:42:32.121] [modloading-worker-0/INFO] [com.teampotato.redirector.Redirector/]: Redirecting it/hurts/sskirillss/relics/network/packets/leveling/PacketRelicTweak$Operation
[13Jul2026 19:42:32.122] [modloading-worker-0/INFO] [com.teampotato.redirector.Redirector/]: Redirecting it/hurts/sskirillss/relics/network/packets/PacketSyncEntityEffects$Action
[13Jul2026 19:42:32.231] [modloading-worker-0/INFO] [com.teampotato.redirector.Redirector/]: Redirecting org/openzen/zenscript/parser/type/ParsedTypeBasic
[13Jul2026 19:42:32.324] [Forge Version Check/WARN] [net.minecraftforge.fml.VersionChecker/]: Failed to process update information
com.google.gson.JsonSyntaxException: java.lang.IllegalStateException: Expected BEGIN_OBJECT but was STRING at line 9 column 1 path $
	at com.google.gson.Gson.fromJson(Gson.java:975) ~[gson-2.8.9.jar%2370!/:?]
	at com.google.gson.Gson.fromJson(Gson.java:928) ~[gson-2.8.9.jar%2370!/:?]
	at com.google.gson.Gson.fromJson(Gson.java:877) ~[gson-2.8.9.jar%2370!/:?]
	at com.google.gson.Gson.fromJson(Gson.java:848) ~[gson-2.8.9.jar%2370!/:?]
	at net.minecraftforge.fml.VersionChecker$1.process(VersionChecker.java:183) ~[fmlcore-1.19.2-43.4.2.jar%23526!/:?]
	at java.lang.Iterable.forEach(Iterable.java:75) [?:?]
	at net.minecraftforge.fml.VersionChecker$1.run(VersionChecker.java:114) [fmlcore-1.19.2-43.4.2.jar%23526!/:?]
Caused by: java.lang.IllegalStateException: Expected BEGIN_OBJECT but was STRING at line 9 column 1 path $
	at com.google.gson.stream.JsonReader.beginObject(JsonReader.java:384) ~[gson-2.8.9.jar%2370!/:?]
	at com.google.gson.internal.bind.MapTypeAdapterFactory$Adapter.read(MapTypeAdapterFactory.java:183) ~[gson-2.8.9.jar%2370!/:?]
	at com.google.gson.internal.bind.MapTypeAdapterFactory$Adapter.read(MapTypeAdapterFactory.java:145) ~[gson-2.8.9.jar%2370!/:?]
	at com.google.gson.Gson.fromJson(Gson.java:963) ~[gson-2.8.9.jar%2370!/:?]
	... 6 more
[13Jul2026 19:42:32.327] [Forge Version Check/INFO] [net.minecraftforge.fml.VersionChecker/]: [majruszsdifficulty] Starting version check at https://raw.githubusercontent.com/Majrusz/MinecraftCommon/main/ProgressiveDifficulty/update.json
[13Jul2026 19:42:32.336] [modloading-worker-0/INFO] [com.teampotato.redirector.Redirector/]: Redirecting org/openzen/zenscript/codemodel/CompareType
[13Jul2026 19:42:32.339] [modloading-worker-0/INFO] [Enigmatic Legacy/INFO]: Initializing common setup phase...
[13Jul2026 19:42:32.340] [modloading-worker-0/INFO] [Enigmatic Legacy/INFO]: Registering packets...
[13Jul2026 19:42:32.380] [Forge Version Check/INFO] [net.minecraftforge.fml.VersionChecker/]: [majruszsdifficulty] Found status: AHEAD Current: 1.9.9-backport.1 Target: null
[13Jul2026 19:42:32.381] [Forge Version Check/INFO] [net.minecraftforge.fml.VersionChecker/]: [maxhealthfix] Starting version check at https://updates.blamejared.com/get?n=maxhealthfix&gv=1.19.2
[13Jul2026 19:42:32.396] [modloading-worker-0/INFO] [Enigmatic Legacy/INFO]: Registering triggers...
[13Jul2026 19:42:32.404] [modloading-worker-0/INFO] [Enigmatic Legacy/INFO]: Registering stats...
[13Jul2026 19:42:32.405] [modloading-worker-0/INFO] [Enigmatic Legacy/INFO]: Common setup phase finished successfully.
[13Jul2026 19:42:32.415] [modloading-worker-0/INFO] [com.teampotato.redirector.Redirector/]: Redirecting org/openzen/zenscript/codemodel/type/member/TypeMemberPriority
[13Jul2026 19:42:32.452] [modloading-worker-0/INFO] [com.teampotato.redirector.Redirector/]: Redirecting org/openzen/zenscript/codemodel/type/member/BuiltinID
[13Jul2026 19:42:32.459] [modloading-worker-0/INFO] [Dungeon Crawl/]: Common Setup
[13Jul2026 19:42:32.475] [modloading-worker-0/INFO] [com.teampotato.redirector.Redirector/]: Redirecting net/minecraft/world/entity/raid/Raid$RaiderType
[13Jul2026 19:42:32.528] [modloading-worker-0/INFO] [com.brutalbosses.BrutalBosses/]: brutalbosses mod initialized
[13Jul2026 19:42:32.547] [modloading-worker-0/INFO] [com.teampotato.redirector.Redirector/]: Redirecting org/openzen/zenscript/codemodel/member/FunctionalKind
[13Jul2026 19:42:32.555] [modloading-worker-0/INFO] [com.jaquadro.minecraft.storagedrawers.StorageDrawers/]: New compacting rule 4 clay_ball = 1 clay
[13Jul2026 19:42:32.555] [modloading-worker-0/INFO] [com.jaquadro.minecraft.storagedrawers.StorageDrawers/]: New compacting rule 4 snowball = 1 snow_block
[13Jul2026 19:42:32.556] [modloading-worker-0/INFO] [com.jaquadro.minecraft.storagedrawers.StorageDrawers/]: New compacting rule 4 glowstone_dust = 1 glowstone
[13Jul2026 19:42:32.556] [modloading-worker-0/INFO] [com.jaquadro.minecraft.storagedrawers.StorageDrawers/]: New compacting rule 4 brick = 1 bricks
[13Jul2026 19:42:32.556] [modloading-worker-0/INFO] [com.jaquadro.minecraft.storagedrawers.StorageDrawers/]: New compacting rule 4 nether_brick = 1 nether_bricks
[13Jul2026 19:42:32.556] [modloading-worker-0/INFO] [com.jaquadro.minecraft.storagedrawers.StorageDrawers/]: New compacting rule 9 nether_wart = 1 nether_wart_block
[13Jul2026 19:42:32.556] [modloading-worker-0/INFO] [com.jaquadro.minecraft.storagedrawers.StorageDrawers/]: New compacting rule 4 quartz = 1 quartz_block
[13Jul2026 19:42:32.556] [modloading-worker-0/INFO] [com.jaquadro.minecraft.storagedrawers.StorageDrawers/]: New compacting rule 9 melon_slice = 1 melon
[13Jul2026 19:42:32.557] [modloading-worker-0/INFO] [com.jaquadro.minecraft.storagedrawers.StorageDrawers/]: New compacting rule 4 sand = 1 sandstone
[13Jul2026 19:42:32.558] [modloading-worker-0/INFO] [com.teampotato.redirector.Redirector/]: Redirecting io/redspace/ironsspellbooks/api/spells/CastSource
[13Jul2026 19:42:32.559] [modloading-worker-0/INFO] [com.jaquadro.minecraft.storagedrawers.StorageDrawers/]: New compacting rule 4 red_sand = 1 red_sandstone
[13Jul2026 19:42:32.628] [modloading-worker-0/INFO] [com.teampotato.redirector.Redirector/]: Redirecting io/redspace/ironsspellbooks/network/ClientboundCastErrorMessage$ErrorType
[13Jul2026 19:42:32.629] [modloading-worker-0/INFO] [com.teampotato.redirector.Redirector/]: Redirecting org/openzen/zenscript/codemodel/SemanticModule$State
[13Jul2026 19:42:32.634] [modloading-worker-0/INFO] [com.jaquadro.minecraft.storagedrawers.StorageDrawers/]: New compacting rule 4 clay_ball = 1 clay
[13Jul2026 19:42:32.656] [modloading-worker-0/INFO] [com.teampotato.redirector.Redirector/]: Redirecting org/openzen/zenscript/validator/visitors/DefinitionMemberContext
[13Jul2026 19:42:32.671] [modloading-worker-0/INFO] [com.teampotato.redirector.Redirector/]: Redirecting org/openzen/zenscript/validator/TypeContext
[13Jul2026 19:42:32.758] [Forge Version Check/INFO] [net.minecraftforge.fml.VersionChecker/]: [maxhealthfix] Found status: BETA Current: 8.0.2 Target: 8.0.2
[13Jul2026 19:42:32.758] [Forge Version Check/INFO] [net.minecraftforge.fml.VersionChecker/]: [corpse] Starting version check at https://update.maxhenkel.de/forge/corpse
[13Jul2026 19:42:32.761] [modloading-worker-0/INFO] [com.teampotato.redirector.Redirector/]: Redirecting org/openzen/zenscript/javashared/JavaClass$Kind
[13Jul2026 19:42:32.768] [modloading-worker-0/INFO] [com.teampotato.redirector.Redirector/]: Redirecting org/openzen/zencode/java/module/converters/JavaAnnotatedType$ElementType
[13Jul2026 19:42:32.772] [modloading-worker-0/INFO] [com.teampotato.redirector.Redirector/]: Redirecting org/openzen/zenscript/javashared/JavaMethod$Kind
[13Jul2026 19:42:33.269] [Forge Version Check/INFO] [net.minecraftforge.fml.VersionChecker/]: [corpse] Found status: AHEAD Current: 1.19.2-1.0.17 Target: null
[13Jul2026 19:42:33.270] [Forge Version Check/INFO] [net.minecraftforge.fml.VersionChecker/]: [advancementplaques] Starting version check at https://mc-update-check.anthonyhilyard.com/499826
[13Jul2026 19:42:33.465] [Forge Version Check/INFO] [net.minecraftforge.fml.VersionChecker/]: [advancementplaques] Found status: UP_TO_DATE Current: 1.4.7 Target: null
[13Jul2026 19:42:33.466] [Forge Version Check/INFO] [net.minecraftforge.fml.VersionChecker/]: [gamestages] Starting version check at https://updates.blamejared.com/get?n=gamestages&gv=1.19.2
[13Jul2026 19:42:33.565] [Forge Version Check/INFO] [net.minecraftforge.fml.VersionChecker/]: [gamestages] Found status: BETA_OUTDATED Current: 11.1.4 Target: 11.1.5
[13Jul2026 19:42:33.565] [Forge Version Check/INFO] [net.minecraftforge.fml.VersionChecker/]: [tombstone] Starting version check at https://raw.githubusercontent.com/Corail31/tombstone_lite/master/update.json
[13Jul2026 19:42:33.579] [Forge Version Check/INFO] [net.minecraftforge.fml.VersionChecker/]: [tombstone] Found status: UP_TO_DATE Current: 8.3.9 Target: null
[13Jul2026 19:42:33.579] [Forge Version Check/INFO] [net.minecraftforge.fml.VersionChecker/]: [cumulus_menus] Starting version check at https://github.com/The-Aether-Team/Cumulus/raw/1.19.2-develop/update.json
[13Jul2026 19:42:33.704] [Forge Version Check/INFO] [net.minecraftforge.fml.VersionChecker/]: [cumulus_menus] Found status: UP_TO_DATE Current: 1.19.2-1.0.0-forge Target: null
[13Jul2026 19:42:33.704] [Forge Version Check/INFO] [net.minecraftforge.fml.VersionChecker/]: [pluto] Starting version check at https://github.com/AbdElAziz333/Pluto/blob/mc1.19.2/dev/updates.json
[13Jul2026 19:42:33.711] [main/INFO] [ModdingLegacy/StructureGel/]: [structure_gel] Registering data for structure_gel:loot_table_alias
[13Jul2026 19:42:33.723] [main/INFO] [ModdingLegacy/StructureGel/]: [structure_gel] Registering data for structure_gel:data_handler_type
[13Jul2026 19:42:33.724] [main/INFO] [ModdingLegacy/StructureGel/]: [structure_gel] Registering data for structure_gel:dynamic_spawner
[13Jul2026 19:42:33.726] [main/INFO] [ModdingLegacy/StructureGel/]: [structure_gel] Registering data for structure_gel:jigsaw_type
[13Jul2026 19:42:33.786] [main/INFO] [com.teampotato.redirector.Redirector/]: Redirecting terrablender/api/RegionType
[13Jul2026 19:42:33.790] [main/INFO] [terrablender/]: Registered region minecraft:overworld to index 0 for type OVERWORLD
[13Jul2026 19:42:33.790] [main/INFO] [terrablender/]: Registered region minecraft:nether to index 0 for type NETHER
[13Jul2026 19:42:33.790] [main/INFO] [terrablender/]: Registered region aether:the_aether to index 0 for type THE_AETHER
[13Jul2026 19:42:33.790] [main/INFO] [terrablender/]: Registered region deep_aether:deep_aether to index 1 for type THE_AETHER
[13Jul2026 19:42:33.794] [main/INFO] [com.teampotato.redirector.Redirector/]: Redirecting terrablender/api/SurfaceRuleManager$RuleStage
[13Jul2026 19:42:33.842] [main/INFO] [com.teampotato.redirector.Redirector/]: Redirecting com/izofar/takesapillage/world/PillageSiege$State
[13Jul2026 19:42:33.881] [Forge Version Check/WARN] [net.minecraftforge.fml.VersionChecker/]: Failed to process update information
com.google.gson.JsonSyntaxException: java.lang.IllegalStateException: Expected BEGIN_OBJECT but was STRING at line 9 column 1 path $
	at com.google.gson.Gson.fromJson(Gson.java:975) ~[gson-2.8.9.jar%2370!/:?]
	at com.google.gson.Gson.fromJson(Gson.java:928) ~[gson-2.8.9.jar%2370!/:?]
	at com.google.gson.Gson.fromJson(Gson.java:877) ~[gson-2.8.9.jar%2370!/:?]
	at com.google.gson.Gson.fromJson(Gson.java:848) ~[gson-2.8.9.jar%2370!/:?]
	at net.minecraftforge.fml.VersionChecker$1.process(VersionChecker.java:183) ~[fmlcore-1.19.2-43.4.2.jar%23526!/:?]
	at java.lang.Iterable.forEach(Iterable.java:75) [?:?]
	at net.minecraftforge.fml.VersionChecker$1.run(VersionChecker.java:114) [fmlcore-1.19.2-43.4.2.jar%23526!/:?]
Caused by: java.lang.IllegalStateException: Expected BEGIN_OBJECT but was STRING at line 9 column 1 path $
	at com.google.gson.stream.JsonReader.beginObject(JsonReader.java:384) ~[gson-2.8.9.jar%2370!/:?]
	at com.google.gson.internal.bind.MapTypeAdapterFactory$Adapter.read(MapTypeAdapterFactory.java:183) ~[gson-2.8.9.jar%2370!/:?]
	at com.google.gson.internal.bind.MapTypeAdapterFactory$Adapter.read(MapTypeAdapterFactory.java:145) ~[gson-2.8.9.jar%2370!/:?]
	at com.google.gson.Gson.fromJson(Gson.java:963) ~[gson-2.8.9.jar%2370!/:?]
	... 6 more
[13Jul2026 19:42:33.881] [Forge Version Check/INFO] [net.minecraftforge.fml.VersionChecker/]: [toms_storage] Starting version check at https://raw.githubusercontent.com/tom5454/Toms-Storage/master/version-check.json
[13Jul2026 19:42:33.893] [Forge Version Check/INFO] [net.minecraftforge.fml.VersionChecker/]: [toms_storage] Found status: BETA Current: 1.5.11 Target: 1.5.11
[13Jul2026 19:42:33.894] [Forge Version Check/INFO] [net.minecraftforge.fml.VersionChecker/]: [majruszlibrary] Starting version check at https://raw.githubusercontent.com/Majrusz/MinecraftCommon/main/Library/update.json
[13Jul2026 19:42:33.904] [Forge Version Check/INFO] [net.minecraftforge.fml.VersionChecker/]: [majruszlibrary] Found status: AHEAD Current: 7.0.5-backport.1 Target: null
[13Jul2026 19:42:33.904] [Forge Version Check/INFO] [net.minecraftforge.fml.VersionChecker/]: [mutantmonsters] Starting version check at https://raw.githubusercontent.com/Fuzss/modresources/main/update/mutantmonsters.json
[13Jul2026 19:42:33.912] [main/INFO] [terrablender/]: Registered region ars_nouveau:overworld to index 1 for type OVERWORLD
[13Jul2026 19:42:33.919] [Forge Version Check/INFO] [net.minecraftforge.fml.VersionChecker/]: [mutantmonsters] Found status: UP_TO_DATE Current: 4.0.6 Target: null
[13Jul2026 19:42:33.919] [Forge Version Check/INFO] [net.minecraftforge.fml.VersionChecker/]: [attributefix] Starting version check at https://updates.blamejared.com/get?n=attributefix&gv=1.19.2
[13Jul2026 19:42:33.950] [main/INFO] [com.teampotato.redirector.Redirector/]: Redirecting com/cerbon/bosses_of_mass_destruction/api/multipart_entities/client/PlayerInteractMultipartEntity$InteractionType
[13Jul2026 19:42:34.017] [Forge Version Check/INFO] [net.minecraftforge.fml.VersionChecker/]: [attributefix] Found status: BETA Current: 17.2.8 Target: 17.2.8
[13Jul2026 19:42:34.017] [Forge Version Check/INFO] [net.minecraftforge.fml.VersionChecker/]: [crafttweaker] Starting version check at https://updates.blamejared.com/get?n=crafttweaker&gv=1.19.2
[13Jul2026 19:42:34.019] [main/INFO] [moonlight/]: Initialized color sets in 67ms
[13Jul2026 19:42:34.052] [main/INFO] [moonlight/]: Initialized color sets in 32ms
[13Jul2026 19:42:34.076] [main/INFO] [com.teampotato.redirector.Redirector/]: Redirecting net/minecraft/network/protocol/PacketFlow
[13Jul2026 19:42:34.088] [main/INFO] [terrablender/]: Registered region dreamland:dreamland_region to index 2 for type OVERWORLD
[13Jul2026 19:42:34.113] [Forge Version Check/INFO] [net.minecraftforge.fml.VersionChecker/]: [crafttweaker] Found status: BETA Current: 10.1.56 Target: 10.1.56
[13Jul2026 19:42:34.113] [Forge Version Check/INFO] [net.minecraftforge.fml.VersionChecker/]: [forge] Starting version check at https://files.minecraftforge.net/net/minecraftforge/forge/promotions_slim.json
[13Jul2026 19:42:34.123] [modloading-worker-0/INFO] [xaero.minimap.XaeroMinimap/]: Loading Xaero's Minimap - Stage 1/2 (Server)
[13Jul2026 19:42:34.123] [modloading-worker-0/INFO] [xaero.map.server.WorldMapServer/]: Loading Xaero's World Map - Stage 1/2 (Server)
[13Jul2026 19:42:34.148] [main/INFO] [xaero.map.server.WorldMapServer/]: Loading Xaero's World Map - Stage 2/2 (Server)
[13Jul2026 19:42:34.148] [main/INFO] [xaero.minimap.XaeroMinimap/]: Loading Xaero's Minimap - Stage 2/2 (Server)
[13Jul2026 19:42:34.177] [modloading-worker-0/INFO] [com.teampotato.redirector.Redirector/]: Redirecting ovh/corail/tombstone/compatibility/SupportMods
[13Jul2026 19:42:34.181] [modloading-worker-0/INFO] [Enigmatic Legacy/INFO]: Sending messages to Curios API...
[13Jul2026 19:42:34.212] [Forge Version Check/INFO] [net.minecraftforge.fml.VersionChecker/]: [forge] Found status: OUTDATED Current: 43.4.2 Target: 43.5.0
[13Jul2026 19:42:34.212] [Forge Version Check/INFO] [net.minecraftforge.fml.VersionChecker/]: [commonality] Starting version check at https://api.modrinth.com/updates/apexcore/forge_updates.json
[13Jul2026 19:42:34.231] [modloading-worker-0/INFO] [com.amuzil.omegasource.dragonenchants.DragonEnchants/]: Got IMC []
[13Jul2026 19:42:34.234] [modloading-worker-0/INFO] [io.redspace.ironsspellbooks.IronsSpellbooks/]: Got IMC []
[13Jul2026 19:42:34.280] [modloading-worker-0/INFO] [Enigmatic Legacy/INFO]: Initializing load completion phase...
[13Jul2026 19:42:34.281] [modloading-worker-0/INFO] [Enigmatic Legacy/INFO]: Registering brewing recipes...
[13Jul2026 19:42:34.285] [modloading-worker-0/INFO] [AttributeFix/]: Loaded values for 101 compatible attributes.
[13Jul2026 19:42:34.299] [modloading-worker-0/ERROR] [AttributeFix/]: Attribute ID 'skilltree:attack_speed_per_gem_in_weapon' does not belong to a known attribute. This entry will be ignored.
[13Jul2026 19:42:34.300] [modloading-worker-0/ERROR] [AttributeFix/]: Attribute ID 'skilltree:crafted_necklaces_maximum_life' does not belong to a known attribute. This entry will be ignored.
[13Jul2026 19:42:34.300] [modloading-worker-0/ERROR] [AttributeFix/]: Attribute ID 'skilltree:crafted_quivers_capacity' does not belong to a known attribute. This entry will be ignored.
[13Jul2026 19:42:34.301] [modloading-worker-0/ERROR] [AttributeFix/]: Attribute ID 'skilltree:crit_chance_against_burning' does not belong to a known attribute. This entry will be ignored.
[13Jul2026 19:42:34.301] [modloading-worker-0/ERROR] [AttributeFix/]: Attribute ID 'skilltree:crit_chance_with_shield' does not belong to a known attribute. This entry will be ignored.
[13Jul2026 19:42:34.301] [modloading-worker-0/ERROR] [AttributeFix/]: Attribute ID 'skilltree:damage_per_potion_effect' does not belong to a known attribute. This entry will be ignored.
[13Jul2026 19:42:34.301] [modloading-worker-0/ERROR] [AttributeFix/]: Attribute ID 'skilltree:melee_damage' does not belong to a known attribute. This entry will be ignored.
[13Jul2026 19:42:34.301] [modloading-worker-0/ERROR] [AttributeFix/]: Attribute ID 'puffish_skills:player.ranged_damage' does not belong to a known attribute. This entry will be ignored.
[13Jul2026 19:42:34.301] [modloading-worker-0/ERROR] [AttributeFix/]: Attribute ID 'skilltree:brewed_beneficial_potions_strength' does not belong to a known attribute. This entry will be ignored.
[13Jul2026 19:42:34.302] [modloading-worker-0/ERROR] [AttributeFix/]: Attribute ID 'skilltree:experience_from_mobs' does not belong to a known attribute. This entry will be ignored.
[13Jul2026 19:42:34.302] [modloading-worker-0/ERROR] [AttributeFix/]: Attribute ID 'skilltree:crafted_weapon_attack_speed' does not belong to a known attribute. This entry will be ignored.
[13Jul2026 19:42:34.304] [modloading-worker-0/ERROR] [AttributeFix/]: Attribute ID 'skilltree:armor_per_evasion_bonus' does not belong to a known attribute. This entry will be ignored.
[13Jul2026 19:42:34.306] [modloading-worker-0/ERROR] [AttributeFix/]: Attribute ID 'skilltree:damage_if_wounded' does not belong to a known attribute. This entry will be ignored.
[13Jul2026 19:42:34.306] [modloading-worker-0/ERROR] [AttributeFix/]: Attribute ID 'skilltree:crit_chance_with_enchanted_weapon' does not belong to a known attribute. This entry will be ignored.
[13Jul2026 19:42:34.306] [modloading-worker-0/ERROR] [AttributeFix/]: Attribute ID 'skilltree:cooked_food_saturation' does not belong to a known attribute. This entry will be ignored.
[13Jul2026 19:42:34.307] [modloading-worker-0/ERROR] [AttributeFix/]: Attribute ID 'skilltree:crit_chance_if_not_hungry' does not belong to a known attribute. This entry will be ignored.
[13Jul2026 19:42:34.307] [modloading-worker-0/ERROR] [AttributeFix/]: Attribute ID 'skilltree:experience_per_hour' does not belong to a known attribute. This entry will be ignored.
[13Jul2026 19:42:34.307] [modloading-worker-0/ERROR] [AttributeFix/]: Attribute ID 'puffish_skills:player.fortune' does not belong to a known attribute. This entry will be ignored.
[13Jul2026 19:42:34.307] [modloading-worker-0/ERROR] [AttributeFix/]: Attribute ID 'skilltree:damage_under_potion_effect' does not belong to a known attribute. This entry will be ignored.
[13Jul2026 19:42:34.307] [modloading-worker-0/ERROR] [AttributeFix/]: Attribute ID 'skilltree:life_regeneration_with_shield' does not belong to a known attribute. This entry will be ignored.
[13Jul2026 19:42:34.307] [modloading-worker-0/ERROR] [AttributeFix/]: Attribute ID 'skilltree:free_enchantment_chance' does not belong to a known attribute. This entry will be ignored.
[13Jul2026 19:42:34.307] [modloading-worker-0/ERROR] [AttributeFix/]: Attribute ID 'skilltree:crit_chance_per_enchantment' does not belong to a known attribute. This entry will be ignored.
[13Jul2026 19:42:34.312] [modloading-worker-0/ERROR] [AttributeFix/]: Attribute ID 'skilltree:crit_damage_per_gem_in_weapon' does not belong to a known attribute. This entry will be ignored.
[13Jul2026 19:42:34.312] [modloading-worker-0/ERROR] [AttributeFix/]: Attribute ID 'skilltree:attack_speed_if_wounded' does not belong to a known attribute. This entry will be ignored.
[13Jul2026 19:42:34.312] [modloading-worker-0/ERROR] [AttributeFix/]: Attribute ID 'skilltree:incoming_healing' does not belong to a known attribute. This entry will be ignored.
[13Jul2026 19:42:34.312] [modloading-worker-0/ERROR] [AttributeFix/]: Attribute ID 'skilltree:projectile_crit_chance' does not belong to a known attribute. This entry will be ignored.
[13Jul2026 19:42:34.312] [modloading-worker-0/ERROR] [AttributeFix/]: Attribute ID 'skilltree:attack_speed_with_enchanted_weapon' does not belong to a known attribute. This entry will be ignored.
[13Jul2026 19:42:34.312] [modloading-worker-0/ERROR] [AttributeFix/]: Attribute ID 'skilltree:equipment_repair_efficiency' does not belong to a known attribute. This entry will be ignored.
[13Jul2026 19:42:34.312] [modloading-worker-0/ERROR] [AttributeFix/]: Attribute ID 'skilltree:maximum_life_per_arrow_in_quiver' does not belong to a known attribute. This entry will be ignored.
[13Jul2026 19:42:34.316] [modloading-worker-0/ERROR] [AttributeFix/]: Attribute ID 'skilltree:crafted_axes_crit_chance' does not belong to a known attribute. This entry will be ignored.
[13Jul2026 19:42:34.317] [modloading-worker-0/ERROR] [AttributeFix/]: Attribute ID 'skilltree:brewed_harmful_potions_strength' does not belong to a known attribute. This entry will be ignored.
[13Jul2026 19:42:34.317] [modloading-worker-0/ERROR] [AttributeFix/]: Attribute ID 'skilltree:evasion_chance_when_wounded' does not belong to a known attribute. This entry will be ignored.
[13Jul2026 19:42:34.317] [modloading-worker-0/ERROR] [AttributeFix/]: Attribute ID 'skilltree:chance_to_apply_better_enchantment' does not belong to a known attribute. This entry will be ignored.
[13Jul2026 19:42:34.317] [modloading-worker-0/ERROR] [AttributeFix/]: Attribute ID 'skilltree:damage_per_satisfied_hunger' does not belong to a known attribute. This entry will be ignored.
[13Jul2026 19:42:34.317] [modloading-worker-0/ERROR] [AttributeFix/]: Attribute ID 'environmental:stealth' does not belong to a known attribute. This entry will be ignored.
[13Jul2026 19:42:34.317] [modloading-worker-0/ERROR] [AttributeFix/]: Attribute ID 'skilltree:life_on_block' does not belong to a known attribute. This entry will be ignored.
[13Jul2026 19:42:34.317] [modloading-worker-0/ERROR] [AttributeFix/]: Attribute ID 'skilltree:cooked_food_healing_per_saturation' does not belong to a known attribute. This entry will be ignored.
[13Jul2026 19:42:34.317] [modloading-worker-0/ERROR] [AttributeFix/]: Attribute ID 'skilltree:crafted_shields_block_chance' does not belong to a known attribute. This entry will be ignored.
[13Jul2026 19:42:34.317] [modloading-worker-0/ERROR] [AttributeFix/]: Attribute ID 'skilltree:crafted_quivers_damage_against_burning' does not belong to a known attribute. This entry will be ignored.
[13Jul2026 19:42:34.318] [modloading-worker-0/ERROR] [AttributeFix/]: Attribute ID 'skilltree:crafted_shields_armor_bonus' does not belong to a known attribute. This entry will be ignored.
[13Jul2026 19:42:34.318] [modloading-worker-0/ERROR] [AttributeFix/]: Attribute ID 'skilltree:crafted_quivers_chance_to_retrieve_arrows' does not belong to a known attribute. This entry will be ignored.
[13Jul2026 19:42:34.318] [modloading-worker-0/ERROR] [AttributeFix/]: Attribute ID 'skilltree:attack_speed_with_gem_in_weapon' does not belong to a known attribute. This entry will be ignored.
[13Jul2026 19:42:34.318] [modloading-worker-0/ERROR] [AttributeFix/]: Attribute ID 'skilltree:luck_while_fishing' does not belong to a known attribute. This entry will be ignored.
[13Jul2026 19:42:34.318] [modloading-worker-0/ERROR] [AttributeFix/]: Attribute ID 'skilltree:chance_to_find_gemstone' does not belong to a known attribute. This entry will be ignored.
[13Jul2026 19:42:34.319] [modloading-worker-0/ERROR] [AttributeFix/]: Attribute ID 'skilltree:crafted_helmets_sockets' does not belong to a known attribute. This entry will be ignored.
[13Jul2026 19:42:34.319] [modloading-worker-0/ERROR] [AttributeFix/]: Attribute ID 'skilltree:chance_to_ignite' does not belong to a known attribute. This entry will be ignored.
[13Jul2026 19:42:34.319] [modloading-worker-0/ERROR] [AttributeFix/]: Attribute ID 'skilltree:jump_height' does not belong to a known attribute. This entry will be ignored.
[13Jul2026 19:42:34.320] [modloading-worker-0/ERROR] [AttributeFix/]: Attribute ID 'cataclysm_spellbooks:abyssal_magic_resist' does not belong to a known attribute. This entry will be ignored.
[13Jul2026 19:42:34.320] [modloading-worker-0/ERROR] [AttributeFix/]: Attribute ID 'skilltree:chance_to_apply_better_weapon_enchantment' does not belong to a known attribute. This entry will be ignored.
[13Jul2026 19:42:34.320] [modloading-worker-0/ERROR] [AttributeFix/]: Attribute ID 'skilltree:brewed_potions_duration' does not belong to a known attribute. This entry will be ignored.
[13Jul2026 19:42:34.320] [modloading-worker-0/ERROR] [AttributeFix/]: Attribute ID 'skilltree:crit_chance' does not belong to a known attribute. This entry will be ignored.
[13Jul2026 19:42:34.320] [modloading-worker-0/ERROR] [AttributeFix/]: Attribute ID 'skilltree:armor_with_shield' does not belong to a known attribute. This entry will be ignored.
[13Jul2026 19:42:34.320] [modloading-worker-0/ERROR] [AttributeFix/]: Attribute ID 'skilltree:gem_power_in_jewelry' does not belong to a known attribute. This entry will be ignored.
[13Jul2026 19:42:34.320] [modloading-worker-0/ERROR] [AttributeFix/]: Attribute ID 'skilltree:brewed_potions_strength' does not belong to a known attribute. This entry will be ignored.
[13Jul2026 19:42:34.321] [modloading-worker-0/ERROR] [AttributeFix/]: Attribute ID 'skilltree:crafted_boots_sockets' does not belong to a known attribute. This entry will be ignored.
[13Jul2026 19:42:34.321] [modloading-worker-0/ERROR] [AttributeFix/]: Attribute ID 'skilltree:crafted_melee_weapon_damage_bonus' does not belong to a known attribute. This entry will be ignored.
[13Jul2026 19:42:34.321] [modloading-worker-0/ERROR] [AttributeFix/]: Attribute ID 'skilltree:life_regeneration_per_gem_in_helmet' does not belong to a known attribute. This entry will be ignored.
[13Jul2026 19:42:34.321] [modloading-worker-0/ERROR] [AttributeFix/]: Attribute ID 'irons_spellbooks:poison_spell_power' does not belong to a known attribute. This entry will be ignored.
[13Jul2026 19:42:34.321] [modloading-worker-0/ERROR] [AttributeFix/]: Attribute ID 'skilltree:attack_speed_under_potion_effect' does not belong to a known attribute. This entry will be ignored.
[13Jul2026 19:42:34.321] [modloading-worker-0/ERROR] [AttributeFix/]: Attribute ID 'skilltree:armor_with_enchanted_shield' does not belong to a known attribute. This entry will be ignored.
[13Jul2026 19:42:34.322] [modloading-worker-0/ERROR] [AttributeFix/]: Attribute ID 'puffish_skills:player.mining_speed' does not belong to a known attribute. This entry will be ignored.
[13Jul2026 19:42:34.322] [modloading-worker-0/ERROR] [AttributeFix/]: Attribute ID 'skilltree:life_per_hit' does not belong to a known attribute. This entry will be ignored.
[13Jul2026 19:42:34.322] [modloading-worker-0/ERROR] [AttributeFix/]: Attribute ID 'skilltree:gem_power_in_armor' does not belong to a known attribute. This entry will be ignored.
[13Jul2026 19:42:34.322] [modloading-worker-0/ERROR] [AttributeFix/]: Attribute ID 'skilltree:damage_if_not_hungry' does not belong to a known attribute. This entry will be ignored.
[13Jul2026 19:42:34.322] [modloading-worker-0/ERROR] [AttributeFix/]: Attribute ID 'skilltree:evasion_chance' does not belong to a known attribute. This entry will be ignored.
[13Jul2026 19:42:34.322] [modloading-worker-0/ERROR] [AttributeFix/]: Attribute ID 'skilltree:damage_per_distance_to_spawn' does not belong to a known attribute. This entry will be ignored.
[13Jul2026 19:42:34.323] [modloading-worker-0/ERROR] [AttributeFix/]: Attribute ID 'skilltree:crafted_boots_movement_speed' does not belong to a known attribute. This entry will be ignored.
[13Jul2026 19:42:34.323] [modloading-worker-0/ERROR] [AttributeFix/]: Attribute ID 'skilltree:cooked_food_life_regeneration' does not belong to a known attribute. This entry will be ignored.
[13Jul2026 19:42:34.323] [modloading-worker-0/ERROR] [AttributeFix/]: Attribute ID 'skilltree:triple_loot_chance' does not belong to a known attribute. This entry will be ignored.
[13Jul2026 19:42:34.323] [modloading-worker-0/ERROR] [AttributeFix/]: Attribute ID 'skilltree:crafted_shields_maximum_life' does not belong to a known attribute. This entry will be ignored.
[13Jul2026 19:42:34.324] [modloading-worker-0/ERROR] [AttributeFix/]: Attribute ID 'skilltree:crit_chance_per_gem_in_weapon' does not belong to a known attribute. This entry will be ignored.
[13Jul2026 19:42:34.324] [modloading-worker-0/ERROR] [AttributeFix/]: Attribute ID 'skilltree:chance_to_retrieve_arrows' does not belong to a known attribute. This entry will be ignored.
[13Jul2026 19:42:34.324] [modloading-worker-0/ERROR] [AttributeFix/]: Attribute ID 'skilltree:damage_if_damaged' does not belong to a known attribute. This entry will be ignored.
[13Jul2026 19:42:34.325] [modloading-worker-0/ERROR] [AttributeFix/]: Attribute ID 'skilltree:block_chance_if_not_hungry' does not belong to a known attribute. This entry will be ignored.
[13Jul2026 19:42:34.325] [modloading-worker-0/ERROR] [AttributeFix/]: Attribute ID 'skilltree:maximum_life_under_potion_effect' does not belong to a known attribute. This entry will be ignored.
[13Jul2026 19:42:34.325] [modloading-worker-0/ERROR] [AttributeFix/]: Attribute ID 'skilltree:armor_per_chestplate_enchantment' does not belong to a known attribute. This entry will be ignored.
[13Jul2026 19:42:34.325] [modloading-worker-0/ERROR] [AttributeFix/]: Attribute ID 'skilltree:double_fishing_loot_chance' does not belong to a known attribute. This entry will be ignored.
[13Jul2026 19:42:34.325] [modloading-worker-0/ERROR] [AttributeFix/]: Attribute ID 'skilltree:life_regeneration_bonus' does not belong to a known attribute. This entry will be ignored.
[13Jul2026 19:42:34.325] [modloading-worker-0/ERROR] [AttributeFix/]: Attribute ID 'skilltree:damage_against_poisoned' does not belong to a known attribute. This entry will be ignored.
[13Jul2026 19:42:34.325] [modloading-worker-0/ERROR] [AttributeFix/]: Attribute ID 'skilltree:maximum_life_with_enchanted_item' does not belong to a known attribute. This entry will be ignored.
[13Jul2026 19:42:34.325] [modloading-worker-0/ERROR] [AttributeFix/]: Attribute ID 'skilltree:attack_speed_with_ranged_weapon' does not belong to a known attribute. This entry will be ignored.
[13Jul2026 19:42:34.325] [modloading-worker-0/ERROR] [AttributeFix/]: Attribute ID 'skilltree:maximum_life_per_boots_armor_bonus' does not belong to a known attribute. This entry will be ignored.
[13Jul2026 19:42:34.326] [modloading-worker-0/ERROR] [AttributeFix/]: Attribute ID 'skilltree:can_poison_weapons' does not belong to a known attribute. This entry will be ignored.
[13Jul2026 19:42:34.326] [modloading-worker-0/ERROR] [AttributeFix/]: Attribute ID 'skilltree:maximum_chestplate_sockets' does not belong to a known attribute. This entry will be ignored.
[13Jul2026 19:42:34.326] [modloading-worker-0/ERROR] [AttributeFix/]: Attribute ID 'skilltree:projectile_damage' does not belong to a known attribute. This entry will be ignored.
[13Jul2026 19:42:34.326] [modloading-worker-0/ERROR] [AttributeFix/]: Attribute ID 'skilltree:can_mix_potions' does not belong to a known attribute. This entry will be ignored.
[13Jul2026 19:42:34.326] [modloading-worker-0/ERROR] [AttributeFix/]: Attribute ID 'skilltree:damage_with_enchanted_weapon' does not belong to a known attribute. This entry will be ignored.
[13Jul2026 19:42:34.326] [modloading-worker-0/ERROR] [AttributeFix/]: Attribute ID 'skilltree:damage_per_enchantment' does not belong to a known attribute. This entry will be ignored.
[13Jul2026 19:42:34.327] [modloading-worker-0/ERROR] [AttributeFix/]: Attribute ID 'skilltree:crafted_weapon_double_loot_chance' does not belong to a known attribute. This entry will be ignored.
[13Jul2026 19:42:34.327] [modloading-worker-0/ERROR] [AttributeFix/]: Attribute ID 'skilltree:crit_damage_per_weapon_enchantment' does not belong to a known attribute. This entry will be ignored.
[13Jul2026 19:42:34.327] [modloading-worker-0/ERROR] [AttributeFix/]: Attribute ID 'skilltree:maximum_ring_sockets' does not belong to a known attribute. This entry will be ignored.
[13Jul2026 19:42:34.327] [modloading-worker-0/ERROR] [AttributeFix/]: Attribute ID 'cataclysm_spellbooks:abyssal_spell_power' does not belong to a known attribute. This entry will be ignored.
[13Jul2026 19:42:34.327] [modloading-worker-0/ERROR] [AttributeFix/]: Attribute ID 'skilltree:brewed_beneficial_potions_duration' does not belong to a known attribute. This entry will be ignored.
[13Jul2026 19:42:34.328] [modloading-worker-0/ERROR] [AttributeFix/]: Attribute ID 'puffish_skills:player.jump' does not belong to a known attribute. This entry will be ignored.
[13Jul2026 19:42:34.328] [modloading-worker-0/ERROR] [AttributeFix/]: Attribute ID 'skilltree:life_per_hit_if_wounded' does not belong to a known attribute. This entry will be ignored.
[13Jul2026 19:42:34.328] [modloading-worker-0/ERROR] [AttributeFix/]: Attribute ID 'skilltree:block_chance_with_enchanted_shield' does not belong to a known attribute. This entry will be ignored.
[13Jul2026 19:42:34.328] [modloading-worker-0/ERROR] [AttributeFix/]: Attribute ID 'skilltree:maximum_life_per_satisfied_hunger' does not belong to a known attribute. This entry will be ignored.
[13Jul2026 19:42:34.328] [modloading-worker-0/ERROR] [AttributeFix/]: Attribute ID 'feathers:feathers.feather_regen' does not belong to a known attribute. This entry will be ignored.
[13Jul2026 19:42:34.328] [modloading-worker-0/ERROR] [AttributeFix/]: Attribute ID 'puffish_skills:player.resistance' does not belong to a known attribute. This entry will be ignored.
[13Jul2026 19:42:34.329] [modloading-worker-0/ERROR] [AttributeFix/]: Attribute ID 'skilltree:life_on_block_if_not_hungry' does not belong to a known attribute. This entry will be ignored.
[13Jul2026 19:42:34.329] [modloading-worker-0/ERROR] [AttributeFix/]: Attribute ID 'skilltree:gem_power' does not belong to a known attribute. This entry will be ignored.
[13Jul2026 19:42:34.329] [modloading-worker-0/ERROR] [AttributeFix/]: Attribute ID 'skilltree:crafted_ranged_weapon_sockets' does not belong to a known attribute. This entry will be ignored.
[13Jul2026 19:42:34.329] [modloading-worker-0/ERROR] [AttributeFix/]: Attribute ID 'skilltree:crafted_melee_weapon_attack_speed' does not belong to a known attribute. This entry will be ignored.
[13Jul2026 19:42:34.330] [modloading-worker-0/ERROR] [AttributeFix/]: Attribute ID 'skilltree:melee_crit_damage' does not belong to a known attribute. This entry will be ignored.
[13Jul2026 19:42:34.330] [modloading-worker-0/ERROR] [AttributeFix/]: Attribute ID 'skilltree:maximum_life_per_armor_enchantment' does not belong to a known attribute. This entry will be ignored.
[13Jul2026 19:42:34.330] [modloading-worker-0/ERROR] [AttributeFix/]: Attribute ID 'skilltree:brewed_poisons_strength' does not belong to a known attribute. This entry will be ignored.
[13Jul2026 19:42:34.330] [modloading-worker-0/ERROR] [AttributeFix/]: Attribute ID 'skilltree:gem_power_in_weapon' does not belong to a known attribute. This entry will be ignored.
[13Jul2026 19:42:34.330] [modloading-worker-0/ERROR] [AttributeFix/]: Attribute ID 'skilltree:damage_against_burning' does not belong to a known attribute. This entry will be ignored.
[13Jul2026 19:42:34.330] [modloading-worker-0/ERROR] [AttributeFix/]: Attribute ID 'skilltree:brewed_healing_potions_strength' does not belong to a known attribute. This entry will be ignored.
[13Jul2026 19:42:34.330] [modloading-worker-0/ERROR] [AttributeFix/]: Attribute ID 'skilltree:crafted_rings_critical_damage' does not belong to a known attribute. This entry will be ignored.
[13Jul2026 19:42:34.330] [modloading-worker-0/ERROR] [AttributeFix/]: Attribute ID 'skilltree:maximum_life_per_equipped_jewelry' does not belong to a known attribute. This entry will be ignored.
[13Jul2026 19:42:34.330] [modloading-worker-0/ERROR] [AttributeFix/]: Attribute ID 'skilltree:crafted_armor_stealth' does not belong to a known attribute. This entry will be ignored.
[13Jul2026 19:42:34.330] [modloading-worker-0/ERROR] [AttributeFix/]: Attribute ID 'skilltree:crafted_melee_weapon_crit_chance' does not belong to a known attribute. This entry will be ignored.
[13Jul2026 19:42:34.331] [modloading-worker-0/ERROR] [AttributeFix/]: Attribute ID 'skilltree:mining_speed' does not belong to a known attribute. This entry will be ignored.
[13Jul2026 19:42:34.331] [modloading-worker-0/ERROR] [AttributeFix/]: Attribute ID 'puffish_skills:player.stamina' does not belong to a known attribute. This entry will be ignored.
[13Jul2026 19:42:34.331] [modloading-worker-0/ERROR] [AttributeFix/]: Attribute ID 'feathers:feathers.max_feathers' does not belong to a known attribute. This entry will be ignored.
[13Jul2026 19:42:34.331] [modloading-worker-0/ERROR] [AttributeFix/]: Attribute ID 'skilltree:projectile_crit_damage' does not belong to a known attribute. This entry will be ignored.
[13Jul2026 19:42:34.331] [modloading-worker-0/ERROR] [AttributeFix/]: Attribute ID 'skilltree:crit_damage_against_poisoned' does not belong to a known attribute. This entry will be ignored.
[13Jul2026 19:42:34.331] [modloading-worker-0/ERROR] [AttributeFix/]: Attribute ID 'puffish_skills:player.healing' does not belong to a known attribute. This entry will be ignored.
[13Jul2026 19:42:34.331] [modloading-worker-0/ERROR] [AttributeFix/]: Attribute ID 'skilltree:crafted_weapon_damage_against_burning' does not belong to a known attribute. This entry will be ignored.
[13Jul2026 19:42:34.331] [modloading-worker-0/ERROR] [AttributeFix/]: Attribute ID 'skilltree:damage_per_distance_to_enemy' does not belong to a known attribute. This entry will be ignored.
[13Jul2026 19:42:34.331] [modloading-worker-0/ERROR] [AttributeFix/]: Attribute ID 'skilltree:crafted_armor_maximum_life' does not belong to a known attribute. This entry will be ignored.
[13Jul2026 19:42:34.331] [modloading-worker-0/ERROR] [AttributeFix/]: Attribute ID 'skilltree:crafted_quivers_chance_to_ignite' does not belong to a known attribute. This entry will be ignored.
[13Jul2026 19:42:34.331] [modloading-worker-0/ERROR] [AttributeFix/]: Attribute ID 'skilltree:crit_damage' does not belong to a known attribute. This entry will be ignored.
[13Jul2026 19:42:34.331] [modloading-worker-0/ERROR] [AttributeFix/]: Attribute ID 'skilltree:maximum_life_if_not_hungry' does not belong to a known attribute. This entry will be ignored.
[13Jul2026 19:42:34.331] [modloading-worker-0/ERROR] [AttributeFix/]: Attribute ID 'skilltree:cooked_food_crit_damage_per_saturation' does not belong to a known attribute. This entry will be ignored.
[13Jul2026 19:42:34.331] [modloading-worker-0/ERROR] [AttributeFix/]: Attribute ID 'skilltree:evasion_per_potion_effect' does not belong to a known attribute. This entry will be ignored.
[13Jul2026 19:42:34.331] [modloading-worker-0/ERROR] [AttributeFix/]: Attribute ID 'skilltree:maximum_life_per_enchantment' does not belong to a known attribute. This entry will be ignored.
[13Jul2026 19:42:34.331] [modloading-worker-0/ERROR] [AttributeFix/]: Attribute ID 'skilltree:experience_from_ore' does not belong to a known attribute. This entry will be ignored.
[13Jul2026 19:42:34.331] [modloading-worker-0/ERROR] [AttributeFix/]: Attribute ID 'skilltree:maximum_life_per_gem_in_armor' does not belong to a known attribute. This entry will be ignored.
[13Jul2026 19:42:34.331] [modloading-worker-0/ERROR] [AttributeFix/]: Attribute ID 'skilltree:experience_from_fishing' does not belong to a known attribute. This entry will be ignored.
[13Jul2026 19:42:34.331] [modloading-worker-0/ERROR] [AttributeFix/]: Attribute ID 'skilltree:brewed_harmful_potions_duration' does not belong to a known attribute. This entry will be ignored.
[13Jul2026 19:42:34.332] [modloading-worker-0/ERROR] [AttributeFix/]: Attribute ID 'minecolonies:mc_mob_damage' does not belong to a known attribute. This entry will be ignored.
[13Jul2026 19:42:34.332] [modloading-worker-0/ERROR] [AttributeFix/]: Attribute ID 'skilltree:crafted_quivers_maximum_life' does not belong to a known attribute. This entry will be ignored.
[13Jul2026 19:42:34.332] [modloading-worker-0/ERROR] [AttributeFix/]: Attribute ID 'skilltree:crafted_equipment_durability' does not belong to a known attribute. This entry will be ignored.
[13Jul2026 19:42:34.332] [modloading-worker-0/ERROR] [AttributeFix/]: Attribute ID 'puffish_skills:player.melee_damage' does not belong to a known attribute. This entry will be ignored.
[13Jul2026 19:42:34.332] [modloading-worker-0/ERROR] [AttributeFix/]: Attribute ID 'skilltree:enchantment_level_requirement' does not belong to a known attribute. This entry will be ignored.
[13Jul2026 19:42:34.332] [modloading-worker-0/ERROR] [AttributeFix/]: Attribute ID 'galosphere:illager_resistance' does not belong to a known attribute. This entry will be ignored.
[13Jul2026 19:42:34.332] [modloading-worker-0/ERROR] [AttributeFix/]: Attribute ID 'skilltree:damage_with_shield' does not belong to a known attribute. This entry will be ignored.
[13Jul2026 19:42:34.333] [modloading-worker-0/ERROR] [AttributeFix/]: Attribute ID 'skilltree:crit_damage_with_shield' does not belong to a known attribute. This entry will be ignored.
[13Jul2026 19:42:34.333] [modloading-worker-0/ERROR] [AttributeFix/]: Attribute ID 'skilltree:block_chance_per_shield_enchantment' does not belong to a known attribute. This entry will be ignored.
[13Jul2026 19:42:34.333] [modloading-worker-0/ERROR] [AttributeFix/]: Attribute ID 'skilltree:attack_speed_if_not_hungry' does not belong to a known attribute. This entry will be ignored.
[13Jul2026 19:42:34.334] [modloading-worker-0/ERROR] [AttributeFix/]: Attribute ID 'skilltree:cooked_food_damage_per_saturation' does not belong to a known attribute. This entry will be ignored.
[13Jul2026 19:42:34.334] [modloading-worker-0/ERROR] [AttributeFix/]: Attribute ID 'skilltree:maximum_equipment_sockets' does not belong to a known attribute. This entry will be ignored.
[13Jul2026 19:42:34.335] [modloading-worker-0/ERROR] [AttributeFix/]: Attribute ID 'skilltree:damage_per_weapon_enchantment_level' does not belong to a known attribute. This entry will be ignored.
[13Jul2026 19:42:34.336] [modloading-worker-0/ERROR] [AttributeFix/]: Attribute ID 'skilltree:chance_to_craft_tougher_armor' does not belong to a known attribute. This entry will be ignored.
[13Jul2026 19:42:34.336] [modloading-worker-0/ERROR] [AttributeFix/]: Attribute ID 'skilltree:crit_chance_against_poisoned' does not belong to a known attribute. This entry will be ignored.
[13Jul2026 19:42:34.337] [modloading-worker-0/ERROR] [AttributeFix/]: Attribute ID 'skilltree:armor_per_gem_in_helmet' does not belong to a known attribute. This entry will be ignored.
[13Jul2026 19:42:34.337] [modloading-worker-0/ERROR] [AttributeFix/]: Attribute ID 'skilltree:crit_chance_if_wounded' does not belong to a known attribute. This entry will be ignored.
[13Jul2026 19:42:34.338] [modloading-worker-0/ERROR] [AttributeFix/]: Attribute ID 'skilltree:crafted_weapon_life_per_hit' does not belong to a known attribute. This entry will be ignored.
[13Jul2026 19:42:34.342] [modloading-worker-0/ERROR] [AttributeFix/]: Attribute ID 'skilltree:chestplate_armor' does not belong to a known attribute. This entry will be ignored.
[13Jul2026 19:42:34.342] [modloading-worker-0/ERROR] [AttributeFix/]: Attribute ID 'skilltree:crafted_armor_evasion' does not belong to a known attribute. This entry will be ignored.
[13Jul2026 19:42:34.342] [modloading-worker-0/ERROR] [AttributeFix/]: Attribute ID 'skilltree:life_on_block_per_shield_enchantment' does not belong to a known attribute. This entry will be ignored.
[13Jul2026 19:42:34.342] [modloading-worker-0/ERROR] [AttributeFix/]: Attribute ID 'skilltree:double_loot_chance' does not belong to a known attribute. This entry will be ignored.
[13Jul2026 19:42:34.342] [modloading-worker-0/ERROR] [AttributeFix/]: Attribute ID 'skilltree:life_per_hit_under_potion_effect' does not belong to a known attribute. This entry will be ignored.
[13Jul2026 19:42:34.342] [modloading-worker-0/ERROR] [AttributeFix/]: Attribute ID 'skilltree:crafted_weapon_chance_to_ignite' does not belong to a known attribute. This entry will be ignored.
[13Jul2026 19:42:34.342] [modloading-worker-0/ERROR] [AttributeFix/]: Attribute ID 'skilltree:attack_damage_per_armor' does not belong to a known attribute. This entry will be ignored.
[13Jul2026 19:42:34.342] [modloading-worker-0/ERROR] [AttributeFix/]: Attribute ID 'skilltree:crit_damage_per_satisfied_hunger' does not belong to a known attribute. This entry will be ignored.
[13Jul2026 19:42:34.342] [modloading-worker-0/ERROR] [AttributeFix/]: Attribute ID 'skilltree:crafted_ranged_weapon_attack_speed' does not belong to a known attribute. This entry will be ignored.
[13Jul2026 19:42:34.342] [modloading-worker-0/ERROR] [AttributeFix/]: Attribute ID 'skilltree:damage_with_gem_in_weapon' does not belong to a known attribute. This entry will be ignored.
[13Jul2026 19:42:34.342] [modloading-worker-0/ERROR] [AttributeFix/]: Attribute ID 'skilltree:armor_per_gem_in_chestplate' does not belong to a known attribute. This entry will be ignored.
[13Jul2026 19:42:34.343] [modloading-worker-0/ERROR] [AttributeFix/]: Attribute ID 'skilltree:chance_to_apply_better_armor_enchantment' does not belong to a known attribute. This entry will be ignored.
[13Jul2026 19:42:34.343] [modloading-worker-0/ERROR] [AttributeFix/]: Attribute ID 'skilltree:evasion_under_potion_effect' does not belong to a known attribute. This entry will be ignored.
[13Jul2026 19:42:34.343] [modloading-worker-0/ERROR] [AttributeFix/]: Attribute ID 'skilltree:experience_per_minute' does not belong to a known attribute. This entry will be ignored.
[13Jul2026 19:42:34.343] [modloading-worker-0/ERROR] [AttributeFix/]: Attribute ID 'skilltree:maximum_life_per_evasion' does not belong to a known attribute. This entry will be ignored.
[13Jul2026 19:42:34.343] [modloading-worker-0/ERROR] [AttributeFix/]: Attribute ID 'skilltree:block_chance_per_satisfied_hunger' does not belong to a known attribute. This entry will be ignored.
[13Jul2026 19:42:34.343] [modloading-worker-0/ERROR] [AttributeFix/]: Attribute ID 'skilltree:maximum_weapon_sockets' does not belong to a known attribute. This entry will be ignored.
[13Jul2026 19:42:34.343] [modloading-worker-0/ERROR] [AttributeFix/]: Attribute ID 'skilltree:damage_per_gem_in_weapon' does not belong to a known attribute. This entry will be ignored.
[13Jul2026 19:42:34.343] [modloading-worker-0/ERROR] [AttributeFix/]: Attribute ID 'skilltree:crafted_armor_defence' does not belong to a known attribute. This entry will be ignored.
[13Jul2026 19:42:34.343] [modloading-worker-0/ERROR] [AttributeFix/]: Attribute ID 'skilltree:attack_speed_with_shield' does not belong to a known attribute. This entry will be ignored.
[13Jul2026 19:42:34.343] [modloading-worker-0/ERROR] [AttributeFix/]: Attribute ID 'skilltree:chance_to_explode_enemy' does not belong to a known attribute. This entry will be ignored.
[13Jul2026 19:42:34.344] [modloading-worker-0/ERROR] [AttributeFix/]: Attribute ID 'skilltree:crafted_boots_stealth' does not belong to a known attribute. This entry will be ignored.
[13Jul2026 19:42:34.344] [modloading-worker-0/ERROR] [AttributeFix/]: Attribute ID 'skilltree:maximum_life_per_gem_in_helmet' does not belong to a known attribute. This entry will be ignored.
[13Jul2026 19:42:34.344] [modloading-worker-0/ERROR] [AttributeFix/]: Attribute ID 'skilltree:maximum_life_per_armor_bonus' does not belong to a known attribute. This entry will be ignored.
[13Jul2026 19:42:34.344] [modloading-worker-0/ERROR] [AttributeFix/]: Attribute ID 'skilltree:life_per_arrow_hit' does not belong to a known attribute. This entry will be ignored.
[13Jul2026 19:42:34.344] [modloading-worker-0/ERROR] [AttributeFix/]: Attribute ID 'skilltree:block_chance' does not belong to a known attribute. This entry will be ignored.
[13Jul2026 19:42:34.344] [modloading-worker-0/INFO] [AttributeFix/]: Loaded 277 values from config.
[13Jul2026 19:42:34.375] [modloading-worker-0/INFO] [com.teampotato.redirector.Redirector/]: Redirecting dev/latvian/mods/kubejs/recipe/component/ComponentRole
[13Jul2026 19:42:34.416] [modloading-worker-0/INFO] [AttributeFix/]: Saving config file. 277 entries.
[13Jul2026 19:42:34.416] [modloading-worker-0/INFO] [AttributeFix/]: Applying changes for 277 attributes.
[13Jul2026 19:42:34.429] [Forge Version Check/INFO] [net.minecraftforge.fml.VersionChecker/]: [commonality] Found status: OUTDATED Current: 4.2.1 Target: 7.3.1
[13Jul2026 19:42:34.429] [Forge Version Check/INFO] [net.minecraftforge.fml.VersionChecker/]: [canary] Starting version check at https://github.com/AbdElAziz333/Canary/raw/mc1.19.2/dev/updates.json
[13Jul2026 19:42:34.441] [modloading-worker-0/INFO] [Jade/]: Start loading plugin at shadows.gateways.compat.GatewayJadePlugin
[13Jul2026 19:42:34.445] [modloading-worker-0/INFO] [Jade/]: Start loading plugin at shadows.apotheosis.spawn.compat.SpawnerHwylaPlugin
[13Jul2026 19:42:34.447] [modloading-worker-0/INFO] [Jade/]: Start loading plugin at shadows.apotheosis.ench.compat.EnchHwylaPlugin
[13Jul2026 19:42:34.447] [modloading-worker-0/INFO] [Jade/]: Start loading plugin at shadows.apotheosis.adventure.compat.AdventureHwylaPlugin
[13Jul2026 19:42:34.449] [modloading-worker-0/INFO] [Jade/]: Start loading plugin at daripher.autoleveling.integration.jade.AutoLevelingWailaPlugin
[13Jul2026 19:42:34.449] [modloading-worker-0/INFO] [Jade/]: Start loading plugin at de.maxhenkel.corpse.integration.waila.PluginCorpse
[13Jul2026 19:42:34.450] [modloading-worker-0/INFO] [Jade/]: Start loading plugin at ovh.corail.tombstone.compatibility.IntegrationJade
[13Jul2026 19:42:34.450] [modloading-worker-0/INFO] [Jade/]: Start loading plugin at com.aetherteam.aether.integration.jade.AetherJadePlugin
[13Jul2026 19:42:34.451] [modloading-worker-0/INFO] [Jade/]: Start loading plugin at twilightforest.compat.jade.JadeCompat
[13Jul2026 19:42:34.452] [modloading-worker-0/INFO] [Jade/]: Start loading plugin at com.hollingsworth.arsnouveau.client.waila.WailaArsNouveauPlugin
[13Jul2026 19:42:34.452] [modloading-worker-0/INFO] [Jade/]: Start loading plugin at net.brnbrd.delightful.compat.jade.JadePlugin
[13Jul2026 19:42:34.452] [modloading-worker-0/INFO] [Jade/]: Start loading plugin at net.blay09.mods.waystones.compat.ForgeJadeWaystonesPlugin
[13Jul2026 19:42:34.453] [modloading-worker-0/INFO] [Jade/]: Start loading plugin at snownee.jade.addon.vanilla.VanillaPlugin
[13Jul2026 19:42:34.454] [modloading-worker-0/INFO] [com.teampotato.redirector.Redirector/]: Redirecting snownee/jade/addon/vanilla/BrewingStandProvider
[13Jul2026 19:42:34.456] [modloading-worker-0/INFO] [com.teampotato.redirector.Redirector/]: Redirecting snownee/jade/addon/vanilla/BeehiveProvider
[13Jul2026 19:42:34.457] [modloading-worker-0/INFO] [com.teampotato.redirector.Redirector/]: Redirecting snownee/jade/addon/vanilla/CommandBlockProvider
[13Jul2026 19:42:34.458] [modloading-worker-0/INFO] [com.teampotato.redirector.Redirector/]: Redirecting snownee/jade/addon/vanilla/JukeboxProvider
[13Jul2026 19:42:34.459] [modloading-worker-0/INFO] [com.teampotato.redirector.Redirector/]: Redirecting snownee/jade/addon/vanilla/LecternProvider
[13Jul2026 19:42:34.460] [modloading-worker-0/INFO] [com.teampotato.redirector.Redirector/]: Redirecting snownee/jade/addon/vanilla/RedstoneProvider
[13Jul2026 19:42:34.460] [modloading-worker-0/INFO] [com.teampotato.redirector.Redirector/]: Redirecting snownee/jade/addon/vanilla/FurnaceProvider
[13Jul2026 19:42:34.462] [modloading-worker-0/INFO] [com.teampotato.redirector.Redirector/]: Redirecting snownee/jade/addon/vanilla/AnimalOwnerProvider
[13Jul2026 19:42:34.465] [modloading-worker-0/INFO] [com.teampotato.redirector.Redirector/]: Redirecting snownee/jade/addon/vanilla/PotionEffectsProvider
[13Jul2026 19:42:34.466] [modloading-worker-0/INFO] [com.teampotato.redirector.Redirector/]: Redirecting snownee/jade/addon/vanilla/MobGrowthProvider
[13Jul2026 19:42:34.467] [modloading-worker-0/INFO] [com.teampotato.redirector.Redirector/]: Redirecting snownee/jade/addon/vanilla/MobBreedingProvider
[13Jul2026 19:42:34.467] [modloading-worker-0/INFO] [com.teampotato.redirector.Redirector/]: Redirecting snownee/jade/addon/vanilla/ChickenEggProvider
[13Jul2026 19:42:34.468] [modloading-worker-0/INFO] [Jade/]: Start loading plugin at snownee.jade.addon.universal.UniversalPlugin
[13Jul2026 19:42:34.469] [modloading-worker-0/INFO] [com.teampotato.redirector.Redirector/]: Redirecting snownee/jade/addon/universal/ItemStorageProvider
[13Jul2026 19:42:34.471] [modloading-worker-0/INFO] [com.teampotato.redirector.Redirector/]: Redirecting snownee/jade/addon/universal/EntityItemStorageProvider
[13Jul2026 19:42:34.472] [modloading-worker-0/INFO] [com.teampotato.redirector.Redirector/]: Redirecting snownee/jade/addon/universal/FluidStorageProvider
[13Jul2026 19:42:34.474] [modloading-worker-0/INFO] [com.teampotato.redirector.Redirector/]: Redirecting snownee/jade/addon/universal/EntityFluidStorageProvider
[13Jul2026 19:42:34.475] [modloading-worker-0/INFO] [com.teampotato.redirector.Redirector/]: Redirecting snownee/jade/addon/universal/EnergyStorageProvider
[13Jul2026 19:42:34.478] [modloading-worker-0/INFO] [com.teampotato.redirector.Redirector/]: Redirecting snownee/jade/addon/universal/EntityEnergyStorageProvider
[13Jul2026 19:42:34.478] [modloading-worker-0/INFO] [com.teampotato.redirector.Redirector/]: Redirecting snownee/jade/addon/universal/ProgressProvider
[13Jul2026 19:42:34.479] [modloading-worker-0/INFO] [com.teampotato.redirector.Redirector/]: Redirecting snownee/jade/addon/universal/EntityProgressProvider
[13Jul2026 19:42:34.480] [modloading-worker-0/INFO] [Jade/]: Start loading plugin at snownee.jade.addon.core.CorePlugin
[13Jul2026 19:42:34.481] [modloading-worker-0/INFO] [com.teampotato.redirector.Redirector/]: Redirecting snownee/jade/addon/core/RegistryNameProvider$Mode
[13Jul2026 19:42:34.481] [modloading-worker-0/INFO] [com.teampotato.redirector.Redirector/]: Redirecting snownee/jade/addon/core/ObjectNameProvider
[13Jul2026 19:42:34.482] [modloading-worker-0/INFO] [Jade/]: Start loading plugin at de.maxhenkel.easyvillagers.integration.waila.PluginEasyVillagers
[13Jul2026 19:42:34.483] [modloading-worker-0/INFO] [Jade/]: Start loading plugin at com.jaquadro.minecraft.storagedrawers.integration.Waila
[13Jul2026 19:42:34.487] [modloading-worker-0/INFO] [Enigmatic Legacy/INFO]: Successfully fetched the list of devoted believers from Enigmatic Legacy's repository.
[13Jul2026 19:42:34.490] [modloading-worker-0/INFO] [Enigmatic Legacy/INFO]: Successfully backed up the list of devoted believers.
[13Jul2026 19:42:34.492] [modloading-worker-0/INFO] [Enigmatic Legacy/]: Believer: ObsidianFlight, UUID: 0cf25168-1b5a-4ac9-90eb-45bb20b0afab
[13Jul2026 19:42:34.493] [modloading-worker-0/INFO] [Enigmatic Legacy/]: Believer: Alexsist, UUID: b77d12d4-627f-47d3-965a-74e4f41854cc
[13Jul2026 19:42:34.493] [modloading-worker-0/INFO] [Enigmatic Legacy/]: Believer: Volsarex, UUID: e9907457-0251-42de-86b7-32289c19a6c4
[13Jul2026 19:42:34.494] [modloading-worker-0/INFO] [Enigmatic Legacy/]: Believer: Tar, UUID: 64d64b70-fde8-467e-ad70-271d5ddf26f6
[13Jul2026 19:42:34.494] [modloading-worker-0/INFO] [Enigmatic Legacy/]: Believer: Strgnv, UUID: 93f46b5e-3f96-4bde-9de9-96e7210441f9
[13Jul2026 19:42:34.495] [modloading-worker-0/INFO] [Enigmatic Legacy/]: Believer: SoulRacer65, UUID: a9ca1491-c6b2-4502-a585-94336fb07e75
[13Jul2026 19:42:34.496] [modloading-worker-0/INFO] [Enigmatic Legacy/]: Believer: legitch, UUID: 64906813-adac-4aa9-8ac9-f25dbb677102
[13Jul2026 19:42:34.497] [modloading-worker-0/INFO] [Enigmatic Legacy/]: Believer: TheOutlander, UUID: 9c22cd32-4dff-42b9-946c-69548781f894
[13Jul2026 19:42:34.497] [modloading-worker-0/INFO] [Enigmatic Legacy/]: Believer: Crobee, UUID: ed207d6d-0bec-4e0b-9674-d8455f017441
[13Jul2026 19:42:34.497] [modloading-worker-0/INFO] [Enigmatic Legacy/]: Believer: Exlor, UUID: d45f7a78-513c-43ed-b2f7-6447a92ddaf2
[13Jul2026 19:42:34.497] [modloading-worker-0/INFO] [Enigmatic Legacy/]: Believer: IaruEmbyr, UUID: 97b38aa9-8c8b-4b50-8b69-f71db9a5c2d3
[13Jul2026 19:42:34.497] [modloading-worker-0/INFO] [Enigmatic Legacy/]: Believer: HunterPhantom, UUID: b818e7a3-997e-4456-a7f0-dc7c97c42892
[13Jul2026 19:42:34.498] [modloading-worker-0/INFO] [Enigmatic Legacy/]: Believer: Azure, UUID: 4aeb4bcc-e4b3-4851-9c1f-13d41ad7f37c
[13Jul2026 19:42:34.498] [modloading-worker-0/INFO] [Enigmatic Legacy/]: Believer: PixelVoxel, UUID: f9e9d0d6-eb43-46db-ae6e-b0950668c06d
[13Jul2026 19:42:34.498] [modloading-worker-0/INFO] [Enigmatic Legacy/]: Believer: Izures, UUID: 4c2145c9-be1a-4ae4-bb9f-0003bd221a98
[13Jul2026 19:42:34.499] [modloading-worker-0/INFO] [Enigmatic Legacy/]: Believer: 0thLaw, UUID: a4ef9810-6c0b-45a6-9895-6bbebc70e001
[13Jul2026 19:42:34.499] [modloading-worker-0/INFO] [Enigmatic Legacy/]: Believer: Nexus, UUID: 08e81c68-0a2f-4625-882b-ddcf3c86e351
[13Jul2026 19:42:34.500] [modloading-worker-0/INFO] [Enigmatic Legacy/]: Believer: Fetrex, UUID: d7d73994-0fa5-4690-a8dd-4dc850563f4e
[13Jul2026 19:42:34.501] [modloading-worker-0/INFO] [Enigmatic Legacy/]: Believer: MasterGentar, UUID: 86a110be-dc85-4d2c-82d3-3669cb61db8f
[13Jul2026 19:42:34.501] [modloading-worker-0/INFO] [Enigmatic Legacy/]: Believer: Dimagic, UUID: 34128f78-ad16-4ef3-a647-bb13f0aea775
[13Jul2026 19:42:34.501] [modloading-worker-0/INFO] [Enigmatic Legacy/]: Believer: probablyastar, UUID: 8f0f3658-5644-4f21-b5ea-324153338d87
[13Jul2026 19:42:34.501] [modloading-worker-0/INFO] [Enigmatic Legacy/]: Believer: Toastr125, UUID: 5cd5f647-d3bb-412e-b60c-0aaae21bcddd
[13Jul2026 19:42:34.501] [modloading-worker-0/INFO] [Enigmatic Legacy/]: Believer: YesPyro, UUID: 82a617a0-56fe-4ead-82d4-9d968ca7c777
[13Jul2026 19:42:34.501] [modloading-worker-0/INFO] [Enigmatic Legacy/]: Believer: Amadhe, UUID: 8bdb26a8-7687-49e5-829b-f298cfc10508
[13Jul2026 19:42:34.502] [modloading-worker-0/INFO] [Enigmatic Legacy/]: Believer: BAN30x, UUID: f42c7088-b559-4385-b8f4-94f3a565634c
[13Jul2026 19:42:34.502] [modloading-worker-0/INFO] [Enigmatic Legacy/]: Believer: Hyperion, UUID: 143e257c-b945-4700-85d2-ebcf63c1811f
[13Jul2026 19:42:34.502] [modloading-worker-0/INFO] [Enigmatic Legacy/]: Believer: prism182, UUID: f9048245-89cb-456c-aa2b-cc8e9d8b8c76
[13Jul2026 19:42:34.503] [modloading-worker-0/INFO] [Enigmatic Legacy/]: Believer: Celeste-ialGamer, UUID: 4822d847-93c1-4efd-bd9f-b2d56ba1608d
[13Jul2026 19:42:34.506] [modloading-worker-0/INFO] [Enigmatic Legacy/]: Believer: Snow_guy864335, UUID: a4fa93e5-c243-4b7b-b69a-6943152a5d2d
[13Jul2026 19:42:34.506] [modloading-worker-0/INFO] [Enigmatic Legacy/]: Believer: Dvyant, UUID: f75e74cb-d289-459f-8d28-ea3668541e32
[13Jul2026 19:42:34.506] [modloading-worker-0/INFO] [Enigmatic Legacy/]: Believer: Naoro, UUID: 7a195143-a6cd-4efb-8e57-deac4b7636d7
[13Jul2026 19:42:34.506] [modloading-worker-0/INFO] [Enigmatic Legacy/]: Believer: millie, UUID: f4fac73a-0ada-4e50-bbed-61b06f1a4d18
[13Jul2026 19:42:34.506] [modloading-worker-0/INFO] [Enigmatic Legacy/]: Believer: NinjaFox, UUID: 834a2387-6dec-4d57-8bd3-72be2a54ed54
[13Jul2026 19:42:34.506] [modloading-worker-0/INFO] [Enigmatic Legacy/]: Believer: ProstoChel, UUID: 1fd0b74a-536b-4a65-a849-5c607c950396
[13Jul2026 19:42:34.506] [modloading-worker-0/INFO] [Enigmatic Legacy/]: Believer: (Ne)TyMVS, UUID: ac159e63-a757-4f7d-8c2c-73469a715ff3
[13Jul2026 19:42:34.506] [modloading-worker-0/INFO] [Enigmatic Legacy/]: Believer: TheMuffinMan, UUID: 20f48143-1e09-4c89-9c85-085b70c76953
[13Jul2026 19:42:34.506] [modloading-worker-0/INFO] [Enigmatic Legacy/]: Believer: solmortis, UUID: f6dbd5e9-701c-4c76-8a48-0ba4b687c76d
[13Jul2026 19:42:34.506] [modloading-worker-0/INFO] [Enigmatic Legacy/]: Believer: Eternal_Banisher, UUID: 387aa6d4-f388-400f-b9c5-1514f238ceae
[13Jul2026 19:42:34.506] [modloading-worker-0/INFO] [Enigmatic Legacy/]: Believer: AbsorbingSafe11, UUID: 343ad979-87b7-4dfa-88b8-3f3fdc2e00ab
[13Jul2026 19:42:34.506] [modloading-worker-0/INFO] [Enigmatic Legacy/]: Believer: Stygian, UUID: f6c7001f-4ce8-43f7-b4a1-a9d9d5fadb93
[13Jul2026 19:42:34.506] [modloading-worker-0/INFO] [Enigmatic Legacy/]: Believer: PikachuGabe0, UUID: ca7b21a6-76a5-4ea6-af48-b90f66e4f2b1
[13Jul2026 19:42:34.506] [modloading-worker-0/INFO] [Enigmatic Legacy/]: Believer: Purifier, UUID: 58c97c29-2c25-4320-a1d2-8e5651de506b
[13Jul2026 19:42:34.506] [modloading-worker-0/INFO] [Enigmatic Legacy/]: Believer: Sam/Barker, UUID: 0179c9aa-12c8-423c-bf96-d53c9ed479dd
[13Jul2026 19:42:34.507] [modloading-worker-0/INFO] [Enigmatic Legacy/]: Believer: Ciege, UUID: 48b866bf-a574-4a10-b7bd-2d83d056452d
[13Jul2026 19:42:34.507] [modloading-worker-0/INFO] [Enigmatic Legacy/]: Believer: Solbaify, UUID: 5679a7e1-29f4-4bdc-bd60-5f642d95ad68
[13Jul2026 19:42:34.507] [modloading-worker-0/INFO] [Enigmatic Legacy/]: Believer: Samola345, UUID: b657c54f-3174-4434-bed8-14d7be8634b3
[13Jul2026 19:42:34.507] [modloading-worker-0/INFO] [Enigmatic Legacy/]: Believer: Ozzi, UUID: 7d52df8b-963d-45c2-9c8a-aa7f20ae0659
[13Jul2026 19:42:34.507] [modloading-worker-0/INFO] [Enigmatic Legacy/]: Believer: Arix, UUID: c13feccd-e582-4ae1-aee7-35e8acf7e9e1
[13Jul2026 19:42:34.507] [modloading-worker-0/INFO] [Enigmatic Legacy/]: Believer: Nechronom, UUID: 84b933b8-9688-4021-a039-eed55c985548
[13Jul2026 19:42:34.507] [modloading-worker-0/INFO] [Enigmatic Legacy/]: Believer: WelshyWeasel, UUID: 208abd4b-5534-4394-970f-f71dd693c53d
[13Jul2026 19:42:34.507] [modloading-worker-0/INFO] [Enigmatic Legacy/]: Believer: Thauma, UUID: facc8bc4-a623-47dc-af89-ba979ac159b5
[13Jul2026 19:42:34.507] [modloading-worker-0/INFO] [Enigmatic Legacy/]: Believer: GrekvarZikurah, UUID: f251c109-8214-4882-b0b4-332441843a50
[13Jul2026 19:42:34.507] [modloading-worker-0/INFO] [Enigmatic Legacy/]: Believer: Sebaty5, UUID: c6dd33f1-e851-40b4-840d-6af5ebe4ea3b
[13Jul2026 19:42:34.507] [modloading-worker-0/INFO] [Enigmatic Legacy/]: Believer: MarceDev, UUID: 24b26788-1ce6-44a6-a4df-45202850a9ef
[13Jul2026 19:42:34.507] [modloading-worker-0/INFO] [Enigmatic Legacy/]: Believer: Xathanon, UUID: 806dc0b8-7d90-4776-b870-37fda466a13f
[13Jul2026 19:42:34.507] [modloading-worker-0/INFO] [Enigmatic Legacy/]: Believer: Jusey1, UUID: 5f311b1c-8557-42cc-9c33-3605ea8f524f
[13Jul2026 19:42:34.507] [modloading-worker-0/INFO] [Enigmatic Legacy/]: Believer: swagfredbear27, UUID: c98b3962-3ea9-47f8-820d-134ce2691af0
[13Jul2026 19:42:34.507] [modloading-worker-0/INFO] [Enigmatic Legacy/]: Believer: CrazyHamburger, UUID: 57282a53-522e-4f8c-9f44-19d2068668d7
[13Jul2026 19:42:34.507] [modloading-worker-0/INFO] [Enigmatic Legacy/]: Believer: UwUent, UUID: 43124493-b135-4467-8460-f04e7e845b63
[13Jul2026 19:42:34.507] [modloading-worker-0/INFO] [Enigmatic Legacy/]: Believer: angelman, UUID: 85efda35-7bc1-48c5-a392-f3c23047212f
[13Jul2026 19:42:34.507] [modloading-worker-0/INFO] [Enigmatic Legacy/]: Believer: Madis0, UUID: 581a3f25-db2c-4e52-9823-62e9e4730daa
[13Jul2026 19:42:34.508] [modloading-worker-0/INFO] [Enigmatic Legacy/]: Believer: Destiny, UUID: 38edb8bc-816f-47b7-95d9-f67af6017f2f
[13Jul2026 19:42:34.508] [modloading-worker-0/INFO] [Enigmatic Legacy/INFO]: Load completion phase finished successfully
[13Jul2026 19:42:34.566] [Forge Version Check/WARN] [net.minecraftforge.fml.VersionChecker/]: Failed to process update information
com.google.gson.JsonSyntaxException: java.lang.IllegalStateException: Expected BEGIN_OBJECT but was STRING at line 9 column 1 path $
	at com.google.gson.Gson.fromJson(Gson.java:975) ~[gson-2.8.9.jar%2370!/:?]
	at com.google.gson.Gson.fromJson(Gson.java:928) ~[gson-2.8.9.jar%2370!/:?]
	at com.google.gson.Gson.fromJson(Gson.java:877) ~[gson-2.8.9.jar%2370!/:?]
	at com.google.gson.Gson.fromJson(Gson.java:848) ~[gson-2.8.9.jar%2370!/:?]
	at net.minecraftforge.fml.VersionChecker$1.process(VersionChecker.java:183) ~[fmlcore-1.19.2-43.4.2.jar%23526!/:?]
	at java.lang.Iterable.forEach(Iterable.java:75) [?:?]
	at net.minecraftforge.fml.VersionChecker$1.run(VersionChecker.java:114) [fmlcore-1.19.2-43.4.2.jar%23526!/:?]
Caused by: java.lang.IllegalStateException: Expected BEGIN_OBJECT but was STRING at line 9 column 1 path $
	at com.google.gson.stream.JsonReader.beginObject(JsonReader.java:384) ~[gson-2.8.9.jar%2370!/:?]
	at com.google.gson.internal.bind.MapTypeAdapterFactory$Adapter.read(MapTypeAdapterFactory.java:183) ~[gson-2.8.9.jar%2370!/:?]
	at com.google.gson.internal.bind.MapTypeAdapterFactory$Adapter.read(MapTypeAdapterFactory.java:145) ~[gson-2.8.9.jar%2370!/:?]
	at com.google.gson.Gson.fromJson(Gson.java:963) ~[gson-2.8.9.jar%2370!/:?]
	... 6 more
[13Jul2026 19:42:34.567] [Forge Version Check/INFO] [net.minecraftforge.fml.VersionChecker/]: [puzzleslib] Starting version check at https://raw.githubusercontent.com/Fuzss/modresources/main/update/puzzleslib.json
[13Jul2026 19:42:34.578] [Forge Version Check/INFO] [net.minecraftforge.fml.VersionChecker/]: [puzzleslib] Found status: UP_TO_DATE Current: 4.4.3 Target: null
[13Jul2026 19:42:34.578] [Forge Version Check/INFO] [net.minecraftforge.fml.VersionChecker/]: [blue_skies] Starting version check at http://changelogs.moddinglegacy.com/blue-skies.json
[13Jul2026 19:42:34.715] [main/INFO] [com.teampotato.redirector.Redirector/]: Redirecting org/embeddedt/modernfix/util/BakeReason
[13Jul2026 19:42:34.752] [Forge Version Check/INFO] [net.minecraftforge.fml.VersionChecker/]: [blue_skies] Found status: UP_TO_DATE Current: 1.3.20 Target: null
[13Jul2026 19:42:34.752] [Forge Version Check/INFO] [net.minecraftforge.fml.VersionChecker/]: [aether] Starting version check at https://github.com/The-Aether-Team/The-Aether/raw/1.19.2-develop/update.json
[13Jul2026 19:42:34.853] [Forge Version Check/INFO] [net.minecraftforge.fml.VersionChecker/]: [aether] Found status: OUTDATED Current: 1.19.2-1.4.2-forge Target: 1.19.2-1.5.1-forge
[13Jul2026 19:42:34.853] [Forge Version Check/INFO] [net.minecraftforge.fml.VersionChecker/]: [prism] Starting version check at https://mc-update-check.anthonyhilyard.com/638111
[13Jul2026 19:42:34.876] [Forge Version Check/INFO] [net.minecraftforge.fml.VersionChecker/]: [prism] Found status: UP_TO_DATE Current: 1.0.2 Target: null
[13Jul2026 19:42:34.876] [Forge Version Check/INFO] [net.minecraftforge.fml.VersionChecker/]: [bookshelf] Starting version check at https://updates.blamejared.com/get?n=bookshelf&gv=1.19.2
[13Jul2026 19:42:34.884] [main/INFO] [com.mojang.authlib.yggdrasil.YggdrasilAuthenticationService/]: Environment: authHost='https://authserver.mojang.com', accountsHost='https://api.mojang.com', sessionHost='https://sessionserver.mojang.com', servicesHost='https://api.minecraftservices.com', name='PROD'
[13Jul2026 19:42:34.973] [Forge Version Check/INFO] [net.minecraftforge.fml.VersionChecker/]: [bookshelf] Found status: BETA Current: 16.3.20 Target: 16.3.20
[13Jul2026 19:42:34.974] [Forge Version Check/INFO] [net.minecraftforge.fml.VersionChecker/]: [twilightforest] Starting version check at https://gh.tamaized.com/TeamTwilight/twilightforest/update.json
[13Jul2026 19:42:35.100] [Forge Version Check/INFO] [net.minecraftforge.fml.VersionChecker/]: [twilightforest] Found status: BETA Current: 4.2.1518 Target: null
[13Jul2026 19:42:35.100] [Forge Version Check/INFO] [net.minecraftforge.fml.VersionChecker/]: [delightful] Starting version check at https://raw.githubusercontent.com/brnbrd/Delightful/1.19/update/update.json
[13Jul2026 19:42:35.109] [Forge Version Check/INFO] [net.minecraftforge.fml.VersionChecker/]: [delightful] Found status: BETA Current: 3.4.1 Target: null
[13Jul2026 19:42:35.109] [Forge Version Check/INFO] [net.minecraftforge.fml.VersionChecker/]: [nightconfigfixes] Starting version check at https://raw.githubusercontent.com/Fuzss/modresources/main/update/nightconfigfixes.json
[13Jul2026 19:42:35.124] [Forge Version Check/INFO] [net.minecraftforge.fml.VersionChecker/]: [nightconfigfixes] Found status: UP_TO_DATE Current: 4.0.7 Target: null
[13Jul2026 19:42:35.124] [Forge Version Check/INFO] [net.minecraftforge.fml.VersionChecker/]: [smallships] Starting version check at https://raw.githubusercontent.com/talhanation/smallships/main/update.json
[13Jul2026 19:42:35.133] [Forge Version Check/INFO] [net.minecraftforge.fml.VersionChecker/]: [smallships] Found status: AHEAD Current: 2.0.0-b1.3.1 Target: null
[13Jul2026 19:42:35.133] [Forge Version Check/INFO] [net.minecraftforge.fml.VersionChecker/]: [majruszsaccessories] Starting version check at https://raw.githubusercontent.com/Majrusz/MinecraftCommon/main/Accessories/update.json
[13Jul2026 19:42:35.142] [Forge Version Check/INFO] [net.minecraftforge.fml.VersionChecker/]: [majruszsaccessories] Found status: AHEAD Current: 1.5.2-backport.2 Target: null
[13Jul2026 19:42:35.143] [Forge Version Check/INFO] [net.minecraftforge.fml.VersionChecker/]: [obscure_api] Starting version check at https://raw.githubusercontent.com/ObscuriaLithium/Home/main/obscure_api/versions.json
[13Jul2026 19:42:35.153] [Forge Version Check/WARN] [net.minecraftforge.fml.VersionChecker/]: Failed to process update information
com.google.gson.JsonSyntaxException: java.lang.IllegalStateException: Expected BEGIN_OBJECT but was NUMBER at line 1 column 4 path $
	at com.google.gson.Gson.fromJson(Gson.java:975) ~[gson-2.8.9.jar%2370!/:?]
	at com.google.gson.Gson.fromJson(Gson.java:928) ~[gson-2.8.9.jar%2370!/:?]
	at com.google.gson.Gson.fromJson(Gson.java:877) ~[gson-2.8.9.jar%2370!/:?]
	at com.google.gson.Gson.fromJson(Gson.java:848) ~[gson-2.8.9.jar%2370!/:?]
	at net.minecraftforge.fml.VersionChecker$1.process(VersionChecker.java:183) ~[fmlcore-1.19.2-43.4.2.jar%23526!/:?]
	at java.lang.Iterable.forEach(Iterable.java:75) [?:?]
	at net.minecraftforge.fml.VersionChecker$1.run(VersionChecker.java:114) [fmlcore-1.19.2-43.4.2.jar%23526!/:?]
Caused by: java.lang.IllegalStateException: Expected BEGIN_OBJECT but was NUMBER at line 1 column 4 path $
	at com.google.gson.stream.JsonReader.beginObject(JsonReader.java:384) ~[gson-2.8.9.jar%2370!/:?]
	at com.google.gson.internal.bind.MapTypeAdapterFactory$Adapter.read(MapTypeAdapterFactory.java:183) ~[gson-2.8.9.jar%2370!/:?]
	at com.google.gson.internal.bind.MapTypeAdapterFactory$Adapter.read(MapTypeAdapterFactory.java:145) ~[gson-2.8.9.jar%2370!/:?]
	at com.google.gson.Gson.fromJson(Gson.java:963) ~[gson-2.8.9.jar%2370!/:?]
	... 6 more
[13Jul2026 19:42:35.154] [Forge Version Check/INFO] [net.minecraftforge.fml.VersionChecker/]: [aquamirae] Starting version check at https://raw.githubusercontent.com/ObscuriaLithium/Home/main/aquamirae/versions.json
[13Jul2026 19:42:35.166] [Forge Version Check/WARN] [net.minecraftforge.fml.VersionChecker/]: Failed to process update information
com.google.gson.JsonSyntaxException: java.lang.IllegalStateException: Expected BEGIN_OBJECT but was NUMBER at line 1 column 4 path $
	at com.google.gson.Gson.fromJson(Gson.java:975) ~[gson-2.8.9.jar%2370!/:?]
	at com.google.gson.Gson.fromJson(Gson.java:928) ~[gson-2.8.9.jar%2370!/:?]
	at com.google.gson.Gson.fromJson(Gson.java:877) ~[gson-2.8.9.jar%2370!/:?]
	at com.google.gson.Gson.fromJson(Gson.java:848) ~[gson-2.8.9.jar%2370!/:?]
	at net.minecraftforge.fml.VersionChecker$1.process(VersionChecker.java:183) ~[fmlcore-1.19.2-43.4.2.jar%23526!/:?]
	at java.lang.Iterable.forEach(Iterable.java:75) [?:?]
	at net.minecraftforge.fml.VersionChecker$1.run(VersionChecker.java:114) [fmlcore-1.19.2-43.4.2.jar%23526!/:?]
Caused by: java.lang.IllegalStateException: Expected BEGIN_OBJECT but was NUMBER at line 1 column 4 path $
	at com.google.gson.stream.JsonReader.beginObject(JsonReader.java:384) ~[gson-2.8.9.jar%2370!/:?]
	at com.google.gson.internal.bind.MapTypeAdapterFactory$Adapter.read(MapTypeAdapterFactory.java:183) ~[gson-2.8.9.jar%2370!/:?]
	at com.google.gson.internal.bind.MapTypeAdapterFactory$Adapter.read(MapTypeAdapterFactory.java:145) ~[gson-2.8.9.jar%2370!/:?]
	at com.google.gson.Gson.fromJson(Gson.java:963) ~[gson-2.8.9.jar%2370!/:?]
	... 6 more
[13Jul2026 19:42:35.167] [Forge Version Check/INFO] [net.minecraftforge.fml.VersionChecker/]: [clumps] Starting version check at https://updates.blamejared.com/get?n=clumps&gv=1.19.2
[13Jul2026 19:42:35.263] [Forge Version Check/INFO] [net.minecraftforge.fml.VersionChecker/]: [clumps] Found status: BETA Current: 9.0.0+14 Target: 9.0.0+14
[13Jul2026 19:42:35.266] [Forge Version Check/INFO] [net.minecraftforge.fml.VersionChecker/]: [badmobs] Starting version check at https://updates.blamejared.com/get?n=badmobs&gv=1.19.2
[13Jul2026 19:42:35.368] [Forge Version Check/INFO] [net.minecraftforge.fml.VersionChecker/]: [badmobs] Found status: BETA Current: 16.1.3 Target: 16.1.3
[13Jul2026 19:42:35.369] [Forge Version Check/INFO] [net.minecraftforge.fml.VersionChecker/]: [dungeons_andtaverns_mr] Starting version check at https://api.modrinth.comauth/init?url=https://modrinth.com/datapack/dungeons-and-taverns/version/2.0.2/updates/tpehi7ww/forge_updates.json
[13Jul2026 19:42:35.428] [Forge Version Check/WARN] [net.minecraftforge.fml.VersionChecker/]: Failed to process update information
java.net.ConnectException: null
	at jdk.internal.net.http.HttpClientImpl.send(HttpClientImpl.java:900) ~[java.net.http:?]
	at jdk.internal.net.http.HttpClientFacade.send(HttpClientFacade.java:133) ~[java.net.http:?]
	at net.minecraftforge.fml.VersionChecker$1.openUrlString(VersionChecker.java:139) ~[fmlcore-1.19.2-43.4.2.jar%23526!/:?]
	at net.minecraftforge.fml.VersionChecker$1.process(VersionChecker.java:177) ~[fmlcore-1.19.2-43.4.2.jar%23526!/:?]
	at java.lang.Iterable.forEach(Iterable.java:75) [?:?]
	at net.minecraftforge.fml.VersionChecker$1.run(VersionChecker.java:114) [fmlcore-1.19.2-43.4.2.jar%23526!/:?]
Caused by: java.net.ConnectException
	at jdk.internal.net.http.common.Utils.toConnectException(Utils.java:1107) ~[java.net.http:?]
	at jdk.internal.net.http.PlainHttpConnection.connectAsync(PlainHttpConnection.java:203) ~[java.net.http:?]
	at jdk.internal.net.http.AsyncSSLConnection.connectAsync(AsyncSSLConnection.java:56) ~[java.net.http:?]
	at jdk.internal.net.http.Http2Connection.createAsync(Http2Connection.java:450) ~[java.net.http:?]
	at jdk.internal.net.http.Http2ClientImpl.getConnectionFor(Http2ClientImpl.java:133) ~[java.net.http:?]
	at jdk.internal.net.http.ExchangeImpl.get(ExchangeImpl.java:98) ~[java.net.http:?]
	at jdk.internal.net.http.Exchange.establishExchange(Exchange.java:374) ~[java.net.http:?]
	at jdk.internal.net.http.Exchange.responseAsyncImpl0(Exchange.java:567) ~[java.net.http:?]
	at jdk.internal.net.http.Exchange.responseAsyncImpl(Exchange.java:411) ~[java.net.http:?]
	at jdk.internal.net.http.Exchange.responseAsync(Exchange.java:403) ~[java.net.http:?]
	at jdk.internal.net.http.MultiExchange.responseAsyncImpl(MultiExchange.java:430) ~[java.net.http:?]
	at jdk.internal.net.http.MultiExchange.lambda$responseAsyncImpl$7(MultiExchange.java:471) ~[java.net.http:?]
	at java.util.concurrent.CompletableFuture.uniHandle(CompletableFuture.java:934) ~[?:?]
	at java.util.concurrent.CompletableFuture.uniHandleStage(CompletableFuture.java:950) ~[?:?]
	at java.util.concurrent.CompletableFuture.handle(CompletableFuture.java:2340) ~[?:?]
	at jdk.internal.net.http.MultiExchange.responseAsyncImpl(MultiExchange.java:461) ~[java.net.http:?]
	at jdk.internal.net.http.MultiExchange.lambda$responseAsync0$2(MultiExchange.java:350) ~[java.net.http:?]
	at java.util.concurrent.CompletableFuture$UniCompose.tryFire(CompletableFuture.java:1150) ~[?:?]
	at java.util.concurrent.CompletableFuture.postComplete(CompletableFuture.java:510) ~[?:?]
	at java.util.concurrent.CompletableFuture$AsyncSupply.run(CompletableFuture.java:1773) ~[?:?]
	at jdk.internal.net.http.HttpClientImpl$DelegatingExecutor.execute(HttpClientImpl.java:174) ~[java.net.http:?]
	at java.util.concurrent.CompletableFuture.completeAsync(CompletableFuture.java:2673) ~[?:?]
	at jdk.internal.net.http.MultiExchange.responseAsync(MultiExchange.java:303) ~[java.net.http:?]
	at jdk.internal.net.http.HttpClientImpl.sendAsync(HttpClientImpl.java:991) ~[java.net.http:?]
	at jdk.internal.net.http.HttpClientImpl.send(HttpClientImpl.java:878) ~[java.net.http:?]
	... 5 more
Caused by: java.nio.channels.UnresolvedAddressException
	at sun.nio.ch.Net.checkAddress(Net.java:159) ~[?:?]
	at sun.nio.ch.Net.checkAddress(Net.java:167) ~[?:?]
	at sun.nio.ch.SocketChannelImpl.checkRemote(SocketChannelImpl.java:816) ~[?:?]
	at sun.nio.ch.SocketChannelImpl.connect(SocketChannelImpl.java:839) ~[?:?]
	at jdk.internal.net.http.PlainHttpConnection.lambda$connectAsync$0(PlainHttpConnection.java:187) ~[java.net.http:?]
	at java.security.AccessController.doPrivileged(AccessController.java:569) ~[?:?]
	at jdk.internal.net.http.PlainHttpConnection.connectAsync(PlainHttpConnection.java:189) ~[java.net.http:?]
	at jdk.internal.net.http.AsyncSSLConnection.connectAsync(AsyncSSLConnection.java:56) ~[java.net.http:?]
	at jdk.internal.net.http.Http2Connection.createAsync(Http2Connection.java:450) ~[java.net.http:?]
	at jdk.internal.net.http.Http2ClientImpl.getConnectionFor(Http2ClientImpl.java:133) ~[java.net.http:?]
	at jdk.internal.net.http.ExchangeImpl.get(ExchangeImpl.java:98) ~[java.net.http:?]
	at jdk.internal.net.http.Exchange.establishExchange(Exchange.java:374) ~[java.net.http:?]
	at jdk.internal.net.http.Exchange.responseAsyncImpl0(Exchange.java:567) ~[java.net.http:?]
	at jdk.internal.net.http.Exchange.responseAsyncImpl(Exchange.java:411) ~[java.net.http:?]
	at jdk.internal.net.http.Exchange.responseAsync(Exchange.java:403) ~[java.net.http:?]
	at jdk.internal.net.http.MultiExchange.responseAsyncImpl(MultiExchange.java:430) ~[java.net.http:?]
	at jdk.internal.net.http.MultiExchange.lambda$responseAsyncImpl$7(MultiExchange.java:471) ~[java.net.http:?]
	at java.util.concurrent.CompletableFuture.uniHandle(CompletableFuture.java:934) ~[?:?]
	at java.util.concurrent.CompletableFuture.uniHandleStage(CompletableFuture.java:950) ~[?:?]
	at java.util.concurrent.CompletableFuture.handle(CompletableFuture.java:2340) ~[?:?]
	at jdk.internal.net.http.MultiExchange.responseAsyncImpl(MultiExchange.java:461) ~[java.net.http:?]
	at jdk.internal.net.http.MultiExchange.lambda$responseAsync0$2(MultiExchange.java:350) ~[java.net.http:?]
	at java.util.concurrent.CompletableFuture$UniCompose.tryFire(CompletableFuture.java:1150) ~[?:?]
	at java.util.concurrent.CompletableFuture.postComplete(CompletableFuture.java:510) ~[?:?]
	at java.util.concurrent.CompletableFuture$AsyncSupply.run(CompletableFuture.java:1773) ~[?:?]
	at jdk.internal.net.http.HttpClientImpl$DelegatingExecutor.execute(HttpClientImpl.java:174) ~[java.net.http:?]
	at java.util.concurrent.CompletableFuture.completeAsync(CompletableFuture.java:2673) ~[?:?]
	at jdk.internal.net.http.MultiExchange.responseAsync(MultiExchange.java:303) ~[java.net.http:?]
	at jdk.internal.net.http.HttpClientImpl.sendAsync(HttpClientImpl.java:991) ~[java.net.http:?]
	at jdk.internal.net.http.HttpClientImpl.send(HttpClientImpl.java:878) ~[java.net.http:?]
	... 5 more
[13Jul2026 19:42:35.432] [Forge Version Check/INFO] [net.minecraftforge.fml.VersionChecker/]: [moonlight] Starting version check at https://raw.githubusercontent.com/MehVahdJukaar/Moonlight/multi-loader/forge/update.json
[13Jul2026 19:42:35.442] [Forge Version Check/INFO] [net.minecraftforge.fml.VersionChecker/]: [moonlight] Found status: UP_TO_DATE Current: 1.19.2-2.3.7 Target: null
[13Jul2026 19:42:35.442] [Forge Version Check/INFO] [net.minecraftforge.fml.VersionChecker/]: [eccentrictome] Starting version check at https://api.modrinth.com/updates/eccentric-tome/forge_updates.json
[13Jul2026 19:42:35.470] [main/INFO] [com.teampotato.redirector.Redirector/]: Redirecting net/minecraft/nbt/StreamTagVisitor$ValueResult
[13Jul2026 19:42:35.471] [main/INFO] [com.teampotato.redirector.Redirector/]: Redirecting net/minecraft/nbt/StreamTagVisitor$EntryResult
[13Jul2026 19:42:35.510] [Forge Version Check/INFO] [net.minecraftforge.fml.VersionChecker/]: [eccentrictome] Found status: UP_TO_DATE Current: 1.19.2-1.10.2 Target: null
[13Jul2026 19:42:35.510] [Forge Version Check/INFO] [net.minecraftforge.fml.VersionChecker/]: [smoothboot] Starting version check at https://github.com/AbdElAziz333/SmoothBoot-Reloaded/raw/mc1.20.1/dev/updates.json
[13Jul2026 19:42:35.526] [main/INFO] [com.teampotato.redirector.Redirector/]: Redirecting net/minecraft/util/datafix/DataFixTypes
[13Jul2026 19:42:35.532] [Forge Version Check/WARN] [net.minecraftforge.fml.VersionChecker/]: Failed to process update information
com.google.gson.JsonSyntaxException: java.lang.IllegalStateException: Expected BEGIN_OBJECT but was STRING at line 9 column 1 path $
	at com.google.gson.Gson.fromJson(Gson.java:975) ~[gson-2.8.9.jar%2370!/:?]
	at com.google.gson.Gson.fromJson(Gson.java:928) ~[gson-2.8.9.jar%2370!/:?]
	at com.google.gson.Gson.fromJson(Gson.java:877) ~[gson-2.8.9.jar%2370!/:?]
	at com.google.gson.Gson.fromJson(Gson.java:848) ~[gson-2.8.9.jar%2370!/:?]
	at net.minecraftforge.fml.VersionChecker$1.process(VersionChecker.java:183) ~[fmlcore-1.19.2-43.4.2.jar%23526!/:?]
	at java.lang.Iterable.forEach(Iterable.java:75) [?:?]
	at net.minecraftforge.fml.VersionChecker$1.run(VersionChecker.java:114) [fmlcore-1.19.2-43.4.2.jar%23526!/:?]
Caused by: java.lang.IllegalStateException: Expected BEGIN_OBJECT but was STRING at line 9 column 1 path $
	at com.google.gson.stream.JsonReader.beginObject(JsonReader.java:384) ~[gson-2.8.9.jar%2370!/:?]
	at com.google.gson.internal.bind.MapTypeAdapterFactory$Adapter.read(MapTypeAdapterFactory.java:183) ~[gson-2.8.9.jar%2370!/:?]
	at com.google.gson.internal.bind.MapTypeAdapterFactory$Adapter.read(MapTypeAdapterFactory.java:145) ~[gson-2.8.9.jar%2370!/:?]
	at com.google.gson.Gson.fromJson(Gson.java:963) ~[gson-2.8.9.jar%2370!/:?]
	... 6 more
[13Jul2026 19:42:35.533] [Forge Version Check/INFO] [net.minecraftforge.fml.VersionChecker/]: [easy_villagers] Starting version check at https://update.maxhenkel.de/forge/easy_villagers
[13Jul2026 19:42:35.561] [main/WARN] [net.minecraft.server.packs.VanillaPackResources/]: Assets URL 'union:/workspaces/cisco/servidor_minecraft/libraries/net/minecraft/server/1.19.2-20220805.130853/server-1.19.2-20220805.130853-srg.jar%23525!/assets/.mcassetsroot' uses unexpected schema
[13Jul2026 19:42:35.562] [main/WARN] [net.minecraft.server.packs.VanillaPackResources/]: Assets URL 'union:/workspaces/cisco/servidor_minecraft/libraries/net/minecraft/server/1.19.2-20220805.130853/server-1.19.2-20220805.130853-srg.jar%23525!/data/.mcassetsroot' uses unexpected schema
[13Jul2026 19:42:35.609] [main/INFO] [com.teampotato.redirector.Redirector/]: Redirecting net/minecraft/server/packs/repository/Pack$Position
[13Jul2026 19:42:35.617] [main/INFO] [com.teampotato.redirector.Redirector/]: Redirecting de/cristelknight999/t_and_t/utils/RepositorySourceMaker$FilePackType
[13Jul2026 19:42:35.632] [Forge Version Check/INFO] [net.minecraftforge.fml.VersionChecker/]: [easy_villagers] Found status: AHEAD Current: 1.19.2-1.1.23 Target: null
[13Jul2026 19:42:35.632] [Forge Version Check/INFO] [net.minecraftforge.fml.VersionChecker/]: [iceberg] Starting version check at https://mc-update-check.anthonyhilyard.com/520110
[13Jul2026 19:42:35.655] [Forge Version Check/INFO] [net.minecraftforge.fml.VersionChecker/]: [iceberg] Found status: BETA Current: 1.1.4 Target: null
[13Jul2026 19:42:35.655] [Forge Version Check/INFO] [net.minecraftforge.fml.VersionChecker/]: [apexcore] Starting version check at https://api.modrinth.com/updates/apexcore/forge_updates.json
[13Jul2026 19:42:35.696] [Forge Version Check/INFO] [net.minecraftforge.fml.VersionChecker/]: [apexcore] Found status: UP_TO_DATE Current: 7.3.1 Target: null
[13Jul2026 19:42:35.697] [Forge Version Check/INFO] [net.minecraftforge.fml.VersionChecker/]: [fantasyfurniture] Starting version check at https://api.modrinth.com/updates/fantasy-furniture/forge_updates.json
[13Jul2026 19:42:35.708] [main/INFO] [com.teampotato.redirector.Redirector/]: Redirecting net/minecraft/server/packs/repository/PackCompatibility
[13Jul2026 19:42:35.717] [main/INFO] [com.teampotato.redirector.Redirector/]: Redirecting net/minecraft/Util$OS
[13Jul2026 19:42:35.745] [Forge Version Check/INFO] [net.minecraftforge.fml.VersionChecker/]: [fantasyfurniture] Found status: UP_TO_DATE Current: 6.7.0 Target: null
[13Jul2026 19:42:35.745] [Forge Version Check/INFO] [net.minecraftforge.fml.VersionChecker/]: [majruszsenchantments] Starting version check at https://raw.githubusercontent.com/Majrusz/MinecraftCommon/main/Enchantments/update.json
[13Jul2026 19:42:35.763] [Forge Version Check/INFO] [net.minecraftforge.fml.VersionChecker/]: [majruszsenchantments] Found status: AHEAD Current: 1.10.7-backport.1 Target: null
[13Jul2026 19:42:36.560] [main/ERROR] [net.minecraftforge.fml.loading.RuntimeDistCleaner/DISTXFORM]: Attempted to load class com/mojang/blaze3d/vertex/PoseStack for invalid dist DEDICATED_SERVER
[13Jul2026 19:42:36.568] [main/INFO] [KubeJS Server/]: example.js#5: Hello, World! (Loaded server scripts)
[13Jul2026 19:42:36.568] [main/INFO] [KubeJS Server/]: Loaded script server_scripts:example.js in 0.001 s
[13Jul2026 19:42:36.568] [main/INFO] [KubeJS Server/]: Loaded 1/1 KubeJS server scripts in 0.012 s
[13Jul2026 19:42:36.569] [main/INFO] [KubeJS Server/]: Scripts loaded
[13Jul2026 19:42:37.889] [main/INFO] [com.teampotato.redirector.Redirector/]: Redirecting com/telepathicgrunt/repurposedstructures/world/predicates/MatterPhaseRuleTest$MATTER_PHASE
[13Jul2026 19:42:38.564] [main/INFO] [com.teampotato.redirector.Redirector/]: Redirecting com/yungnickyoung/minecraft/betterdungeons/world/DungeonType
[13Jul2026 19:42:40.268] [main/INFO] [com.teampotato.redirector.Redirector/]: Redirecting com/telepathicgrunt/repurposedstructures/world/structures/GenericJigsawStructure$BURYING_TYPE
[13Jul2026 19:42:40.278] [main/INFO] [com.teampotato.redirector.Redirector/]: Redirecting com/telepathicgrunt/repurposedstructures/world/structures/GenericNetherJigsawStructure$LAND_SEARCH_DIRECTION
[13Jul2026 19:42:40.311] [main/INFO] [com.teampotato.redirector.Redirector/]: Redirecting com/yungnickyoung/minecraft/bettermineshafts/world/config/BetterMineshaftConfiguration$LegVariant
[13Jul2026 19:42:41.273] [main/INFO] [com.teampotato.redirector.Redirector/]: Redirecting twilightforest/world/components/layer/GenLayerTFBiomes
[13Jul2026 19:42:41.280] [main/INFO] [com.teampotato.redirector.Redirector/]: Redirecting twilightforest/world/components/layer/GenLayerTFKeyBiomes
[13Jul2026 19:42:41.281] [main/INFO] [com.teampotato.redirector.Redirector/]: Redirecting twilightforest/world/components/layer/GenLayerTFCompanionBiomes
[13Jul2026 19:42:41.282] [main/INFO] [com.teampotato.redirector.Redirector/]: Redirecting twilightforest/world/components/layer/vanillalegacy/ZoomLayer
[13Jul2026 19:42:41.283] [main/INFO] [com.teampotato.redirector.Redirector/]: Redirecting twilightforest/world/components/layer/GenLayerTFBiomeStabilize
[13Jul2026 19:42:41.284] [main/INFO] [com.teampotato.redirector.Redirector/]: Redirecting twilightforest/world/components/layer/GenLayerTFThornBorder
[13Jul2026 19:42:41.285] [main/INFO] [com.teampotato.redirector.Redirector/]: Redirecting twilightforest/world/components/layer/GenLayerTFStream
[13Jul2026 19:42:41.285] [main/INFO] [com.teampotato.redirector.Redirector/]: Redirecting twilightforest/world/components/layer/vanillalegacy/SmoothLayer
[13Jul2026 19:42:41.286] [main/INFO] [com.teampotato.redirector.Redirector/]: Redirecting twilightforest/world/components/layer/GenLayerTFRiverMix
[13Jul2026 19:42:41.296] [main/INFO] [com.teampotato.redirector.Redirector/]: Redirecting com/legacy/blue_skies/world/biome_provider/biomes/BiomeIds$Temperature
[13Jul2026 19:42:41.296] [main/INFO] [com.teampotato.redirector.Redirector/]: Redirecting net/minecraft/world/level/levelgen/WorldgenRandom$Algorithm
[13Jul2026 19:42:41.531] [main/INFO] [com.teampotato.redirector.Redirector/]: Redirecting net/minecraft/commands/CommandBuildContext$MissingTagAccessPolicy
[13Jul2026 19:42:41.534] [main/INFO] [mixin/]: Mixing AccessorAdvancementCommands from enigmaticlegacy.mixins.json into net.minecraft.server.commands.AdvancementCommands
[13Jul2026 19:42:41.535] [main/INFO] [mixin/]: Renaming @Accessor method getAdvancementSuggestions()Lcom/mojang/brigadier/suggestion/SuggestionProvider; to getAdvancementSuggestions_$md$95fb1a$0 in enigmaticlegacy.mixins.json:AccessorAdvancementCommands
[13Jul2026 19:42:41.604] [main/INFO] [net.minecraftforge.coremod.CoreMod.apotheosis/COREMODLOG]: Replaced 2 calls to Enchantment#getMaxLevel() in net/minecraft/server/commands/EnchantCommand
[13Jul2026 19:42:41.840] [main/INFO] [com.teampotato.redirector.Redirector/]: Redirecting ovh/corail/tombstone/command/TombstoneCommand$CommandName
[13Jul2026 19:42:41.842] [main/INFO] [com.teampotato.redirector.Redirector/]: Redirecting ovh/corail/tombstone/command/CommandTBBind$SubCommand
[13Jul2026 19:42:41.845] [main/INFO] [com.teampotato.redirector.Redirector/]: Redirecting ovh/corail/tombstone/command/CommandTBKnowledge$SubCommand
[13Jul2026 19:42:41.849] [main/INFO] [com.teampotato.redirector.Redirector/]: Redirecting ovh/corail/tombstone/command/CommandTBRecovery$SubCommand
[13Jul2026 19:42:41.853] [main/INFO] [com.teampotato.redirector.Redirector/]: Redirecting ovh/corail/tombstone/command/CommandTBSiege$SubCommand
[13Jul2026 19:42:41.857] [main/INFO] [com.teampotato.redirector.Redirector/]: Redirecting ovh/corail/tombstone/command/CommandTBTeleport$SubCommand
[13Jul2026 19:42:41.937] [main/INFO] [com.teampotato.redirector.Redirector/]: Redirecting it/hurts/sskirillss/relics/commands/RelicsCommand$CommandAction
[13Jul2026 19:42:41.974] [main/INFO] [com.teampotato.redirector.Redirector/]: Redirecting io/github/edwinmindcraft/apoli/common/data/PowerLoader
[13Jul2026 19:42:41.977] [main/INFO] [com.teampotato.redirector.Redirector/]: Redirecting io/github/edwinmindcraft/origins/common/data/OriginLoader
[13Jul2026 19:42:41.979] [main/INFO] [com.teampotato.redirector.Redirector/]: Redirecting io/github/edwinmindcraft/origins/api/data/PartialOrigin$Serializer
[13Jul2026 19:42:41.980] [main/INFO] [com.teampotato.redirector.Redirector/]: Redirecting io/github/edwinmindcraft/origins/common/data/LayerLoader
[13Jul2026 19:42:41.981] [main/INFO] [com.teampotato.redirector.Redirector/]: Redirecting io/github/edwinmindcraft/origins/api/data/PartialLayer$Serializer
[13Jul2026 19:42:41.983] [main/INFO] [com.teampotato.redirector.Redirector/]: Redirecting io/github/edwinmindcraft/origins/api/data/PartialGuiTitle$Serializer
[13Jul2026 19:42:41.984] [main/INFO] [com.teampotato.redirector.Redirector/]: Redirecting io/github/edwinmindcraft/origins/api/origin/ConditionedOrigin$Serializer
[13Jul2026 19:42:41.985] [main/INFO] [Calio/]: CDRM Initialized with 15 registries
[13Jul2026 19:42:41.988] [main/INFO] [com.github.alexthe666.alexsmobs.AlexsMobs/]: Adding datapack listener capsid_recipes
[13Jul2026 19:42:41.995] [main/INFO] [com.teampotato.redirector.Redirector/]: Redirecting com/stal111/forbidden_arcanus/common/inventory/InputType
[13Jul2026 19:42:42.123] [Worker-Main3/WARN] [mixin/]: Static binding violation: PRIVATE @Overwrite method m_215924_ in modernfix-forge.mixins.json:perf.tag_id_caching.TagEntryMixin cannot reduce visibiliy of PUBLIC target method, visibility will be upgraded.
[13Jul2026 19:42:42.327] [Worker-Main5/ERROR] [net.minecraft.tags.TagLoader/]: Couldn't load tag [#forge:is_end (from enemyexpansion-2.4.0-forge-1.19.2.jar), #forge:is_end (from EE Modded 1.18.zip)] as it is missing following references: #forge:is_end (from enemyexpansion-2.4.0-forge-1.19.2.jar), 
	#forge:is_end (from EE Modded 1.18.zip)
[13Jul2026 19:42:42.358] [Worker-Main3/INFO] [com.cupboard.Cupboard/]: Loaded config for: connectivity.json
[13Jul2026 19:42:42.360] [Worker-Main3/ERROR] [net.minecraft.tags.TagLoader/]: Not a valid resource location: farmersdelight:festive_delight:salmon_verrines Non [a-z0-9/._-] character in path of location: farmersdelight:festive_delight:salmon_verrines
[13Jul2026 19:42:42.361] [Worker-Main3/ERROR] [net.minecraft.tags.TagLoader/]: Couldn't read tag list oef:seafood from oef:tags/items/seafood.json in data pack Origins_Expanded_Foods_v2.3+1.19.2.zip
java.lang.RuntimeException: Not a valid resource location: farmersdelight:festive_delight:salmon_verrines Non [a-z0-9/._-] character in path of location: farmersdelight:festive_delight:salmon_verrines
	at com.mojang.serialization.DataResult.lambda$getOrThrow$4(DataResult.java:100) ~[datafixerupper-5.0.28.jar%2375!/:?]
	at com.mojang.datafixers.util.Either$Right.map(Either.java:99) ~[datafixerupper-5.0.28.jar%2375!/:?]
	at com.mojang.serialization.DataResult.getOrThrow(DataResult.java:93) ~[datafixerupper-5.0.28.jar%2375!/:?]
	at net.minecraft.tags.TagLoader.m_144495_(TagLoader.java:62) ~[server-1.19.2-20220805.130853-srg.jar%23525!/:?]
	at net.minecraft.tags.TagLoader.m_203900_(TagLoader.java:177) ~[server-1.19.2-20220805.130853-srg.jar%23525!/:?]
	at net.minecraft.tags.TagManager.m_203920_(TagManager.java:54) ~[server-1.19.2-20220805.130853-srg.jar%23525!/:?]
	at java.util.concurrent.CompletableFuture$AsyncSupply.run(CompletableFuture.java:1768) [?:?]
	at java.util.concurrent.CompletableFuture$AsyncSupply.exec(CompletableFuture.java:1760) [?:?]
	at java.util.concurrent.ForkJoinTask.doExec(ForkJoinTask.java:373) [?:?]
	at java.util.concurrent.ForkJoinPool$WorkQueue.topLevelExec(ForkJoinPool.java:1182) [?:?]
	at java.util.concurrent.ForkJoinPool.scan(ForkJoinPool.java:1655) [?:?]
	at java.util.concurrent.ForkJoinPool.runWorker(ForkJoinPool.java:1622) [?:?]
	at java.util.concurrent.ForkJoinWorkerThread.run(ForkJoinWorkerThread.java:165) [?:?]
[13Jul2026 19:42:42.425] [Worker-Main3/ERROR] [net.minecraft.tags.TagLoader/]: Couldn't load tag [simplyswords:mythicmetals_compat/banglum/banglum_claymore (from simplyswords-forge-1.47.0-1.19.2.jar), simplyswords:mythicmetals_compat/banglum/banglum_cutlass (from simplyswords-forge-1.47.0-1.19.2.jar), simplyswords:mythicmetals_compat/banglum/banglum_glaive (from simplyswords-forge-1.47.0-1.19.2.jar), simplyswords:mythicmetals_compat/banglum/banglum_katana (from simplyswords-forge-1.47.0-1.19.2.jar), simplyswords:mythicmetals_compat/banglum/banglum_longsword (from simplyswords-forge-1.47.0-1.19.2.jar), simplyswords:mythicmetals_compat/banglum/banglum_rapier (from simplyswords-forge-1.47.0-1.19.2.jar), simplyswords:mythicmetals_compat/banglum/banglum_sai (from simplyswords-forge-1.47.0-1.19.2.jar), simplyswords:mythicmetals_compat/banglum/banglum_spear (from simplyswords-forge-1.47.0-1.19.2.jar), simplyswords:mythicmetals_compat/banglum/banglum_twinblade (from simplyswords-forge-1.47.0-1.19.2.jar), simplyswords:mythicmetals_compat/banglum/banglum_warglaive (from simplyswords-forge-1.47.0-1.19.2.jar), simplyswords:mythicmetals_compat/banglum/banglum_greathammer (from simplyswords-forge-1.47.0-1.19.2.jar), simplyswords:mythicmetals_compat/banglum/banglum_greataxe (from simplyswords-forge-1.47.0-1.19.2.jar), simplyswords:mythicmetals_compat/banglum/banglum_chakram (from simplyswords-forge-1.47.0-1.19.2.jar), simplyswords:mythicmetals_compat/banglum/banglum_scythe (from simplyswords-forge-1.47.0-1.19.2.jar), simplyswords:mythicmetals_compat/banglum/halberd_scythe (from simplyswords-forge-1.47.0-1.19.2.jar)] as it is missing following references: simplyswords:mythicmetals_compat/banglum/banglum_claymore (from simplyswords-forge-1.47.0-1.19.2.jar), 
	simplyswords:mythicmetals_compat/banglum/banglum_cutlass (from simplyswords-forge-1.47.0-1.19.2.jar), 
	simplyswords:mythicmetals_compat/banglum/banglum_glaive (from simplyswords-forge-1.47.0-1.19.2.jar), 
	simplyswords:mythicmetals_compat/banglum/banglum_katana (from simplyswords-forge-1.47.0-1.19.2.jar), 
	simplyswords:mythicmetals_compat/banglum/banglum_longsword (from simplyswords-forge-1.47.0-1.19.2.jar), 
	simplyswords:mythicmetals_compat/banglum/banglum_rapier (from simplyswords-forge-1.47.0-1.19.2.jar), 
	simplyswords:mythicmetals_compat/banglum/banglum_sai (from simplyswords-forge-1.47.0-1.19.2.jar), 
	simplyswords:mythicmetals_compat/banglum/banglum_spear (from simplyswords-forge-1.47.0-1.19.2.jar), 
	simplyswords:mythicmetals_compat/banglum/banglum_twinblade (from simplyswords-forge-1.47.0-1.19.2.jar), 
	simplyswords:mythicmetals_compat/banglum/banglum_warglaive (from simplyswords-forge-1.47.0-1.19.2.jar), 
	simplyswords:mythicmetals_compat/banglum/banglum_greathammer (from simplyswords-forge-1.47.0-1.19.2.jar), 
	simplyswords:mythicmetals_compat/banglum/banglum_greataxe (from simplyswords-forge-1.47.0-1.19.2.jar), 
	simplyswords:mythicmetals_compat/banglum/banglum_chakram (from simplyswords-forge-1.47.0-1.19.2.jar), 
	simplyswords:mythicmetals_compat/banglum/banglum_scythe (from simplyswords-forge-1.47.0-1.19.2.jar), 
	simplyswords:mythicmetals_compat/banglum/halberd_scythe (from simplyswords-forge-1.47.0-1.19.2.jar)
[13Jul2026 19:42:42.429] [Worker-Main3/ERROR] [net.minecraft.tags.TagLoader/]: Couldn't load tag [simplyswords:mythicmetals_compat/osmium/osmium_claymore (from simplyswords-forge-1.47.0-1.19.2.jar), simplyswords:mythicmetals_compat/osmium/osmium_cutlass (from simplyswords-forge-1.47.0-1.19.2.jar), simplyswords:mythicmetals_compat/osmium/osmium_glaive (from simplyswords-forge-1.47.0-1.19.2.jar), simplyswords:mythicmetals_compat/osmium/osmium_katana (from simplyswords-forge-1.47.0-1.19.2.jar), simplyswords:mythicmetals_compat/osmium/osmium_longsword (from simplyswords-forge-1.47.0-1.19.2.jar), simplyswords:mythicmetals_compat/osmium/osmium_rapier (from simplyswords-forge-1.47.0-1.19.2.jar), simplyswords:mythicmetals_compat/osmium/osmium_sai (from simplyswords-forge-1.47.0-1.19.2.jar), simplyswords:mythicmetals_compat/osmium/osmium_spear (from simplyswords-forge-1.47.0-1.19.2.jar), simplyswords:mythicmetals_compat/osmium/osmium_twinblade (from simplyswords-forge-1.47.0-1.19.2.jar), simplyswords:mythicmetals_compat/osmium/osmium_warglaive (from simplyswords-forge-1.47.0-1.19.2.jar), simplyswords:mythicmetals_compat/osmium/osmium_greathammer (from simplyswords-forge-1.47.0-1.19.2.jar), simplyswords:mythicmetals_compat/osmium/osmium_greataxe (from simplyswords-forge-1.47.0-1.19.2.jar), simplyswords:mythicmetals_compat/osmium/osmium_chakram (from simplyswords-forge-1.47.0-1.19.2.jar), simplyswords:mythicmetals_compat/osmium/osmium_scythe (from simplyswords-forge-1.47.0-1.19.2.jar), simplyswords:mythicmetals_compat/osmium/osmium_halberd (from simplyswords-forge-1.47.0-1.19.2.jar)] as it is missing following references: simplyswords:mythicmetals_compat/osmium/osmium_claymore (from simplyswords-forge-1.47.0-1.19.2.jar), 
	simplyswords:mythicmetals_compat/osmium/osmium_cutlass (from simplyswords-forge-1.47.0-1.19.2.jar), 
	simplyswords:mythicmetals_compat/osmium/osmium_glaive (from simplyswords-forge-1.47.0-1.19.2.jar), 
	simplyswords:mythicmetals_compat/osmium/osmium_katana (from simplyswords-forge-1.47.0-1.19.2.jar), 
	simplyswords:mythicmetals_compat/osmium/osmium_longsword (from simplyswords-forge-1.47.0-1.19.2.jar), 
	simplyswords:mythicmetals_compat/osmium/osmium_rapier (from simplyswords-forge-1.47.0-1.19.2.jar), 
	simplyswords:mythicmetals_compat/osmium/osmium_sai (from simplyswords-forge-1.47.0-1.19.2.jar), 
	simplyswords:mythicmetals_compat/osmium/osmium_spear (from simplyswords-forge-1.47.0-1.19.2.jar), 
	simplyswords:mythicmetals_compat/osmium/osmium_twinblade (from simplyswords-forge-1.47.0-1.19.2.jar), 
	simplyswords:mythicmetals_compat/osmium/osmium_warglaive (from simplyswords-forge-1.47.0-1.19.2.jar), 
	simplyswords:mythicmetals_compat/osmium/osmium_greathammer (from simplyswords-forge-1.47.0-1.19.2.jar), 
	simplyswords:mythicmetals_compat/osmium/osmium_greataxe (from simplyswords-forge-1.47.0-1.19.2.jar), 
	simplyswords:mythicmetals_compat/osmium/osmium_chakram (from simplyswords-forge-1.47.0-1.19.2.jar), 
	simplyswords:mythicmetals_compat/osmium/osmium_scythe (from simplyswords-forge-1.47.0-1.19.2.jar), 
	simplyswords:mythicmetals_compat/osmium/osmium_halberd (from simplyswords-forge-1.47.0-1.19.2.jar)
[13Jul2026 19:42:42.429] [Worker-Main3/ERROR] [net.minecraft.tags.TagLoader/]: Couldn't load tag [simplyswords:mythicmetals_compat/steel/steel_claymore (from simplyswords-forge-1.47.0-1.19.2.jar), simplyswords:mythicmetals_compat/steel/steel_cutlass (from simplyswords-forge-1.47.0-1.19.2.jar), simplyswords:mythicmetals_compat/steel/steel_glaive (from simplyswords-forge-1.47.0-1.19.2.jar), simplyswords:mythicmetals_compat/steel/steel_katana (from simplyswords-forge-1.47.0-1.19.2.jar), simplyswords:mythicmetals_compat/steel/steel_longsword (from simplyswords-forge-1.47.0-1.19.2.jar), simplyswords:mythicmetals_compat/steel/steel_rapier (from simplyswords-forge-1.47.0-1.19.2.jar), simplyswords:mythicmetals_compat/steel/steel_sai (from simplyswords-forge-1.47.0-1.19.2.jar), simplyswords:mythicmetals_compat/steel/steel_spear (from simplyswords-forge-1.47.0-1.19.2.jar), simplyswords:mythicmetals_compat/steel/steel_twinblade (from simplyswords-forge-1.47.0-1.19.2.jar), simplyswords:mythicmetals_compat/steel/steel_warglaive (from simplyswords-forge-1.47.0-1.19.2.jar), simplyswords:mythicmetals_compat/steel/steel_greathammer (from simplyswords-forge-1.47.0-1.19.2.jar), simplyswords:mythicmetals_compat/steel/steel_greataxe (from simplyswords-forge-1.47.0-1.19.2.jar), simplyswords:mythicmetals_compat/steel/steel_chakram (from simplyswords-forge-1.47.0-1.19.2.jar), simplyswords:mythicmetals_compat/steel/steel_scythe (from simplyswords-forge-1.47.0-1.19.2.jar), simplyswords:mythicmetals_compat/steel/steel_halberd (from simplyswords-forge-1.47.0-1.19.2.jar)] as it is missing following references: simplyswords:mythicmetals_compat/steel/steel_claymore (from simplyswords-forge-1.47.0-1.19.2.jar), 
	simplyswords:mythicmetals_compat/steel/steel_cutlass (from simplyswords-forge-1.47.0-1.19.2.jar), 
	simplyswords:mythicmetals_compat/steel/steel_glaive (from simplyswords-forge-1.47.0-1.19.2.jar), 
	simplyswords:mythicmetals_compat/steel/steel_katana (from simplyswords-forge-1.47.0-1.19.2.jar), 
	simplyswords:mythicmetals_compat/steel/steel_longsword (from simplyswords-forge-1.47.0-1.19.2.jar), 
	simplyswords:mythicmetals_compat/steel/steel_rapier (from simplyswords-forge-1.47.0-1.19.2.jar), 
	simplyswords:mythicmetals_compat/steel/steel_sai (from simplyswords-forge-1.47.0-1.19.2.jar), 
	simplyswords:mythicmetals_compat/steel/steel_spear (from simplyswords-forge-1.47.0-1.19.2.jar), 
	simplyswords:mythicmetals_compat/steel/steel_twinblade (from simplyswords-forge-1.47.0-1.19.2.jar), 
	simplyswords:mythicmetals_compat/steel/steel_warglaive (from simplyswords-forge-1.47.0-1.19.2.jar), 
	simplyswords:mythicmetals_compat/steel/steel_greathammer (from simplyswords-forge-1.47.0-1.19.2.jar), 
	simplyswords:mythicmetals_compat/steel/steel_greataxe (from simplyswords-forge-1.47.0-1.19.2.jar), 
	simplyswords:mythicmetals_compat/steel/steel_chakram (from simplyswords-forge-1.47.0-1.19.2.jar), 
	simplyswords:mythicmetals_compat/steel/steel_scythe (from simplyswords-forge-1.47.0-1.19.2.jar), 
	simplyswords:mythicmetals_compat/steel/steel_halberd (from simplyswords-forge-1.47.0-1.19.2.jar)
[13Jul2026 19:42:42.430] [Worker-Main3/ERROR] [net.minecraft.tags.TagLoader/]: Couldn't load tag [simplyswords:mythicmetals_compat/runite/runite_claymore (from simplyswords-forge-1.47.0-1.19.2.jar), simplyswords:mythicmetals_compat/runite/runite_cutlass (from simplyswords-forge-1.47.0-1.19.2.jar), simplyswords:mythicmetals_compat/runite/runite_glaive (from simplyswords-forge-1.47.0-1.19.2.jar), simplyswords:mythicmetals_compat/runite/runite_katana (from simplyswords-forge-1.47.0-1.19.2.jar), simplyswords:mythicmetals_compat/runite/runite_longsword (from simplyswords-forge-1.47.0-1.19.2.jar), simplyswords:mythicmetals_compat/runite/runite_rapier (from simplyswords-forge-1.47.0-1.19.2.jar), simplyswords:mythicmetals_compat/runite/runite_sai (from simplyswords-forge-1.47.0-1.19.2.jar), simplyswords:mythicmetals_compat/runite/runite_spear (from simplyswords-forge-1.47.0-1.19.2.jar), simplyswords:mythicmetals_compat/runite/runite_twinblade (from simplyswords-forge-1.47.0-1.19.2.jar), simplyswords:mythicmetals_compat/runite/runite_warglaive (from simplyswords-forge-1.47.0-1.19.2.jar), simplyswords:mythicmetals_compat/runite/runite_greathammer (from simplyswords-forge-1.47.0-1.19.2.jar), simplyswords:mythicmetals_compat/runite/runite_greataxe (from simplyswords-forge-1.47.0-1.19.2.jar), simplyswords:mythicmetals_compat/runite/runite_chakram (from simplyswords-forge-1.47.0-1.19.2.jar), simplyswords:mythicmetals_compat/runite/runite_scythe (from simplyswords-forge-1.47.0-1.19.2.jar), simplyswords:mythicmetals_compat/runite/runite_halberd (from simplyswords-forge-1.47.0-1.19.2.jar)] as it is missing following references: simplyswords:mythicmetals_compat/runite/runite_claymore (from simplyswords-forge-1.47.0-1.19.2.jar), 
	simplyswords:mythicmetals_compat/runite/runite_cutlass (from simplyswords-forge-1.47.0-1.19.2.jar), 
	simplyswords:mythicmetals_compat/runite/runite_glaive (from simplyswords-forge-1.47.0-1.19.2.jar), 
	simplyswords:mythicmetals_compat/runite/runite_katana (from simplyswords-forge-1.47.0-1.19.2.jar), 
	simplyswords:mythicmetals_compat/runite/runite_longsword (from simplyswords-forge-1.47.0-1.19.2.jar), 
	simplyswords:mythicmetals_compat/runite/runite_rapier (from simplyswords-forge-1.47.0-1.19.2.jar), 
	simplyswords:mythicmetals_compat/runite/runite_sai (from simplyswords-forge-1.47.0-1.19.2.jar), 
	simplyswords:mythicmetals_compat/runite/runite_spear (from simplyswords-forge-1.47.0-1.19.2.jar), 
	simplyswords:mythicmetals_compat/runite/runite_twinblade (from simplyswords-forge-1.47.0-1.19.2.jar), 
	simplyswords:mythicmetals_compat/runite/runite_warglaive (from simplyswords-forge-1.47.0-1.19.2.jar), 
	simplyswords:mythicmetals_compat/runite/runite_greathammer (from simplyswords-forge-1.47.0-1.19.2.jar), 
	simplyswords:mythicmetals_compat/runite/runite_greataxe (from simplyswords-forge-1.47.0-1.19.2.jar), 
	simplyswords:mythicmetals_compat/runite/runite_chakram (from simplyswords-forge-1.47.0-1.19.2.jar), 
	simplyswords:mythicmetals_compat/runite/runite_scythe (from simplyswords-forge-1.47.0-1.19.2.jar), 
	simplyswords:mythicmetals_compat/runite/runite_halberd (from simplyswords-forge-1.47.0-1.19.2.jar)
[13Jul2026 19:42:42.433] [Worker-Main3/ERROR] [net.minecraft.tags.TagLoader/]: Couldn't load tag [simplyswords:mythicmetals_compat/palladium/palladium_claymore (from simplyswords-forge-1.47.0-1.19.2.jar), simplyswords:mythicmetals_compat/palladium/palladium_cutlass (from simplyswords-forge-1.47.0-1.19.2.jar), simplyswords:mythicmetals_compat/palladium/palladium_glaive (from simplyswords-forge-1.47.0-1.19.2.jar), simplyswords:mythicmetals_compat/palladium/palladium_katana (from simplyswords-forge-1.47.0-1.19.2.jar), simplyswords:mythicmetals_compat/palladium/palladium_longsword (from simplyswords-forge-1.47.0-1.19.2.jar), simplyswords:mythicmetals_compat/palladium/palladium_rapier (from simplyswords-forge-1.47.0-1.19.2.jar), simplyswords:mythicmetals_compat/palladium/palladium_sai (from simplyswords-forge-1.47.0-1.19.2.jar), simplyswords:mythicmetals_compat/palladium/palladium_spear (from simplyswords-forge-1.47.0-1.19.2.jar), simplyswords:mythicmetals_compat/palladium/palladium_twinblade (from simplyswords-forge-1.47.0-1.19.2.jar), simplyswords:mythicmetals_compat/palladium/palladium_warglaive (from simplyswords-forge-1.47.0-1.19.2.jar), simplyswords:mythicmetals_compat/palladium/palladium_greathammer (from simplyswords-forge-1.47.0-1.19.2.jar), simplyswords:mythicmetals_compat/palladium/palladium_greataxe (from simplyswords-forge-1.47.0-1.19.2.jar), simplyswords:mythicmetals_compat/palladium/palladium_chakram (from simplyswords-forge-1.47.0-1.19.2.jar), simplyswords:mythicmetals_compat/palladium/palladium_scythe (from simplyswords-forge-1.47.0-1.19.2.jar), simplyswords:mythicmetals_compat/palladium/palladium_halberd (from simplyswords-forge-1.47.0-1.19.2.jar)] as it is missing following references: simplyswords:mythicmetals_compat/palladium/palladium_claymore (from simplyswords-forge-1.47.0-1.19.2.jar), 
	simplyswords:mythicmetals_compat/palladium/palladium_cutlass (from simplyswords-forge-1.47.0-1.19.2.jar), 
	simplyswords:mythicmetals_compat/palladium/palladium_glaive (from simplyswords-forge-1.47.0-1.19.2.jar), 
	simplyswords:mythicmetals_compat/palladium/palladium_katana (from simplyswords-forge-1.47.0-1.19.2.jar), 
	simplyswords:mythicmetals_compat/palladium/palladium_longsword (from simplyswords-forge-1.47.0-1.19.2.jar), 
	simplyswords:mythicmetals_compat/palladium/palladium_rapier (from simplyswords-forge-1.47.0-1.19.2.jar), 
	simplyswords:mythicmetals_compat/palladium/palladium_sai (from simplyswords-forge-1.47.0-1.19.2.jar), 
	simplyswords:mythicmetals_compat/palladium/palladium_spear (from simplyswords-forge-1.47.0-1.19.2.jar), 
	simplyswords:mythicmetals_compat/palladium/palladium_twinblade (from simplyswords-forge-1.47.0-1.19.2.jar), 
	simplyswords:mythicmetals_compat/palladium/palladium_warglaive (from simplyswords-forge-1.47.0-1.19.2.jar), 
	simplyswords:mythicmetals_compat/palladium/palladium_greathammer (from simplyswords-forge-1.47.0-1.19.2.jar), 
	simplyswords:mythicmetals_compat/palladium/palladium_greataxe (from simplyswords-forge-1.47.0-1.19.2.jar), 
	simplyswords:mythicmetals_compat/palladium/palladium_chakram (from simplyswords-forge-1.47.0-1.19.2.jar), 
	simplyswords:mythicmetals_compat/palladium/palladium_scythe (from simplyswords-forge-1.47.0-1.19.2.jar), 
	simplyswords:mythicmetals_compat/palladium/palladium_halberd (from simplyswords-forge-1.47.0-1.19.2.jar)
[13Jul2026 19:42:42.442] [Worker-Main3/ERROR] [net.minecraft.tags.TagLoader/]: Couldn't load tag [simplyswords:mythicmetals_compat/durasteel/durasteel_greathammer (from simplyswords-forge-1.47.0-1.19.2.jar)] as it is missing following references: simplyswords:mythicmetals_compat/durasteel/durasteel_greathammer (from simplyswords-forge-1.47.0-1.19.2.jar)
[13Jul2026 19:42:42.443] [Worker-Main3/ERROR] [net.minecraft.tags.TagLoader/]: Couldn't load tag [simplyswords:mythicmetals_compat/copper/copper_longsword (from simplyswords-forge-1.47.0-1.19.2.jar)] as it is missing following references: simplyswords:mythicmetals_compat/copper/copper_longsword (from simplyswords-forge-1.47.0-1.19.2.jar)
[13Jul2026 19:42:42.444] [Worker-Main3/ERROR] [net.minecraft.tags.TagLoader/]: Couldn't load tag [simplyswords:mythicmetals_compat/prometheum/prometheum_claymore (from simplyswords-forge-1.47.0-1.19.2.jar), simplyswords:mythicmetals_compat/prometheum/prometheum_cutlass (from simplyswords-forge-1.47.0-1.19.2.jar), simplyswords:mythicmetals_compat/prometheum/prometheum_glaive (from simplyswords-forge-1.47.0-1.19.2.jar), simplyswords:mythicmetals_compat/prometheum/prometheum_katana (from simplyswords-forge-1.47.0-1.19.2.jar), simplyswords:mythicmetals_compat/prometheum/prometheum_longsword (from simplyswords-forge-1.47.0-1.19.2.jar), simplyswords:mythicmetals_compat/prometheum/prometheum_rapier (from simplyswords-forge-1.47.0-1.19.2.jar), simplyswords:mythicmetals_compat/prometheum/prometheum_sai (from simplyswords-forge-1.47.0-1.19.2.jar), simplyswords:mythicmetals_compat/prometheum/prometheum_spear (from simplyswords-forge-1.47.0-1.19.2.jar), simplyswords:mythicmetals_compat/prometheum/prometheum_twinblade (from simplyswords-forge-1.47.0-1.19.2.jar), simplyswords:mythicmetals_compat/prometheum/prometheum_warglaive (from simplyswords-forge-1.47.0-1.19.2.jar), simplyswords:mythicmetals_compat/prometheum/prometheum_greathammer (from simplyswords-forge-1.47.0-1.19.2.jar), simplyswords:mythicmetals_compat/prometheum/prometheum_greataxe (from simplyswords-forge-1.47.0-1.19.2.jar), simplyswords:mythicmetals_compat/prometheum/prometheum_chakram (from simplyswords-forge-1.47.0-1.19.2.jar), simplyswords:mythicmetals_compat/prometheum/prometheum_scythe (from simplyswords-forge-1.47.0-1.19.2.jar), simplyswords:mythicmetals_compat/prometheum/prometheum_halberd (from simplyswords-forge-1.47.0-1.19.2.jar)] as it is missing following references: simplyswords:mythicmetals_compat/prometheum/prometheum_claymore (from simplyswords-forge-1.47.0-1.19.2.jar), 
	simplyswords:mythicmetals_compat/prometheum/prometheum_cutlass (from simplyswords-forge-1.47.0-1.19.2.jar), 
	simplyswords:mythicmetals_compat/prometheum/prometheum_glaive (from simplyswords-forge-1.47.0-1.19.2.jar), 
	simplyswords:mythicmetals_compat/prometheum/prometheum_katana (from simplyswords-forge-1.47.0-1.19.2.jar), 
	simplyswords:mythicmetals_compat/prometheum/prometheum_longsword (from simplyswords-forge-1.47.0-1.19.2.jar), 
	simplyswords:mythicmetals_compat/prometheum/prometheum_rapier (from simplyswords-forge-1.47.0-1.19.2.jar), 
	simplyswords:mythicmetals_compat/prometheum/prometheum_sai (from simplyswords-forge-1.47.0-1.19.2.jar), 
	simplyswords:mythicmetals_compat/prometheum/prometheum_spear (from simplyswords-forge-1.47.0-1.19.2.jar), 
	simplyswords:mythicmetals_compat/prometheum/prometheum_twinblade (from simplyswords-forge-1.47.0-1.19.2.jar), 
	simplyswords:mythicmetals_compat/prometheum/prometheum_warglaive (from simplyswords-forge-1.47.0-1.19.2.jar), 
	simplyswords:mythicmetals_compat/prometheum/prometheum_greathammer (from simplyswords-forge-1.47.0-1.19.2.jar), 
	simplyswords:mythicmetals_compat/prometheum/prometheum_greataxe (from simplyswords-forge-1.47.0-1.19.2.jar), 
	simplyswords:mythicmetals_compat/prometheum/prometheum_chakram (from simplyswords-forge-1.47.0-1.19.2.jar), 
	simplyswords:mythicmetals_compat/prometheum/prometheum_scythe (from simplyswords-forge-1.47.0-1.19.2.jar), 
	simplyswords:mythicmetals_compat/prometheum/prometheum_halberd (from simplyswords-forge-1.47.0-1.19.2.jar)
[13Jul2026 19:42:42.447] [Worker-Main3/ERROR] [net.minecraft.tags.TagLoader/]: Couldn't load tag [simplyswords:mythicmetals_compat/star_platinum/star_platinum_claymore (from simplyswords-forge-1.47.0-1.19.2.jar), simplyswords:mythicmetals_compat/star_platinum/star_platinum_cutlass (from simplyswords-forge-1.47.0-1.19.2.jar), simplyswords:mythicmetals_compat/star_platinum/star_platinum_glaive (from simplyswords-forge-1.47.0-1.19.2.jar), simplyswords:mythicmetals_compat/star_platinum/star_platinum_katana (from simplyswords-forge-1.47.0-1.19.2.jar), simplyswords:mythicmetals_compat/star_platinum/star_platinum_longsword (from simplyswords-forge-1.47.0-1.19.2.jar), simplyswords:mythicmetals_compat/star_platinum/star_platinum_rapier (from simplyswords-forge-1.47.0-1.19.2.jar), simplyswords:mythicmetals_compat/star_platinum/star_platinum_sai (from simplyswords-forge-1.47.0-1.19.2.jar), simplyswords:mythicmetals_compat/star_platinum/star_platinum_spear (from simplyswords-forge-1.47.0-1.19.2.jar), simplyswords:mythicmetals_compat/star_platinum/star_platinum_twinblade (from simplyswords-forge-1.47.0-1.19.2.jar), simplyswords:mythicmetals_compat/star_platinum/star_platinum_warglaive (from simplyswords-forge-1.47.0-1.19.2.jar), simplyswords:mythicmetals_compat/star_platinum/star_platinum_greathammer (from simplyswords-forge-1.47.0-1.19.2.jar), simplyswords:mythicmetals_compat/star_platinum/star_platinum_greataxe (from simplyswords-forge-1.47.0-1.19.2.jar), simplyswords:mythicmetals_compat/star_platinum/star_platinum_chakram (from simplyswords-forge-1.47.0-1.19.2.jar), simplyswords:mythicmetals_compat/star_platinum/star_platinum_scythe (from simplyswords-forge-1.47.0-1.19.2.jar), simplyswords:mythicmetals_compat/star_platinum/star_platinum_halberd (from simplyswords-forge-1.47.0-1.19.2.jar)] as it is missing following references: simplyswords:mythicmetals_compat/star_platinum/star_platinum_claymore (from simplyswords-forge-1.47.0-1.19.2.jar), 
	simplyswords:mythicmetals_compat/star_platinum/star_platinum_cutlass (from simplyswords-forge-1.47.0-1.19.2.jar), 
	simplyswords:mythicmetals_compat/star_platinum/star_platinum_glaive (from simplyswords-forge-1.47.0-1.19.2.jar), 
	simplyswords:mythicmetals_compat/star_platinum/star_platinum_katana (from simplyswords-forge-1.47.0-1.19.2.jar), 
	simplyswords:mythicmetals_compat/star_platinum/star_platinum_longsword (from simplyswords-forge-1.47.0-1.19.2.jar), 
	simplyswords:mythicmetals_compat/star_platinum/star_platinum_rapier (from simplyswords-forge-1.47.0-1.19.2.jar), 
	simplyswords:mythicmetals_compat/star_platinum/star_platinum_sai (from simplyswords-forge-1.47.0-1.19.2.jar), 
	simplyswords:mythicmetals_compat/star_platinum/star_platinum_spear (from simplyswords-forge-1.47.0-1.19.2.jar), 
	simplyswords:mythicmetals_compat/star_platinum/star_platinum_twinblade (from simplyswords-forge-1.47.0-1.19.2.jar), 
	simplyswords:mythicmetals_compat/star_platinum/star_platinum_warglaive (from simplyswords-forge-1.47.0-1.19.2.jar), 
	simplyswords:mythicmetals_compat/star_platinum/star_platinum_greathammer (from simplyswords-forge-1.47.0-1.19.2.jar), 
	simplyswords:mythicmetals_compat/star_platinum/star_platinum_greataxe (from simplyswords-forge-1.47.0-1.19.2.jar), 
	simplyswords:mythicmetals_compat/star_platinum/star_platinum_chakram (from simplyswords-forge-1.47.0-1.19.2.jar), 
	simplyswords:mythicmetals_compat/star_platinum/star_platinum_scythe (from simplyswords-forge-1.47.0-1.19.2.jar), 
	simplyswords:mythicmetals_compat/star_platinum/star_platinum_halberd (from simplyswords-forge-1.47.0-1.19.2.jar)
[13Jul2026 19:42:42.448] [Worker-Main3/ERROR] [net.minecraft.tags.TagLoader/]: Couldn't load tag [simplyswords:mythicmetals_compat/stormyx/stormyx_claymore (from simplyswords-forge-1.47.0-1.19.2.jar), simplyswords:mythicmetals_compat/stormyx/stormyx_cutlass (from simplyswords-forge-1.47.0-1.19.2.jar), simplyswords:mythicmetals_compat/stormyx/stormyx_glaive (from simplyswords-forge-1.47.0-1.19.2.jar), simplyswords:mythicmetals_compat/stormyx/stormyx_katana (from simplyswords-forge-1.47.0-1.19.2.jar), simplyswords:mythicmetals_compat/stormyx/stormyx_longsword (from simplyswords-forge-1.47.0-1.19.2.jar), simplyswords:mythicmetals_compat/stormyx/stormyx_rapier (from simplyswords-forge-1.47.0-1.19.2.jar), simplyswords:mythicmetals_compat/stormyx/stormyx_sai (from simplyswords-forge-1.47.0-1.19.2.jar), simplyswords:mythicmetals_compat/stormyx/stormyx_spear (from simplyswords-forge-1.47.0-1.19.2.jar), simplyswords:mythicmetals_compat/stormyx/stormyx_twinblade (from simplyswords-forge-1.47.0-1.19.2.jar), simplyswords:mythicmetals_compat/stormyx/stormyx_warglaive (from simplyswords-forge-1.47.0-1.19.2.jar), simplyswords:mythicmetals_compat/stormyx/stormyx_greathammer (from simplyswords-forge-1.47.0-1.19.2.jar), simplyswords:mythicmetals_compat/stormyx/stormyx_greataxe (from simplyswords-forge-1.47.0-1.19.2.jar), simplyswords:mythicmetals_compat/stormyx/stormyx_chakram (from simplyswords-forge-1.47.0-1.19.2.jar), simplyswords:mythicmetals_compat/stormyx/stormyx_scythe (from simplyswords-forge-1.47.0-1.19.2.jar), simplyswords:mythicmetals_compat/stormyx/stormyx_halberd (from simplyswords-forge-1.47.0-1.19.2.jar)] as it is missing following references: simplyswords:mythicmetals_compat/stormyx/stormyx_claymore (from simplyswords-forge-1.47.0-1.19.2.jar), 
	simplyswords:mythicmetals_compat/stormyx/stormyx_cutlass (from simplyswords-forge-1.47.0-1.19.2.jar), 
	simplyswords:mythicmetals_compat/stormyx/stormyx_glaive (from simplyswords-forge-1.47.0-1.19.2.jar), 
	simplyswords:mythicmetals_compat/stormyx/stormyx_katana (from simplyswords-forge-1.47.0-1.19.2.jar), 
	simplyswords:mythicmetals_compat/stormyx/stormyx_longsword (from simplyswords-forge-1.47.0-1.19.2.jar), 
	simplyswords:mythicmetals_compat/stormyx/stormyx_rapier (from simplyswords-forge-1.47.0-1.19.2.jar), 
	simplyswords:mythicmetals_compat/stormyx/stormyx_sai (from simplyswords-forge-1.47.0-1.19.2.jar), 
	simplyswords:mythicmetals_compat/stormyx/stormyx_spear (from simplyswords-forge-1.47.0-1.19.2.jar), 
	simplyswords:mythicmetals_compat/stormyx/stormyx_twinblade (from simplyswords-forge-1.47.0-1.19.2.jar), 
	simplyswords:mythicmetals_compat/stormyx/stormyx_warglaive (from simplyswords-forge-1.47.0-1.19.2.jar), 
	simplyswords:mythicmetals_compat/stormyx/stormyx_greathammer (from simplyswords-forge-1.47.0-1.19.2.jar), 
	simplyswords:mythicmetals_compat/stormyx/stormyx_greataxe (from simplyswords-forge-1.47.0-1.19.2.jar), 
	simplyswords:mythicmetals_compat/stormyx/stormyx_chakram (from simplyswords-forge-1.47.0-1.19.2.jar), 
	simplyswords:mythicmetals_compat/stormyx/stormyx_scythe (from simplyswords-forge-1.47.0-1.19.2.jar), 
	simplyswords:mythicmetals_compat/stormyx/stormyx_halberd (from simplyswords-forge-1.47.0-1.19.2.jar)
[13Jul2026 19:42:42.449] [Worker-Main3/ERROR] [net.minecraft.tags.TagLoader/]: Couldn't load tag [simplyswords:mythicmetals_compat/kyber/kyber_claymore (from simplyswords-forge-1.47.0-1.19.2.jar), simplyswords:mythicmetals_compat/kyber/kyber_cutlass (from simplyswords-forge-1.47.0-1.19.2.jar), simplyswords:mythicmetals_compat/kyber/kyber_glaive (from simplyswords-forge-1.47.0-1.19.2.jar), simplyswords:mythicmetals_compat/kyber/kyber_katana (from simplyswords-forge-1.47.0-1.19.2.jar), simplyswords:mythicmetals_compat/kyber/kyber_longsword (from simplyswords-forge-1.47.0-1.19.2.jar), simplyswords:mythicmetals_compat/kyber/kyber_rapier (from simplyswords-forge-1.47.0-1.19.2.jar), simplyswords:mythicmetals_compat/kyber/kyber_sai (from simplyswords-forge-1.47.0-1.19.2.jar), simplyswords:mythicmetals_compat/kyber/kyber_spear (from simplyswords-forge-1.47.0-1.19.2.jar), simplyswords:mythicmetals_compat/kyber/kyber_twinblade (from simplyswords-forge-1.47.0-1.19.2.jar), simplyswords:mythicmetals_compat/kyber/kyber_warglaive (from simplyswords-forge-1.47.0-1.19.2.jar), simplyswords:mythicmetals_compat/kyber/kyber_greathammer (from simplyswords-forge-1.47.0-1.19.2.jar), simplyswords:mythicmetals_compat/kyber/kyber_greataxe (from simplyswords-forge-1.47.0-1.19.2.jar), simplyswords:mythicmetals_compat/kyber/kyber_chakram (from simplyswords-forge-1.47.0-1.19.2.jar), simplyswords:mythicmetals_compat/kyber/kyber_scythe (from simplyswords-forge-1.47.0-1.19.2.jar), simplyswords:mythicmetals_compat/kyber/kyber_halberd (from simplyswords-forge-1.47.0-1.19.2.jar)] as it is missing following references: simplyswords:mythicmetals_compat/kyber/kyber_claymore (from simplyswords-forge-1.47.0-1.19.2.jar), 
	simplyswords:mythicmetals_compat/kyber/kyber_cutlass (from simplyswords-forge-1.47.0-1.19.2.jar), 
	simplyswords:mythicmetals_compat/kyber/kyber_glaive (from simplyswords-forge-1.47.0-1.19.2.jar), 
	simplyswords:mythicmetals_compat/kyber/kyber_katana (from simplyswords-forge-1.47.0-1.19.2.jar), 
	simplyswords:mythicmetals_compat/kyber/kyber_longsword (from simplyswords-forge-1.47.0-1.19.2.jar), 
	simplyswords:mythicmetals_compat/kyber/kyber_rapier (from simplyswords-forge-1.47.0-1.19.2.jar), 
	simplyswords:mythicmetals_compat/kyber/kyber_sai (from simplyswords-forge-1.47.0-1.19.2.jar), 
	simplyswords:mythicmetals_compat/kyber/kyber_spear (from simplyswords-forge-1.47.0-1.19.2.jar), 
	simplyswords:mythicmetals_compat/kyber/kyber_twinblade (from simplyswords-forge-1.47.0-1.19.2.jar), 
	simplyswords:mythicmetals_compat/kyber/kyber_warglaive (from simplyswords-forge-1.47.0-1.19.2.jar), 
	simplyswords:mythicmetals_compat/kyber/kyber_greathammer (from simplyswords-forge-1.47.0-1.19.2.jar), 
	simplyswords:mythicmetals_compat/kyber/kyber_greataxe (from simplyswords-forge-1.47.0-1.19.2.jar), 
	simplyswords:mythicmetals_compat/kyber/kyber_chakram (from simplyswords-forge-1.47.0-1.19.2.jar), 
	simplyswords:mythicmetals_compat/kyber/kyber_scythe (from simplyswords-forge-1.47.0-1.19.2.jar), 
	simplyswords:mythicmetals_compat/kyber/kyber_halberd (from simplyswords-forge-1.47.0-1.19.2.jar)
[13Jul2026 19:42:42.452] [Worker-Main3/ERROR] [net.minecraft.tags.TagLoader/]: Couldn't load tag [simplyswords:mythicmetals_compat/prometheum/prometheum_claymore (from simplyswords-forge-1.47.0-1.19.2.jar), simplyswords:mythicmetals_compat/prometheum/prometheum_cutlass (from simplyswords-forge-1.47.0-1.19.2.jar), simplyswords:mythicmetals_compat/prometheum/prometheum_glaive (from simplyswords-forge-1.47.0-1.19.2.jar), simplyswords:mythicmetals_compat/prometheum/prometheum_katana (from simplyswords-forge-1.47.0-1.19.2.jar), simplyswords:mythicmetals_compat/prometheum/prometheum_longsword (from simplyswords-forge-1.47.0-1.19.2.jar), simplyswords:mythicmetals_compat/prometheum/prometheum_rapier (from simplyswords-forge-1.47.0-1.19.2.jar), simplyswords:mythicmetals_compat/prometheum/prometheum_sai (from simplyswords-forge-1.47.0-1.19.2.jar), simplyswords:mythicmetals_compat/prometheum/prometheum_spear (from simplyswords-forge-1.47.0-1.19.2.jar), simplyswords:mythicmetals_compat/prometheum/prometheum_twinblade (from simplyswords-forge-1.47.0-1.19.2.jar), simplyswords:mythicmetals_compat/prometheum/prometheum_warglaive (from simplyswords-forge-1.47.0-1.19.2.jar), simplyswords:mythicmetals_compat/prometheum/prometheum_greathammer (from simplyswords-forge-1.47.0-1.19.2.jar), simplyswords:mythicmetals_compat/prometheum/prometheum_greataxe (from simplyswords-forge-1.47.0-1.19.2.jar), simplyswords:mythicmetals_compat/prometheum/prometheum_chakram (from simplyswords-forge-1.47.0-1.19.2.jar), simplyswords:mythicmetals_compat/prometheum/prometheum_scythe (from simplyswords-forge-1.47.0-1.19.2.jar), simplyswords:mythicmetals_compat/prometheum/prometheum_halberd (from simplyswords-forge-1.47.0-1.19.2.jar)] as it is missing following references: simplyswords:mythicmetals_compat/prometheum/prometheum_claymore (from simplyswords-forge-1.47.0-1.19.2.jar), 
	simplyswords:mythicmetals_compat/prometheum/prometheum_cutlass (from simplyswords-forge-1.47.0-1.19.2.jar), 
	simplyswords:mythicmetals_compat/prometheum/prometheum_glaive (from simplyswords-forge-1.47.0-1.19.2.jar), 
	simplyswords:mythicmetals_compat/prometheum/prometheum_katana (from simplyswords-forge-1.47.0-1.19.2.jar), 
	simplyswords:mythicmetals_compat/prometheum/prometheum_longsword (from simplyswords-forge-1.47.0-1.19.2.jar), 
	simplyswords:mythicmetals_compat/prometheum/prometheum_rapier (from simplyswords-forge-1.47.0-1.19.2.jar), 
	simplyswords:mythicmetals_compat/prometheum/prometheum_sai (from simplyswords-forge-1.47.0-1.19.2.jar), 
	simplyswords:mythicmetals_compat/prometheum/prometheum_spear (from simplyswords-forge-1.47.0-1.19.2.jar), 
	simplyswords:mythicmetals_compat/prometheum/prometheum_twinblade (from simplyswords-forge-1.47.0-1.19.2.jar), 
	simplyswords:mythicmetals_compat/prometheum/prometheum_warglaive (from simplyswords-forge-1.47.0-1.19.2.jar), 
	simplyswords:mythicmetals_compat/prometheum/prometheum_greathammer (from simplyswords-forge-1.47.0-1.19.2.jar), 
	simplyswords:mythicmetals_compat/prometheum/prometheum_greataxe (from simplyswords-forge-1.47.0-1.19.2.jar), 
	simplyswords:mythicmetals_compat/prometheum/prometheum_chakram (from simplyswords-forge-1.47.0-1.19.2.jar), 
	simplyswords:mythicmetals_compat/prometheum/prometheum_scythe (from simplyswords-forge-1.47.0-1.19.2.jar), 
	simplyswords:mythicmetals_compat/prometheum/prometheum_halberd (from simplyswords-forge-1.47.0-1.19.2.jar)
[13Jul2026 19:42:42.456] [Worker-Main3/ERROR] [net.minecraft.tags.TagLoader/]: Couldn't load tag [minecraft:sinister_sword (from collection-of-singiro-1.19.x-1.1.4.jar), dungeons_gear:rapier (from collection-of-singiro-1.19.x-1.1.4.jar), dungeons_gear:gold_sword (from collection-of-singiro-1.19.x-1.1.4.jar)] as it is missing following references: minecraft:sinister_sword (from collection-of-singiro-1.19.x-1.1.4.jar), 
	dungeons_gear:rapier (from collection-of-singiro-1.19.x-1.1.4.jar), 
	dungeons_gear:gold_sword (from collection-of-singiro-1.19.x-1.1.4.jar)
[13Jul2026 19:42:42.456] [Worker-Main3/ERROR] [net.minecraft.tags.TagLoader/]: Couldn't load tag [simplyswords:mythicmetals_compat/metallurgium/metallurgium_claymore (from simplyswords-forge-1.47.0-1.19.2.jar), simplyswords:mythicmetals_compat/metallurgium/metallurgium_cutlass (from simplyswords-forge-1.47.0-1.19.2.jar), simplyswords:mythicmetals_compat/metallurgium/metallurgium_glaive (from simplyswords-forge-1.47.0-1.19.2.jar), simplyswords:mythicmetals_compat/metallurgium/metallurgium_katana (from simplyswords-forge-1.47.0-1.19.2.jar), simplyswords:mythicmetals_compat/metallurgium/metallurgium_longsword (from simplyswords-forge-1.47.0-1.19.2.jar), simplyswords:mythicmetals_compat/metallurgium/metallurgium_rapier (from simplyswords-forge-1.47.0-1.19.2.jar), simplyswords:mythicmetals_compat/metallurgium/metallurgium_sai (from simplyswords-forge-1.47.0-1.19.2.jar), simplyswords:mythicmetals_compat/metallurgium/metallurgium_spear (from simplyswords-forge-1.47.0-1.19.2.jar), simplyswords:mythicmetals_compat/metallurgium/metallurgium_twinblade (from simplyswords-forge-1.47.0-1.19.2.jar), simplyswords:mythicmetals_compat/metallurgium/metallurgium_warglaive (from simplyswords-forge-1.47.0-1.19.2.jar), simplyswords:mythicmetals_compat/metallurgium/metallurgium_greathammer (from simplyswords-forge-1.47.0-1.19.2.jar), simplyswords:mythicmetals_compat/metallurgium/metallurgium_greataxe (from simplyswords-forge-1.47.0-1.19.2.jar), simplyswords:mythicmetals_compat/metallurgium/metallurgium_chakram (from simplyswords-forge-1.47.0-1.19.2.jar), simplyswords:mythicmetals_compat/metallurgium/metallurgium_scythe (from simplyswords-forge-1.47.0-1.19.2.jar), simplyswords:mythicmetals_compat/metallurgium/metallurgium_halberd (from simplyswords-forge-1.47.0-1.19.2.jar)] as it is missing following references: simplyswords:mythicmetals_compat/metallurgium/metallurgium_claymore (from simplyswords-forge-1.47.0-1.19.2.jar), 
	simplyswords:mythicmetals_compat/metallurgium/metallurgium_cutlass (from simplyswords-forge-1.47.0-1.19.2.jar), 
	simplyswords:mythicmetals_compat/metallurgium/metallurgium_glaive (from simplyswords-forge-1.47.0-1.19.2.jar), 
	simplyswords:mythicmetals_compat/metallurgium/metallurgium_katana (from simplyswords-forge-1.47.0-1.19.2.jar), 
	simplyswords:mythicmetals_compat/metallurgium/metallurgium_longsword (from simplyswords-forge-1.47.0-1.19.2.jar), 
	simplyswords:mythicmetals_compat/metallurgium/metallurgium_rapier (from simplyswords-forge-1.47.0-1.19.2.jar), 
	simplyswords:mythicmetals_compat/metallurgium/metallurgium_sai (from simplyswords-forge-1.47.0-1.19.2.jar), 
	simplyswords:mythicmetals_compat/metallurgium/metallurgium_spear (from simplyswords-forge-1.47.0-1.19.2.jar), 
	simplyswords:mythicmetals_compat/metallurgium/metallurgium_twinblade (from simplyswords-forge-1.47.0-1.19.2.jar), 
	simplyswords:mythicmetals_compat/metallurgium/metallurgium_warglaive (from simplyswords-forge-1.47.0-1.19.2.jar), 
	simplyswords:mythicmetals_compat/metallurgium/metallurgium_greathammer (from simplyswords-forge-1.47.0-1.19.2.jar), 
	simplyswords:mythicmetals_compat/metallurgium/metallurgium_greataxe (from simplyswords-forge-1.47.0-1.19.2.jar), 
	simplyswords:mythicmetals_compat/metallurgium/metallurgium_chakram (from simplyswords-forge-1.47.0-1.19.2.jar), 
	simplyswords:mythicmetals_compat/metallurgium/metallurgium_scythe (from simplyswords-forge-1.47.0-1.19.2.jar), 
	simplyswords:mythicmetals_compat/metallurgium/metallurgium_halberd (from simplyswords-forge-1.47.0-1.19.2.jar)
[13Jul2026 19:42:42.457] [Worker-Main3/ERROR] [net.minecraft.tags.TagLoader/]: Couldn't load tag [simplyswords:mythicmetals_compat/bronze/bronze_claymore (from simplyswords-forge-1.47.0-1.19.2.jar), simplyswords:mythicmetals_compat/bronze/bronze_cutlass (from simplyswords-forge-1.47.0-1.19.2.jar), simplyswords:mythicmetals_compat/bronze/bronze_glaive (from simplyswords-forge-1.47.0-1.19.2.jar), simplyswords:mythicmetals_compat/bronze/bronze_katana (from simplyswords-forge-1.47.0-1.19.2.jar), simplyswords:mythicmetals_compat/bronze/bronze_longsword (from simplyswords-forge-1.47.0-1.19.2.jar), simplyswords:mythicmetals_compat/bronze/bronze_rapier (from simplyswords-forge-1.47.0-1.19.2.jar), simplyswords:mythicmetals_compat/bronze/bronze_sai (from simplyswords-forge-1.47.0-1.19.2.jar), simplyswords:mythicmetals_compat/bronze/bronze_spear (from simplyswords-forge-1.47.0-1.19.2.jar), simplyswords:mythicmetals_compat/bronze/bronze_twinblade (from simplyswords-forge-1.47.0-1.19.2.jar), simplyswords:mythicmetals_compat/bronze/bronze_warglaive (from simplyswords-forge-1.47.0-1.19.2.jar), simplyswords:mythicmetals_compat/bronze/bronze_greathammer (from simplyswords-forge-1.47.0-1.19.2.jar), simplyswords:mythicmetals_compat/bronze/bronze_greataxe (from simplyswords-forge-1.47.0-1.19.2.jar), simplyswords:mythicmetals_compat/bronze/bronze_chakram (from simplyswords-forge-1.47.0-1.19.2.jar), simplyswords:mythicmetals_compat/bronze/bronze_scythe (from simplyswords-forge-1.47.0-1.19.2.jar), simplyswords:mythicmetals_compat/bronze/bronze_halberd (from simplyswords-forge-1.47.0-1.19.2.jar)] as it is missing following references: simplyswords:mythicmetals_compat/bronze/bronze_claymore (from simplyswords-forge-1.47.0-1.19.2.jar), 
	simplyswords:mythicmetals_compat/bronze/bronze_cutlass (from simplyswords-forge-1.47.0-1.19.2.jar), 
	simplyswords:mythicmetals_compat/bronze/bronze_glaive (from simplyswords-forge-1.47.0-1.19.2.jar), 
	simplyswords:mythicmetals_compat/bronze/bronze_katana (from simplyswords-forge-1.47.0-1.19.2.jar), 
	simplyswords:mythicmetals_compat/bronze/bronze_longsword (from simplyswords-forge-1.47.0-1.19.2.jar), 
	simplyswords:mythicmetals_compat/bronze/bronze_rapier (from simplyswords-forge-1.47.0-1.19.2.jar), 
	simplyswords:mythicmetals_compat/bronze/bronze_sai (from simplyswords-forge-1.47.0-1.19.2.jar), 
	simplyswords:mythicmetals_compat/bronze/bronze_spear (from simplyswords-forge-1.47.0-1.19.2.jar), 
	simplyswords:mythicmetals_compat/bronze/bronze_twinblade (from simplyswords-forge-1.47.0-1.19.2.jar), 
	simplyswords:mythicmetals_compat/bronze/bronze_warglaive (from simplyswords-forge-1.47.0-1.19.2.jar), 
	simplyswords:mythicmetals_compat/bronze/bronze_greathammer (from simplyswords-forge-1.47.0-1.19.2.jar), 
	simplyswords:mythicmetals_compat/bronze/bronze_greataxe (from simplyswords-forge-1.47.0-1.19.2.jar), 
	simplyswords:mythicmetals_compat/bronze/bronze_chakram (from simplyswords-forge-1.47.0-1.19.2.jar), 
	simplyswords:mythicmetals_compat/bronze/bronze_scythe (from simplyswords-forge-1.47.0-1.19.2.jar), 
	simplyswords:mythicmetals_compat/bronze/bronze_halberd (from simplyswords-forge-1.47.0-1.19.2.jar)
[13Jul2026 19:42:42.460] [Worker-Main3/ERROR] [net.minecraft.tags.TagLoader/]: Couldn't load tag [simplyswords:mythicmetals_compat/orichalcum/orichalcum_claymore (from simplyswords-forge-1.47.0-1.19.2.jar), simplyswords:mythicmetals_compat/orichalcum/orichalcum_cutlass (from simplyswords-forge-1.47.0-1.19.2.jar), simplyswords:mythicmetals_compat/orichalcum/orichalcum_glaive (from simplyswords-forge-1.47.0-1.19.2.jar), simplyswords:mythicmetals_compat/orichalcum/orichalcum_katana (from simplyswords-forge-1.47.0-1.19.2.jar), simplyswords:mythicmetals_compat/orichalcum/orichalcum_longsword (from simplyswords-forge-1.47.0-1.19.2.jar), simplyswords:mythicmetals_compat/orichalcum/orichalcum_rapier (from simplyswords-forge-1.47.0-1.19.2.jar), simplyswords:mythicmetals_compat/orichalcum/orichalcum_sai (from simplyswords-forge-1.47.0-1.19.2.jar), simplyswords:mythicmetals_compat/orichalcum/orichalcum_spear (from simplyswords-forge-1.47.0-1.19.2.jar), simplyswords:mythicmetals_compat/orichalcum/orichalcum_twinblade (from simplyswords-forge-1.47.0-1.19.2.jar), simplyswords:mythicmetals_compat/orichalcum/orichalcum_warglaive (from simplyswords-forge-1.47.0-1.19.2.jar), simplyswords:mythicmetals_compat/orichalcum/orichalcum_greathammer (from simplyswords-forge-1.47.0-1.19.2.jar), simplyswords:mythicmetals_compat/orichalcum/orichalcum_greataxe (from simplyswords-forge-1.47.0-1.19.2.jar), simplyswords:mythicmetals_compat/orichalcum/orichalcum_chakram (from simplyswords-forge-1.47.0-1.19.2.jar), simplyswords:mythicmetals_compat/orichalcum/orichalcum_scythe (from simplyswords-forge-1.47.0-1.19.2.jar), simplyswords:mythicmetals_compat/orichalcum/orichalcum_halberd (from simplyswords-forge-1.47.0-1.19.2.jar)] as it is missing following references: simplyswords:mythicmetals_compat/orichalcum/orichalcum_claymore (from simplyswords-forge-1.47.0-1.19.2.jar), 
	simplyswords:mythicmetals_compat/orichalcum/orichalcum_cutlass (from simplyswords-forge-1.47.0-1.19.2.jar), 
	simplyswords:mythicmetals_compat/orichalcum/orichalcum_glaive (from simplyswords-forge-1.47.0-1.19.2.jar), 
	simplyswords:mythicmetals_compat/orichalcum/orichalcum_katana (from simplyswords-forge-1.47.0-1.19.2.jar), 
	simplyswords:mythicmetals_compat/orichalcum/orichalcum_longsword (from simplyswords-forge-1.47.0-1.19.2.jar), 
	simplyswords:mythicmetals_compat/orichalcum/orichalcum_rapier (from simplyswords-forge-1.47.0-1.19.2.jar), 
	simplyswords:mythicmetals_compat/orichalcum/orichalcum_sai (from simplyswords-forge-1.47.0-1.19.2.jar), 
	simplyswords:mythicmetals_compat/orichalcum/orichalcum_spear (from simplyswords-forge-1.47.0-1.19.2.jar), 
	simplyswords:mythicmetals_compat/orichalcum/orichalcum_twinblade (from simplyswords-forge-1.47.0-1.19.2.jar), 
	simplyswords:mythicmetals_compat/orichalcum/orichalcum_warglaive (from simplyswords-forge-1.47.0-1.19.2.jar), 
	simplyswords:mythicmetals_compat/orichalcum/orichalcum_greathammer (from simplyswords-forge-1.47.0-1.19.2.jar), 
	simplyswords:mythicmetals_compat/orichalcum/orichalcum_greataxe (from simplyswords-forge-1.47.0-1.19.2.jar), 
	simplyswords:mythicmetals_compat/orichalcum/orichalcum_chakram (from simplyswords-forge-1.47.0-1.19.2.jar), 
	simplyswords:mythicmetals_compat/orichalcum/orichalcum_scythe (from simplyswords-forge-1.47.0-1.19.2.jar), 
	simplyswords:mythicmetals_compat/orichalcum/orichalcum_halberd (from simplyswords-forge-1.47.0-1.19.2.jar)
[13Jul2026 19:42:42.463] [Worker-Main3/ERROR] [net.minecraft.tags.TagLoader/]: Couldn't load tag [simplyswords:mythicmetals_compat/quadrillum/quadrillum_claymore (from simplyswords-forge-1.47.0-1.19.2.jar), simplyswords:mythicmetals_compat/quadrillum/quadrillum_cutlass (from simplyswords-forge-1.47.0-1.19.2.jar), simplyswords:mythicmetals_compat/quadrillum/quadrillum_glaive (from simplyswords-forge-1.47.0-1.19.2.jar), simplyswords:mythicmetals_compat/quadrillum/quadrillum_katana (from simplyswords-forge-1.47.0-1.19.2.jar), simplyswords:mythicmetals_compat/quadrillum/quadrillum_longsword (from simplyswords-forge-1.47.0-1.19.2.jar), simplyswords:mythicmetals_compat/quadrillum/quadrillum_rapier (from simplyswords-forge-1.47.0-1.19.2.jar), simplyswords:mythicmetals_compat/quadrillum/quadrillum_sai (from simplyswords-forge-1.47.0-1.19.2.jar), simplyswords:mythicmetals_compat/quadrillum/quadrillum_spear (from simplyswords-forge-1.47.0-1.19.2.jar), simplyswords:mythicmetals_compat/quadrillum/quadrillum_twinblade (from simplyswords-forge-1.47.0-1.19.2.jar), simplyswords:mythicmetals_compat/quadrillum/quadrillum_warglaive (from simplyswords-forge-1.47.0-1.19.2.jar), simplyswords:mythicmetals_compat/quadrillum/quadrillum_greathammer (from simplyswords-forge-1.47.0-1.19.2.jar), simplyswords:mythicmetals_compat/quadrillum/quadrillum_greataxe (from simplyswords-forge-1.47.0-1.19.2.jar), simplyswords:mythicmetals_compat/quadrillum/quadrillum_chakram (from simplyswords-forge-1.47.0-1.19.2.jar), simplyswords:mythicmetals_compat/quadrillum/quadrillum_scythe (from simplyswords-forge-1.47.0-1.19.2.jar), simplyswords:mythicmetals_compat/quadrillum/quadrillum_halberd (from simplyswords-forge-1.47.0-1.19.2.jar)] as it is missing following references: simplyswords:mythicmetals_compat/quadrillum/quadrillum_claymore (from simplyswords-forge-1.47.0-1.19.2.jar), 
	simplyswords:mythicmetals_compat/quadrillum/quadrillum_cutlass (from simplyswords-forge-1.47.0-1.19.2.jar), 
	simplyswords:mythicmetals_compat/quadrillum/quadrillum_glaive (from simplyswords-forge-1.47.0-1.19.2.jar), 
	simplyswords:mythicmetals_compat/quadrillum/quadrillum_katana (from simplyswords-forge-1.47.0-1.19.2.jar), 
	simplyswords:mythicmetals_compat/quadrillum/quadrillum_longsword (from simplyswords-forge-1.47.0-1.19.2.jar), 
	simplyswords:mythicmetals_compat/quadrillum/quadrillum_rapier (from simplyswords-forge-1.47.0-1.19.2.jar), 
	simplyswords:mythicmetals_compat/quadrillum/quadrillum_sai (from simplyswords-forge-1.47.0-1.19.2.jar), 
	simplyswords:mythicmetals_compat/quadrillum/quadrillum_spear (from simplyswords-forge-1.47.0-1.19.2.jar), 
	simplyswords:mythicmetals_compat/quadrillum/quadrillum_twinblade (from simplyswords-forge-1.47.0-1.19.2.jar), 
	simplyswords:mythicmetals_compat/quadrillum/quadrillum_warglaive (from simplyswords-forge-1.47.0-1.19.2.jar), 
	simplyswords:mythicmetals_compat/quadrillum/quadrillum_greathammer (from simplyswords-forge-1.47.0-1.19.2.jar), 
	simplyswords:mythicmetals_compat/quadrillum/quadrillum_greataxe (from simplyswords-forge-1.47.0-1.19.2.jar), 
	simplyswords:mythicmetals_compat/quadrillum/quadrillum_chakram (from simplyswords-forge-1.47.0-1.19.2.jar), 
	simplyswords:mythicmetals_compat/quadrillum/quadrillum_scythe (from simplyswords-forge-1.47.0-1.19.2.jar), 
	simplyswords:mythicmetals_compat/quadrillum/quadrillum_halberd (from simplyswords-forge-1.47.0-1.19.2.jar)
[13Jul2026 19:42:42.465] [Worker-Main3/ERROR] [net.minecraft.tags.TagLoader/]: Couldn't load tag [minecraft:carrots (from collection-of-singiro-1.19.x-1.1.4.jar), minecraft:potatoes (from collection-of-singiro-1.19.x-1.1.4.jar), minecraft:beetroots (from collection-of-singiro-1.19.x-1.1.4.jar), minecraft:cocao (from collection-of-singiro-1.19.x-1.1.4.jar), minecraft:sweet_berry_bush (from collection-of-singiro-1.19.x-1.1.4.jar)] as it is missing following references: minecraft:carrots (from collection-of-singiro-1.19.x-1.1.4.jar), 
	minecraft:potatoes (from collection-of-singiro-1.19.x-1.1.4.jar), 
	minecraft:beetroots (from collection-of-singiro-1.19.x-1.1.4.jar), 
	minecraft:cocao (from collection-of-singiro-1.19.x-1.1.4.jar), 
	minecraft:sweet_berry_bush (from collection-of-singiro-1.19.x-1.1.4.jar)
[13Jul2026 19:42:42.473] [Worker-Main3/ERROR] [net.minecraft.tags.TagLoader/]: Couldn't load tag [bygonenether:withered_blackstone_vertical_slab (from bygonenether-1.3.2-1.19.2.jar), bygonenether:cracked_withered_blackstone_vertical_slab (from bygonenether-1.3.2-1.19.2.jar), bygonenether:warped_nether_brick_vertical_slab (from bygonenether-1.3.2-1.19.2.jar)] as it is missing following references: bygonenether:withered_blackstone_vertical_slab (from bygonenether-1.3.2-1.19.2.jar), 
	bygonenether:cracked_withered_blackstone_vertical_slab (from bygonenether-1.3.2-1.19.2.jar), 
	bygonenether:warped_nether_brick_vertical_slab (from bygonenether-1.3.2-1.19.2.jar)
[13Jul2026 19:42:42.477] [Worker-Main3/ERROR] [net.minecraft.tags.TagLoader/]: Couldn't load tag [simplyswords:mythicmetals_compat/celestium/celestium_claymore (from simplyswords-forge-1.47.0-1.19.2.jar), simplyswords:mythicmetals_compat/celestium/celestium_cutlass (from simplyswords-forge-1.47.0-1.19.2.jar), simplyswords:mythicmetals_compat/celestium/celestium_glaive (from simplyswords-forge-1.47.0-1.19.2.jar), simplyswords:mythicmetals_compat/celestium/celestium_katana (from simplyswords-forge-1.47.0-1.19.2.jar), simplyswords:mythicmetals_compat/celestium/celestium_longsword (from simplyswords-forge-1.47.0-1.19.2.jar), simplyswords:mythicmetals_compat/celestium/celestium_rapier (from simplyswords-forge-1.47.0-1.19.2.jar), simplyswords:mythicmetals_compat/celestium/celestium_sai (from simplyswords-forge-1.47.0-1.19.2.jar), simplyswords:mythicmetals_compat/celestium/celestium_spear (from simplyswords-forge-1.47.0-1.19.2.jar), simplyswords:mythicmetals_compat/celestium/celestium_twinblade (from simplyswords-forge-1.47.0-1.19.2.jar), simplyswords:mythicmetals_compat/celestium/celestium_warglaive (from simplyswords-forge-1.47.0-1.19.2.jar), simplyswords:mythicmetals_compat/celestium/celestium_greathammer (from simplyswords-forge-1.47.0-1.19.2.jar), simplyswords:mythicmetals_compat/celestium/celestium_greataxe (from simplyswords-forge-1.47.0-1.19.2.jar), simplyswords:mythicmetals_compat/celestium/celestium_chakram (from simplyswords-forge-1.47.0-1.19.2.jar), simplyswords:mythicmetals_compat/celestium/celestium_scythe (from simplyswords-forge-1.47.0-1.19.2.jar), simplyswords:mythicmetals_compat/celestium/celestium_halberd (from simplyswords-forge-1.47.0-1.19.2.jar)] as it is missing following references: simplyswords:mythicmetals_compat/celestium/celestium_claymore (from simplyswords-forge-1.47.0-1.19.2.jar), 
	simplyswords:mythicmetals_compat/celestium/celestium_cutlass (from simplyswords-forge-1.47.0-1.19.2.jar), 
	simplyswords:mythicmetals_compat/celestium/celestium_glaive (from simplyswords-forge-1.47.0-1.19.2.jar), 
	simplyswords:mythicmetals_compat/celestium/celestium_katana (from simplyswords-forge-1.47.0-1.19.2.jar), 
	simplyswords:mythicmetals_compat/celestium/celestium_longsword (from simplyswords-forge-1.47.0-1.19.2.jar), 
	simplyswords:mythicmetals_compat/celestium/celestium_rapier (from simplyswords-forge-1.47.0-1.19.2.jar), 
	simplyswords:mythicmetals_compat/celestium/celestium_sai (from simplyswords-forge-1.47.0-1.19.2.jar), 
	simplyswords:mythicmetals_compat/celestium/celestium_spear (from simplyswords-forge-1.47.0-1.19.2.jar), 
	simplyswords:mythicmetals_compat/celestium/celestium_twinblade (from simplyswords-forge-1.47.0-1.19.2.jar), 
	simplyswords:mythicmetals_compat/celestium/celestium_warglaive (from simplyswords-forge-1.47.0-1.19.2.jar), 
	simplyswords:mythicmetals_compat/celestium/celestium_greathammer (from simplyswords-forge-1.47.0-1.19.2.jar), 
	simplyswords:mythicmetals_compat/celestium/celestium_greataxe (from simplyswords-forge-1.47.0-1.19.2.jar), 
	simplyswords:mythicmetals_compat/celestium/celestium_chakram (from simplyswords-forge-1.47.0-1.19.2.jar), 
	simplyswords:mythicmetals_compat/celestium/celestium_scythe (from simplyswords-forge-1.47.0-1.19.2.jar), 
	simplyswords:mythicmetals_compat/celestium/celestium_halberd (from simplyswords-forge-1.47.0-1.19.2.jar)
[13Jul2026 19:42:42.480] [Worker-Main3/ERROR] [net.minecraft.tags.TagLoader/]: Couldn't load tag [simplyswords:mythicmetals_compat/aquarium/aquarium_claymore (from simplyswords-forge-1.47.0-1.19.2.jar), simplyswords:mythicmetals_compat/aquarium/aquarium_cutlass (from simplyswords-forge-1.47.0-1.19.2.jar), simplyswords:mythicmetals_compat/aquarium/aquarium_glaive (from simplyswords-forge-1.47.0-1.19.2.jar), simplyswords:mythicmetals_compat/aquarium/aquarium_katana (from simplyswords-forge-1.47.0-1.19.2.jar), simplyswords:mythicmetals_compat/aquarium/aquarium_longsword (from simplyswords-forge-1.47.0-1.19.2.jar), simplyswords:mythicmetals_compat/aquarium/aquarium_rapier (from simplyswords-forge-1.47.0-1.19.2.jar), simplyswords:mythicmetals_compat/aquarium/aquarium_sai (from simplyswords-forge-1.47.0-1.19.2.jar), simplyswords:mythicmetals_compat/aquarium/aquarium_spear (from simplyswords-forge-1.47.0-1.19.2.jar), simplyswords:mythicmetals_compat/aquarium/aquarium_twinblade (from simplyswords-forge-1.47.0-1.19.2.jar), simplyswords:mythicmetals_compat/aquarium/aquarium_warglaive (from simplyswords-forge-1.47.0-1.19.2.jar), simplyswords:mythicmetals_compat/aquarium/aquarium_greathammer (from simplyswords-forge-1.47.0-1.19.2.jar), simplyswords:mythicmetals_compat/aquarium/aquarium_greataxe (from simplyswords-forge-1.47.0-1.19.2.jar), simplyswords:mythicmetals_compat/aquarium/aquarium_chakram (from simplyswords-forge-1.47.0-1.19.2.jar), simplyswords:mythicmetals_compat/aquarium/aquarium_scythe (from simplyswords-forge-1.47.0-1.19.2.jar), simplyswords:mythicmetals_compat/aquarium/aquarium_halberd (from simplyswords-forge-1.47.0-1.19.2.jar)] as it is missing following references: simplyswords:mythicmetals_compat/aquarium/aquarium_claymore (from simplyswords-forge-1.47.0-1.19.2.jar), 
	simplyswords:mythicmetals_compat/aquarium/aquarium_cutlass (from simplyswords-forge-1.47.0-1.19.2.jar), 
	simplyswords:mythicmetals_compat/aquarium/aquarium_glaive (from simplyswords-forge-1.47.0-1.19.2.jar), 
	simplyswords:mythicmetals_compat/aquarium/aquarium_katana (from simplyswords-forge-1.47.0-1.19.2.jar), 
	simplyswords:mythicmetals_compat/aquarium/aquarium_longsword (from simplyswords-forge-1.47.0-1.19.2.jar), 
	simplyswords:mythicmetals_compat/aquarium/aquarium_rapier (from simplyswords-forge-1.47.0-1.19.2.jar), 
	simplyswords:mythicmetals_compat/aquarium/aquarium_sai (from simplyswords-forge-1.47.0-1.19.2.jar), 
	simplyswords:mythicmetals_compat/aquarium/aquarium_spear (from simplyswords-forge-1.47.0-1.19.2.jar), 
	simplyswords:mythicmetals_compat/aquarium/aquarium_twinblade (from simplyswords-forge-1.47.0-1.19.2.jar), 
	simplyswords:mythicmetals_compat/aquarium/aquarium_warglaive (from simplyswords-forge-1.47.0-1.19.2.jar), 
	simplyswords:mythicmetals_compat/aquarium/aquarium_greathammer (from simplyswords-forge-1.47.0-1.19.2.jar), 
	simplyswords:mythicmetals_compat/aquarium/aquarium_greataxe (from simplyswords-forge-1.47.0-1.19.2.jar), 
	simplyswords:mythicmetals_compat/aquarium/aquarium_chakram (from simplyswords-forge-1.47.0-1.19.2.jar), 
	simplyswords:mythicmetals_compat/aquarium/aquarium_scythe (from simplyswords-forge-1.47.0-1.19.2.jar), 
	simplyswords:mythicmetals_compat/aquarium/aquarium_halberd (from simplyswords-forge-1.47.0-1.19.2.jar)
[13Jul2026 19:42:42.482] [Worker-Main3/ERROR] [net.minecraft.tags.TagLoader/]: Couldn't load tag [mythicmetals:mythicmetals_compat/carmot/carmot_claymore (from simplyswords-forge-1.47.0-1.19.2.jar), mythicmetals:mythicmetals_compat/carmot/carmot_cutlass (from simplyswords-forge-1.47.0-1.19.2.jar), mythicmetals:mythicmetals_compat/carmot/carmot_glaive (from simplyswords-forge-1.47.0-1.19.2.jar), mythicmetals:mythicmetals_compat/carmot/carmot_katana (from simplyswords-forge-1.47.0-1.19.2.jar), mythicmetals:mythicmetals_compat/carmot/carmot_longsword (from simplyswords-forge-1.47.0-1.19.2.jar), mythicmetals:mythicmetals_compat/carmot/carmot_rapier (from simplyswords-forge-1.47.0-1.19.2.jar), mythicmetals:mythicmetals_compat/carmot/carmot_sai (from simplyswords-forge-1.47.0-1.19.2.jar), mythicmetals:mythicmetals_compat/carmot/carmot_spear (from simplyswords-forge-1.47.0-1.19.2.jar), mythicmetals:mythicmetals_compat/carmot/carmot_twinblade (from simplyswords-forge-1.47.0-1.19.2.jar), mythicmetals:mythicmetals_compat/carmot/carmot_warglaive (from simplyswords-forge-1.47.0-1.19.2.jar), mythicmetals:mythicmetals_compat/carmot/carmot_greathammer (from simplyswords-forge-1.47.0-1.19.2.jar), mythicmetals:mythicmetals_compat/carmot/carmot_greataxe (from simplyswords-forge-1.47.0-1.19.2.jar), mythicmetals:mythicmetals_compat/carmot/carmot_chakram (from simplyswords-forge-1.47.0-1.19.2.jar), mythicmetals:mythicmetals_compat/carmot/carmot_scythe (from simplyswords-forge-1.47.0-1.19.2.jar), mythicmetals:mythicmetals_compat/carmot/carmot_halberd (from simplyswords-forge-1.47.0-1.19.2.jar)] as it is missing following references: mythicmetals:mythicmetals_compat/carmot/carmot_claymore (from simplyswords-forge-1.47.0-1.19.2.jar), 
	mythicmetals:mythicmetals_compat/carmot/carmot_cutlass (from simplyswords-forge-1.47.0-1.19.2.jar), 
	mythicmetals:mythicmetals_compat/carmot/carmot_glaive (from simplyswords-forge-1.47.0-1.19.2.jar), 
	mythicmetals:mythicmetals_compat/carmot/carmot_katana (from simplyswords-forge-1.47.0-1.19.2.jar), 
	mythicmetals:mythicmetals_compat/carmot/carmot_longsword (from simplyswords-forge-1.47.0-1.19.2.jar), 
	mythicmetals:mythicmetals_compat/carmot/carmot_rapier (from simplyswords-forge-1.47.0-1.19.2.jar), 
	mythicmetals:mythicmetals_compat/carmot/carmot_sai (from simplyswords-forge-1.47.0-1.19.2.jar), 
	mythicmetals:mythicmetals_compat/carmot/carmot_spear (from simplyswords-forge-1.47.0-1.19.2.jar), 
	mythicmetals:mythicmetals_compat/carmot/carmot_twinblade (from simplyswords-forge-1.47.0-1.19.2.jar), 
	mythicmetals:mythicmetals_compat/carmot/carmot_warglaive (from simplyswords-forge-1.47.0-1.19.2.jar), 
	mythicmetals:mythicmetals_compat/carmot/carmot_greathammer (from simplyswords-forge-1.47.0-1.19.2.jar), 
	mythicmetals:mythicmetals_compat/carmot/carmot_greataxe (from simplyswords-forge-1.47.0-1.19.2.jar), 
	mythicmetals:mythicmetals_compat/carmot/carmot_chakram (from simplyswords-forge-1.47.0-1.19.2.jar), 
	mythicmetals:mythicmetals_compat/carmot/carmot_scythe (from simplyswords-forge-1.47.0-1.19.2.jar), 
	mythicmetals:mythicmetals_compat/carmot/carmot_halberd (from simplyswords-forge-1.47.0-1.19.2.jar)
[13Jul2026 19:42:42.485] [Worker-Main3/ERROR] [net.minecraft.tags.TagLoader/]: Couldn't load tag [simplyswords:mythicmetals_compat/adamantite/adamantite_claymore (from simplyswords-forge-1.47.0-1.19.2.jar), simplyswords:mythicmetals_compat/adamantite/adamantite_cutlass (from simplyswords-forge-1.47.0-1.19.2.jar), simplyswords:mythicmetals_compat/adamantite/adamantite_glaive (from simplyswords-forge-1.47.0-1.19.2.jar), simplyswords:mythicmetals_compat/adamantite/adamantite_katana (from simplyswords-forge-1.47.0-1.19.2.jar), simplyswords:mythicmetals_compat/adamantite/adamantite_longsword (from simplyswords-forge-1.47.0-1.19.2.jar), simplyswords:mythicmetals_compat/adamantite/adamantite_rapier (from simplyswords-forge-1.47.0-1.19.2.jar), simplyswords:mythicmetals_compat/adamantite/adamantite_sai (from simplyswords-forge-1.47.0-1.19.2.jar), simplyswords:mythicmetals_compat/adamantite/adamantite_spear (from simplyswords-forge-1.47.0-1.19.2.jar), simplyswords:mythicmetals_compat/adamantite/adamantite_twinblade (from simplyswords-forge-1.47.0-1.19.2.jar), simplyswords:mythicmetals_compat/adamantite/adamantite_warglaive (from simplyswords-forge-1.47.0-1.19.2.jar), simplyswords:mythicmetals_compat/adamantite/adamantite_greathammer (from simplyswords-forge-1.47.0-1.19.2.jar), simplyswords:mythicmetals_compat/adamantite/adamantite_greataxe (from simplyswords-forge-1.47.0-1.19.2.jar), simplyswords:mythicmetals_compat/adamantite/adamantite_chakram (from simplyswords-forge-1.47.0-1.19.2.jar), simplyswords:mythicmetals_compat/adamantite/adamantite_scythe (from simplyswords-forge-1.47.0-1.19.2.jar), simplyswords:mythicmetals_compat/adamantite/adamantite_halberd (from simplyswords-forge-1.47.0-1.19.2.jar)] as it is missing following references: simplyswords:mythicmetals_compat/adamantite/adamantite_claymore (from simplyswords-forge-1.47.0-1.19.2.jar), 
	simplyswords:mythicmetals_compat/adamantite/adamantite_cutlass (from simplyswords-forge-1.47.0-1.19.2.jar), 
	simplyswords:mythicmetals_compat/adamantite/adamantite_glaive (from simplyswords-forge-1.47.0-1.19.2.jar), 
	simplyswords:mythicmetals_compat/adamantite/adamantite_katana (from simplyswords-forge-1.47.0-1.19.2.jar), 
	simplyswords:mythicmetals_compat/adamantite/adamantite_longsword (from simplyswords-forge-1.47.0-1.19.2.jar), 
	simplyswords:mythicmetals_compat/adamantite/adamantite_rapier (from simplyswords-forge-1.47.0-1.19.2.jar), 
	simplyswords:mythicmetals_compat/adamantite/adamantite_sai (from simplyswords-forge-1.47.0-1.19.2.jar), 
	simplyswords:mythicmetals_compat/adamantite/adamantite_spear (from simplyswords-forge-1.47.0-1.19.2.jar), 
	simplyswords:mythicmetals_compat/adamantite/adamantite_twinblade (from simplyswords-forge-1.47.0-1.19.2.jar), 
	simplyswords:mythicmetals_compat/adamantite/adamantite_warglaive (from simplyswords-forge-1.47.0-1.19.2.jar), 
	simplyswords:mythicmetals_compat/adamantite/adamantite_greathammer (from simplyswords-forge-1.47.0-1.19.2.jar), 
	simplyswords:mythicmetals_compat/adamantite/adamantite_greataxe (from simplyswords-forge-1.47.0-1.19.2.jar), 
	simplyswords:mythicmetals_compat/adamantite/adamantite_chakram (from simplyswords-forge-1.47.0-1.19.2.jar), 
	simplyswords:mythicmetals_compat/adamantite/adamantite_scythe (from simplyswords-forge-1.47.0-1.19.2.jar), 
	simplyswords:mythicmetals_compat/adamantite/adamantite_halberd (from simplyswords-forge-1.47.0-1.19.2.jar)
[13Jul2026 19:42:42.488] [Worker-Main3/ERROR] [net.minecraft.tags.TagLoader/]: Couldn't load tag [simplyswords:mythicmetals_compat/mythril/mythril_claymore (from simplyswords-forge-1.47.0-1.19.2.jar), simplyswords:mythicmetals_compat/mythril/mythril_cutlass (from simplyswords-forge-1.47.0-1.19.2.jar), simplyswords:mythicmetals_compat/mythril/mythril_glaive (from simplyswords-forge-1.47.0-1.19.2.jar), simplyswords:mythicmetals_compat/mythril/mythril_katana (from simplyswords-forge-1.47.0-1.19.2.jar), simplyswords:mythicmetals_compat/mythril/mythril_longsword (from simplyswords-forge-1.47.0-1.19.2.jar), simplyswords:mythicmetals_compat/mythril/mythril_rapier (from simplyswords-forge-1.47.0-1.19.2.jar), simplyswords:mythicmetals_compat/mythril/mythril_sai (from simplyswords-forge-1.47.0-1.19.2.jar), simplyswords:mythicmetals_compat/mythril/mythril_spear (from simplyswords-forge-1.47.0-1.19.2.jar), simplyswords:mythicmetals_compat/mythril/mythril_twinblade (from simplyswords-forge-1.47.0-1.19.2.jar), simplyswords:mythicmetals_compat/mythril/mythril_warglaive (from simplyswords-forge-1.47.0-1.19.2.jar), simplyswords:mythicmetals_compat/mythril/mythril_greathammer (from simplyswords-forge-1.47.0-1.19.2.jar), simplyswords:mythicmetals_compat/mythril/mythril_greataxe (from simplyswords-forge-1.47.0-1.19.2.jar), simplyswords:mythicmetals_compat/mythril/mythril_chakram (from simplyswords-forge-1.47.0-1.19.2.jar), simplyswords:mythicmetals_compat/mythril/mythril_scythe (from simplyswords-forge-1.47.0-1.19.2.jar), simplyswords:mythicmetals_compat/mythril/mythril_halberd (from simplyswords-forge-1.47.0-1.19.2.jar)] as it is missing following references: simplyswords:mythicmetals_compat/mythril/mythril_claymore (from simplyswords-forge-1.47.0-1.19.2.jar), 
	simplyswords:mythicmetals_compat/mythril/mythril_cutlass (from simplyswords-forge-1.47.0-1.19.2.jar), 
	simplyswords:mythicmetals_compat/mythril/mythril_glaive (from simplyswords-forge-1.47.0-1.19.2.jar), 
	simplyswords:mythicmetals_compat/mythril/mythril_katana (from simplyswords-forge-1.47.0-1.19.2.jar), 
	simplyswords:mythicmetals_compat/mythril/mythril_longsword (from simplyswords-forge-1.47.0-1.19.2.jar), 
	simplyswords:mythicmetals_compat/mythril/mythril_rapier (from simplyswords-forge-1.47.0-1.19.2.jar), 
	simplyswords:mythicmetals_compat/mythril/mythril_sai (from simplyswords-forge-1.47.0-1.19.2.jar), 
	simplyswords:mythicmetals_compat/mythril/mythril_spear (from simplyswords-forge-1.47.0-1.19.2.jar), 
	simplyswords:mythicmetals_compat/mythril/mythril_twinblade (from simplyswords-forge-1.47.0-1.19.2.jar), 
	simplyswords:mythicmetals_compat/mythril/mythril_warglaive (from simplyswords-forge-1.47.0-1.19.2.jar), 
	simplyswords:mythicmetals_compat/mythril/mythril_greathammer (from simplyswords-forge-1.47.0-1.19.2.jar), 
	simplyswords:mythicmetals_compat/mythril/mythril_greataxe (from simplyswords-forge-1.47.0-1.19.2.jar), 
	simplyswords:mythicmetals_compat/mythril/mythril_chakram (from simplyswords-forge-1.47.0-1.19.2.jar), 
	simplyswords:mythicmetals_compat/mythril/mythril_scythe (from simplyswords-forge-1.47.0-1.19.2.jar), 
	simplyswords:mythicmetals_compat/mythril/mythril_halberd (from simplyswords-forge-1.47.0-1.19.2.jar)
[13Jul2026 19:42:42.548] [Worker-Main7/ERROR] [net.minecraft.tags.TagLoader/]: Couldn't load tag [quark:soul_stone (from bygonenether-1.3.2-1.19.2.jar)] as it is missing following references: quark:soul_stone (from bygonenether-1.3.2-1.19.2.jar)
[13Jul2026 19:42:42.552] [Worker-Main7/ERROR] [net.minecraft.tags.TagLoader/]: Couldn't load tag [bygonenether:withered_blackstone_vertical_slab (from bygonenether-1.3.2-1.19.2.jar), bygonenether:cracked_withered_blackstone_vertical_slab (from bygonenether-1.3.2-1.19.2.jar), bygonenether:warped_nether_brick_vertical_slab (from bygonenether-1.3.2-1.19.2.jar)] as it is missing following references: bygonenether:withered_blackstone_vertical_slab (from bygonenether-1.3.2-1.19.2.jar), 
	bygonenether:cracked_withered_blackstone_vertical_slab (from bygonenether-1.3.2-1.19.2.jar), 
	bygonenether:warped_nether_brick_vertical_slab (from bygonenether-1.3.2-1.19.2.jar)
[13Jul2026 19:42:43.066] [Worker-Main6/ERROR] [Calio/]: Couldn't parse data file medievalorigins:daemon/hellborne from medievalorigins:powers/daemon/hellborne.json
com.google.gson.JsonParseException: com.google.gson.stream.MalformedJsonException: Expected name at line 3 column 2 path $.type
	at net.minecraft.util.GsonHelper.m_13780_(GsonHelper.java:512) ~[server-1.19.2-20220805.130853-srg.jar%23525!/:?]
	at net.minecraft.util.GsonHelper.m_13776_(GsonHelper.java:549) ~[server-1.19.2-20220805.130853-srg.jar%23525!/:?]
	at io.github.edwinmindcraft.calio.common.registry.CalioDynamicRegistryManager$ReloadFactory.prepare(CalioDynamicRegistryManager.java:357) ~[calio-forge-1.19.2-1.7.0.4.jar%23572!/:1.19.2-1.7.0.4]
	at io.github.edwinmindcraft.calio.common.registry.CalioDynamicRegistryManager.lambda$prepare$3(CalioDynamicRegistryManager.java:111) ~[calio-forge-1.19.2-1.7.0.4.jar%23572!/:1.19.2-1.7.0.4]
	at java.util.concurrent.CompletableFuture$AsyncRun.run(CompletableFuture.java:1804) [?:?]
	at java.util.concurrent.CompletableFuture$AsyncRun.exec(CompletableFuture.java:1796) [?:?]
	at java.util.concurrent.ForkJoinTask.doExec(ForkJoinTask.java:373) [?:?]
	at java.util.concurrent.ForkJoinPool$WorkQueue.topLevelExec(ForkJoinPool.java:1182) [?:?]
	at java.util.concurrent.ForkJoinPool.scan(ForkJoinPool.java:1655) [?:?]
	at java.util.concurrent.ForkJoinPool.runWorker(ForkJoinPool.java:1622) [?:?]
	at java.util.concurrent.ForkJoinWorkerThread.run(ForkJoinWorkerThread.java:165) [?:?]
Caused by: com.google.gson.stream.MalformedJsonException: Expected name at line 3 column 2 path $.type
	at com.google.gson.stream.JsonReader.syntaxError(JsonReader.java:1562) ~[gson-2.8.9.jar%2370!/:?]
	at com.google.gson.stream.JsonReader.doPeek(JsonReader.java:504) ~[gson-2.8.9.jar%2370!/:?]
	at com.google.gson.stream.JsonReader.hasNext(JsonReader.java:413) ~[gson-2.8.9.jar%2370!/:?]
	at com.google.gson.internal.bind.TypeAdapters$27.read(TypeAdapters.java:683) ~[gson-2.8.9.jar%2370!/:?]
	at com.google.gson.internal.bind.TypeAdapters$27.read(TypeAdapters.java:655) ~[gson-2.8.9.jar%2370!/:?]
	at com.google.gson.internal.bind.TypeAdapters$33$1.read(TypeAdapters.java:866) ~[gson-2.8.9.jar%2370!/:?]
	at net.minecraft.util.GsonHelper.m_13780_(GsonHelper.java:510) ~[server-1.19.2-20220805.130853-srg.jar%23525!/:?]
	... 10 more
[13Jul2026 19:42:43.908] [Worker-Main4/ERROR] [net.minecraft.server.packs.resources.SimpleJsonResourceReloadListener/]: Couldn't parse data file nova_structures:chests/water_supply from nova_structures:loot_tables/chests/water_supply.json
com.google.gson.JsonParseException: com.google.gson.stream.MalformedJsonException: Unterminated array at line 17 column 10 path $.pools[0].entries[1]
	at net.minecraft.util.GsonHelper.m_13780_(GsonHelper.java:512) ~[server-1.19.2-20220805.130853-srg.jar%23525!/:?]
	at net.minecraft.util.GsonHelper.m_13776_(GsonHelper.java:549) ~[server-1.19.2-20220805.130853-srg.jar%23525!/:?]
	at net.minecraft.server.packs.resources.SimpleJsonResourceReloadListener.m_5944_(SimpleJsonResourceReloadListener.java:43) ~[server-1.19.2-20220805.130853-srg.jar%23525!/:?]
	at net.minecraft.server.packs.resources.SimpleJsonResourceReloadListener.m_5944_(SimpleJsonResourceReloadListener.java:16) ~[server-1.19.2-20220805.130853-srg.jar%23525!/:?]
	at net.minecraft.server.packs.resources.SimplePreparableReloadListener.m_10786_(SimplePreparableReloadListener.java:11) ~[server-1.19.2-20220805.130853-srg.jar%23525!/:?]
	at java.util.concurrent.CompletableFuture$AsyncSupply.run(CompletableFuture.java:1768) [?:?]
	at java.util.concurrent.CompletableFuture$AsyncSupply.exec(CompletableFuture.java:1760) [?:?]
	at java.util.concurrent.ForkJoinTask.doExec(ForkJoinTask.java:373) [?:?]
	at java.util.concurrent.ForkJoinPool$WorkQueue.topLevelExec(ForkJoinPool.java:1182) [?:?]
	at java.util.concurrent.ForkJoinPool.scan(ForkJoinPool.java:1655) [?:?]
	at java.util.concurrent.ForkJoinPool.runWorker(ForkJoinPool.java:1622) [?:?]
	at java.util.concurrent.ForkJoinWorkerThread.run(ForkJoinWorkerThread.java:165) [?:?]
Caused by: com.google.gson.stream.MalformedJsonException: Unterminated array at line 17 column 10 path $.pools[0].entries[1]
	at com.google.gson.stream.JsonReader.syntaxError(JsonReader.java:1562) ~[gson-2.8.9.jar%2370!/:?]
	at com.google.gson.stream.JsonReader.doPeek(JsonReader.java:475) ~[gson-2.8.9.jar%2370!/:?]
	at com.google.gson.stream.JsonReader.hasNext(JsonReader.java:413) ~[gson-2.8.9.jar%2370!/:?]
	at com.google.gson.internal.bind.TypeAdapters$27.read(TypeAdapters.java:675) ~[gson-2.8.9.jar%2370!/:?]
	at com.google.gson.internal.bind.TypeAdapters$27.read(TypeAdapters.java:684) ~[gson-2.8.9.jar%2370!/:?]
	at com.google.gson.internal.bind.TypeAdapters$27.read(TypeAdapters.java:676) ~[gson-2.8.9.jar%2370!/:?]
	at com.google.gson.internal.bind.TypeAdapters$27.read(TypeAdapters.java:684) ~[gson-2.8.9.jar%2370!/:?]
	at com.google.gson.internal.bind.TypeAdapters$27.read(TypeAdapters.java:655) ~[gson-2.8.9.jar%2370!/:?]
	at com.google.gson.internal.bind.TypeAdapters$33$1.read(TypeAdapters.java:866) ~[gson-2.8.9.jar%2370!/:?]
	at net.minecraft.util.GsonHelper.m_13780_(GsonHelper.java:510) ~[server-1.19.2-20220805.130853-srg.jar%23525!/:?]
	... 11 more
[13Jul2026 19:42:44.664] [main/INFO] [com.teampotato.redirector.Redirector/]: Redirecting umpaz/farmersrespite/client/recipebook/KettleRecipeBookTab
[13Jul2026 19:42:44.666] [main/INFO] [com.teampotato.redirector.Redirector/]: Redirecting umpaz/brewinandchewin/client/recipebook/KegRecipeBookTab
[13Jul2026 19:42:44.676] [main/INFO] [net.minecraft.world.item.crafting.RecipeManager/]: Skipping loading recipe undergarden:gloomgourd_pie as it's serializer returned null
[13Jul2026 19:42:44.679] [main/ERROR] [net.minecraft.world.item.crafting.RecipeManager/]: Parsing error loading recipe dreadsteel:dreadsteel_scythe: com.google.gson.JsonSyntaxException: Unknown item 'iceandfire:witherbone'
[13Jul2026 19:42:44.717] [main/INFO] [net.minecraft.world.item.crafting.RecipeManager/]: Skipping loading recipe delightful:knives/blasting/copper_thermal as it's serializer returned null
[13Jul2026 19:42:44.720] [main/INFO] [net.minecraft.world.item.crafting.RecipeManager/]: Skipping loading recipe atmospheric:grimwood_leaves_from_grimwood_leaf_pile as it's serializer returned null
[13Jul2026 19:42:44.721] [main/INFO] [net.minecraft.world.item.crafting.RecipeManager/]: Skipping loading recipe atmospheric:dragon_fruit_crate as it's serializer returned null
[13Jul2026 19:42:44.726] [main/INFO] [net.minecraft.world.item.crafting.RecipeManager/]: Skipping loading recipe delightful:knives/mechanical_crafting/gilded_quartz_knife as it's serializer returned null
[13Jul2026 19:42:44.727] [main/INFO] [net.minecraft.world.item.crafting.RecipeManager/]: Skipping loading recipe byg:green_apple_pie_from_slices as it's serializer returned null
[13Jul2026 19:42:44.741] [main/INFO] [net.minecraft.world.item.crafting.RecipeManager/]: Skipping loading recipe atmospheric:yucca_trapped_chest as it's serializer returned null
[13Jul2026 19:42:44.742] [main/INFO] [net.minecraft.world.item.crafting.RecipeManager/]: Skipping loading recipe delightful:knives/osmium_knife as it's serializer returned null
[13Jul2026 19:42:44.750] [main/INFO] [net.minecraft.world.item.crafting.RecipeManager/]: Skipping loading recipe delightful:knives/smelting/bone/bone_meal_from_smelting_axe as it's serializer returned null
[13Jul2026 19:42:44.750] [main/INFO] [net.minecraft.world.item.crafting.RecipeManager/]: Skipping loading recipe atmospheric:rosewood_trapped_chest as it's serializer returned null
[13Jul2026 19:42:44.752] [main/INFO] [net.minecraft.world.item.crafting.RecipeManager/]: Skipping loading recipe delightful:integration/biomesoplenty/lavender_tea as it's serializer returned null
[13Jul2026 19:42:44.754] [main/INFO] [net.minecraft.world.item.crafting.RecipeManager/]: Skipping loading recipe atmospheric:large_morado_boat as it's serializer returned null
[13Jul2026 19:42:44.769] [main/INFO] [net.minecraft.world.item.crafting.RecipeManager/]: Skipping loading recipe delightful:cutting/nightshade_berry_pie as it's serializer returned null
[13Jul2026 19:42:44.770] [main/INFO] [net.minecraft.world.item.crafting.RecipeManager/]: Skipping loading recipe delightful:integration/goodall/cooked_venison_goodall as it's serializer returned null
[13Jul2026 19:42:44.771] [main/INFO] [net.minecraft.world.item.crafting.RecipeManager/]: Skipping loading recipe atmospheric:polished_dolerite_vertical_slab_from_dolerite_stonecutting as it's serializer returned null
[13Jul2026 19:42:44.771] [main/INFO] [net.minecraft.world.item.crafting.RecipeManager/]: Skipping loading recipe ars_elemental:jeed/hellfire_burn as it's serializer returned null
[13Jul2026 19:42:44.773] [main/INFO] [net.minecraft.world.item.crafting.RecipeManager/]: Skipping loading recipe atmospheric:rosewood_leaf_pile as it's serializer returned null
[13Jul2026 19:42:44.781] [main/INFO] [net.minecraft.world.item.crafting.RecipeManager/]: Skipping loading recipe atmospheric:dry_laurel_leaf_pile as it's serializer returned null
[13Jul2026 19:42:44.782] [main/INFO] [net.minecraft.world.item.crafting.RecipeManager/]: Skipping loading recipe delightful:integration/windswept/goat_shanks_windswept as it's serializer returned null
[13Jul2026 19:42:44.797] [main/INFO] [net.minecraft.world.item.crafting.RecipeManager/]: Skipping loading recipe wildberries:cutting/blueberry_pie as it's serializer returned null
[13Jul2026 19:42:44.798] [main/INFO] [net.minecraft.world.item.crafting.RecipeManager/]: Skipping loading recipe delightful:cutting/gloomgourd_pie as it's serializer returned null
[13Jul2026 19:42:44.798] [main/INFO] [net.minecraft.world.item.crafting.RecipeManager/]: Skipping loading recipe delightful:knives/blasting/bone/bone_meal_from_blasting_axe as it's serializer returned null
[13Jul2026 19:42:44.808] [main/INFO] [net.minecraft.world.item.crafting.RecipeManager/]: Skipping loading recipe delightful:integration/byg/unpack_green_apple_crate as it's serializer returned null
[13Jul2026 19:42:44.810] [main/INFO] [net.minecraft.world.item.crafting.RecipeManager/]: Skipping loading recipe delightful:knives/blasting/invar_thermal as it's serializer returned null
[13Jul2026 19:42:44.811] [main/ERROR] [net.minecraft.world.item.crafting.RecipeManager/]: Parsing error loading recipe irons_spellbooks:curios/concentration_amulet: com.google.gson.JsonSyntaxException: Unknown item 'irons_spellbooks:mithril_ingot'
[13Jul2026 19:42:44.811] [main/INFO] [net.minecraft.world.item.crafting.RecipeManager/]: Skipping loading recipe delightful:knives/smelting/lead_thermal as it's serializer returned null
[13Jul2026 19:42:44.814] [main/INFO] [net.minecraft.world.item.crafting.RecipeManager/]: Skipping loading recipe delightful:knives/smelting/lead_immersiveengineering as it's serializer returned null
[13Jul2026 19:42:44.815] [main/INFO] [net.minecraft.world.item.crafting.RecipeManager/]: Skipping loading recipe delightful:integration/biomemakeover/cactus_flesh_from_barrel_cactus_flowered as it's serializer returned null
[13Jul2026 19:42:44.836] [main/INFO] [com.teampotato.redirector.Redirector/]: Redirecting com/stal111/forbidden_arcanus/common/block/entity/clibano/ClibanoFireType
[13Jul2026 19:42:44.838] [main/INFO] [net.minecraft.world.item.crafting.RecipeManager/]: Skipping loading recipe atmospheric:carmine_pavement_vertical_slab_revert as it's serializer returned null
[13Jul2026 19:42:44.852] [main/INFO] [net.minecraft.world.item.crafting.RecipeManager/]: Skipping loading recipe byg:nightshade_berry_pie_from_slices as it's serializer returned null
[13Jul2026 19:42:44.854] [main/INFO] [net.minecraft.world.item.crafting.RecipeManager/]: Skipping loading recipe atmospheric:morado_leaves_from_morado_leaf_pile as it's serializer returned null
[13Jul2026 19:42:44.857] [main/INFO] [net.minecraft.world.item.crafting.RecipeManager/]: Skipping loading recipe delightful:knives/smelting/bone/bone_meal_from_smelting_chestplate as it's serializer returned null
[13Jul2026 19:42:44.858] [main/INFO] [net.minecraft.world.item.crafting.RecipeManager/]: Skipping loading recipe delightful:knives/blasting/tin_thermal as it's serializer returned null
[13Jul2026 19:42:44.858] [main/INFO] [net.minecraft.world.item.crafting.RecipeManager/]: Skipping loading recipe delightful:integration/byg/unpack_crimson_berry_sack as it's serializer returned null
[13Jul2026 19:42:44.886] [main/INFO] [net.minecraft.world.item.crafting.RecipeManager/]: Skipping loading recipe delightful:knives/smelting/nickel_thermal as it's serializer returned null
[13Jul2026 19:42:44.887] [main/INFO] [net.minecraft.world.item.crafting.RecipeManager/]: Skipping loading recipe sprout:water_sausage as it's serializer returned null
[13Jul2026 19:42:44.888] [main/INFO] [net.minecraft.world.item.crafting.RecipeManager/]: Skipping loading recipe delightful:knives/onyx_knife as it's serializer returned null
[13Jul2026 19:42:44.889] [main/INFO] [net.minecraft.world.item.crafting.RecipeManager/]: Skipping loading recipe delightful:integration/biomemakeover/cactus_flesh_from_saguaro_cactus as it's serializer returned null
[13Jul2026 19:42:44.891] [main/INFO] [net.minecraft.world.item.crafting.RecipeManager/]: Skipping loading recipe atmospheric:kousa_leaf_pile as it's serializer returned null
[13Jul2026 19:42:44.891] [main/INFO] [net.minecraft.world.item.crafting.RecipeManager/]: Skipping loading recipe atmospheric:grimwood_ladder as it's serializer returned null
[13Jul2026 19:42:44.892] [main/INFO] [net.minecraft.world.item.crafting.RecipeManager/]: Skipping loading recipe delightful:knives/smithing/warden_knife as it's serializer returned null
[13Jul2026 19:42:44.892] [main/ERROR] [net.minecraft.world.item.crafting.RecipeManager/]: Parsing error loading recipe iter_rpg:the_rock_recipe: com.google.gson.JsonSyntaxException: Unknown item 'iter_rpg:deleted_mod_element'
[13Jul2026 19:42:44.907] [main/INFO] [net.minecraft.world.item.crafting.RecipeManager/]: Skipping loading recipe delightful:knives/lapis_lazuli_knife as it's serializer returned null
[13Jul2026 19:42:44.909] [main/INFO] [net.minecraft.world.item.crafting.RecipeManager/]: Skipping loading recipe frozenup:truffle_cake_from_chocolate as it's serializer returned null
[13Jul2026 19:42:44.910] [main/INFO] [net.minecraft.world.item.crafting.RecipeManager/]: Skipping loading recipe delightful:knives/smelting/bronze_thermal as it's serializer returned null
[13Jul2026 19:42:44.910] [main/INFO] [net.minecraft.world.item.crafting.RecipeManager/]: Skipping loading recipe wildberries:cutting/sweet_berry_pie as it's serializer returned null
[13Jul2026 19:42:44.911] [main/INFO] [net.minecraft.world.item.crafting.RecipeManager/]: Skipping loading recipe delightful:knives/blasting/tin_mekanism as it's serializer returned null
[13Jul2026 19:42:44.911] [main/INFO] [net.minecraft.world.item.crafting.RecipeManager/]: Skipping loading recipe delightful:knives/steel_knife as it's serializer returned null
[13Jul2026 19:42:44.911] [main/INFO] [net.minecraft.world.item.crafting.RecipeManager/]: Skipping loading recipe delightful:knives/blasting/diamond_diamond_nuggets as it's serializer returned null
[13Jul2026 19:42:44.911] [main/INFO] [net.minecraft.world.item.crafting.RecipeManager/]: Skipping loading recipe delightful:knives/smelting/copper_copperized as it's serializer returned null
[13Jul2026 19:42:44.912] [main/INFO] [net.minecraft.world.item.crafting.RecipeManager/]: Skipping loading recipe atmospheric:carmine_shingle_vertical_slab as it's serializer returned null
[13Jul2026 19:42:44.912] [main/INFO] [net.minecraft.world.item.crafting.RecipeManager/]: Skipping loading recipe twilightforest:jeed/frosted as it's serializer returned null
[13Jul2026 19:42:44.925] [main/INFO] [net.minecraft.world.item.crafting.RecipeManager/]: Skipping loading recipe delightful:cooking/rock_candy as it's serializer returned null
[13Jul2026 19:42:44.937] [main/INFO] [net.minecraft.world.item.crafting.RecipeManager/]: Skipping loading recipe delightful:knives/mythril_knife as it's serializer returned null
[13Jul2026 19:42:44.937] [main/INFO] [net.minecraft.world.item.crafting.RecipeManager/]: Skipping loading recipe atmospheric:grimwood_leaf_pile as it's serializer returned null
[13Jul2026 19:42:44.949] [main/INFO] [net.minecraft.world.item.crafting.RecipeManager/]: Skipping loading recipe byg:crimson_berry_pie_from_slices as it's serializer returned null
[13Jul2026 19:42:44.949] [main/INFO] [net.minecraft.world.item.crafting.RecipeManager/]: Skipping loading recipe atmospheric:large_yucca_boat as it's serializer returned null
[13Jul2026 19:42:44.950] [main/ERROR] [net.minecraft.world.item.crafting.RecipeManager/]: Parsing error loading recipe iter_rpg:bonb_recipe: com.google.gson.JsonSyntaxException: Unknown item 'iter_rpg:deleted_mod_element'
[13Jul2026 19:42:44.951] [main/INFO] [net.minecraft.world.item.crafting.RecipeManager/]: Skipping loading recipe wildberries:cranberry_pie_from_slices as it's serializer returned null
[13Jul2026 19:42:44.952] [main/INFO] [net.minecraft.world.item.crafting.RecipeManager/]: Skipping loading recipe atmospheric:grimwood_chest as it's serializer returned null
[13Jul2026 19:42:44.953] [main/INFO] [net.minecraft.world.item.crafting.RecipeManager/]: Skipping loading recipe twilightforest:jeed/hunger as it's serializer returned null
[13Jul2026 19:42:44.954] [main/INFO] [net.minecraft.world.item.crafting.RecipeManager/]: Skipping loading recipe atmospheric:large_laurel_boat as it's serializer returned null
[13Jul2026 19:42:44.955] [main/INFO] [net.minecraft.world.item.crafting.RecipeManager/]: Skipping loading recipe atmospheric:aspen_bookshelf as it's serializer returned null
[13Jul2026 19:42:44.956] [main/INFO] [net.minecraft.world.item.crafting.RecipeManager/]: Skipping loading recipe duckling:pumpkin_pie as it's serializer returned null
[13Jul2026 19:42:44.957] [main/ERROR] [net.minecraft.world.item.crafting.RecipeManager/]: Parsing error loading recipe alexsdelight:barbecue_on_a_stick: com.google.gson.JsonSyntaxException: Unknown item 'amfd:singular_cooked_moose_rib'
[13Jul2026 19:42:44.957] [main/INFO] [net.minecraft.world.item.crafting.RecipeManager/]: Skipping loading recipe wildberries:cutting/blackberry_pie as it's serializer returned null
[13Jul2026 19:42:44.957] [main/INFO] [net.minecraft.world.item.crafting.RecipeManager/]: Skipping loading recipe atmospheric:blood_orange_crate as it's serializer returned null
[13Jul2026 19:42:44.958] [main/INFO] [net.minecraft.world.item.crafting.RecipeManager/]: Skipping loading recipe duckling:cake as it's serializer returned null
[13Jul2026 19:42:44.959] [main/INFO] [net.minecraft.world.item.crafting.RecipeManager/]: Skipping loading recipe botany_pots:ars_elemental/flashing_archwood as it's serializer returned null
[13Jul2026 19:42:44.967] [main/INFO] [net.minecraft.world.item.crafting.RecipeManager/]: Skipping loading recipe atmospheric:dry_laurel_leaves_from_dry_laurel_leaf_pile as it's serializer returned null
[13Jul2026 19:42:44.968] [main/INFO] [net.minecraft.world.item.crafting.RecipeManager/]: Skipping loading recipe delightful:knives/blasting/constantan_immersiveengineering as it's serializer returned null
[13Jul2026 19:42:44.976] [main/INFO] [net.minecraft.world.item.crafting.RecipeManager/]: Skipping loading recipe delightful:integration/rottenleather/chunkwich as it's serializer returned null
[13Jul2026 19:42:44.977] [main/INFO] [net.minecraft.world.item.crafting.RecipeManager/]: Skipping loading recipe delightful:knives/smelting/steel_immersiveengineering as it's serializer returned null
[13Jul2026 19:42:44.980] [main/INFO] [net.minecraft.world.item.crafting.RecipeManager/]: Skipping loading recipe delightful:knives/thyrium_knife as it's serializer returned null
[13Jul2026 19:42:44.980] [main/INFO] [net.minecraft.world.item.crafting.RecipeManager/]: Skipping loading recipe wildberries:glow_berry_pie_from_slices as it's serializer returned null
[13Jul2026 19:42:44.982] [main/INFO] [net.minecraft.world.item.crafting.RecipeManager/]: Skipping loading recipe delightful:knives/blasting/constantan_thermal as it's serializer returned null
[13Jul2026 19:42:44.982] [main/INFO] [net.minecraft.world.item.crafting.RecipeManager/]: Skipping loading recipe atmospheric:laurel_beehive as it's serializer returned null
[13Jul2026 19:42:44.982] [main/INFO] [net.minecraft.world.item.crafting.RecipeManager/]: Skipping loading recipe delightful:integration/rottenleather/chunkwich_from_bun as it's serializer returned null
[13Jul2026 19:42:44.983] [main/INFO] [net.minecraft.world.item.crafting.RecipeManager/]: Skipping loading recipe delightful:integration/biomemakeover/cactus_flesh_from_barrel_cactus as it's serializer returned null
[13Jul2026 19:42:44.997] [main/INFO] [net.minecraft.world.item.crafting.RecipeManager/]: Skipping loading recipe delightful:knives/electrum_knife as it's serializer returned null
[13Jul2026 19:42:44.998] [main/INFO] [net.minecraft.world.item.crafting.RecipeManager/]: Skipping loading recipe delightful:knives/smelting/silver_immersiveengineering as it's serializer returned null
[13Jul2026 19:42:45.003] [main/INFO] [net.minecraft.world.item.crafting.RecipeManager/]: Skipping loading recipe delightful:knives/smelting/invar_thermal as it's serializer returned null
[13Jul2026 19:42:45.003] [main/INFO] [net.minecraft.world.item.crafting.RecipeManager/]: Skipping loading recipe wildberries:raspberry_pie_from_slices as it's serializer returned null
[13Jul2026 19:42:45.007] [main/INFO] [net.minecraft.world.item.crafting.RecipeManager/]: Skipping loading recipe atmospheric:yucca_beehive as it's serializer returned null
[13Jul2026 19:42:45.007] [main/INFO] [net.minecraft.world.item.crafting.RecipeManager/]: Skipping loading recipe atmospheric:aspen_chest as it's serializer returned null
[13Jul2026 19:42:45.012] [main/INFO] [net.minecraft.world.item.crafting.RecipeManager/]: Skipping loading recipe create:rose_quartz_block_from_rose_quartz_stonecutting as it's serializer returned null
[13Jul2026 19:42:45.012] [main/INFO] [net.minecraft.world.item.crafting.RecipeManager/]: Skipping loading recipe delightful:knives/blasting/lead_immersiveengineering as it's serializer returned null
[13Jul2026 19:42:45.012] [main/INFO] [net.minecraft.world.item.crafting.RecipeManager/]: Skipping loading recipe delightful:knives/blasting/bone/bone_meal_from_blasting_shovel as it's serializer returned null
[13Jul2026 19:42:45.013] [main/INFO] [net.minecraft.world.item.crafting.RecipeManager/]: Skipping loading recipe atmospheric:carmine_shingle_vertical_slab_revert as it's serializer returned null
[13Jul2026 19:42:45.013] [main/INFO] [net.minecraft.world.item.crafting.RecipeManager/]: Skipping loading recipe ars_elemental:jeed/life_link as it's serializer returned null
[13Jul2026 19:42:45.014] [main/INFO] [net.minecraft.world.item.crafting.RecipeManager/]: Skipping loading recipe duckling:holiday_fruit_cake as it's serializer returned null
[13Jul2026 19:42:45.015] [main/INFO] [net.minecraft.world.item.crafting.RecipeManager/]: Skipping loading recipe delightful:food/marshmallow_stick_create_confectionery as it's serializer returned null
[13Jul2026 19:42:45.024] [main/INFO] [net.minecraft.world.item.crafting.RecipeManager/]: Skipping loading recipe atmospheric:polished_dolerite_vertical_slab_from_polished_dolerite_stonecutting as it's serializer returned null
[13Jul2026 19:42:45.028] [main/INFO] [net.minecraft.world.item.crafting.RecipeManager/]: Skipping loading recipe atmospheric:yucca_furnace_boat as it's serializer returned null
[13Jul2026 19:42:45.028] [main/INFO] [net.minecraft.world.item.crafting.RecipeManager/]: Skipping loading recipe delightful:food/cooking/sinigang as it's serializer returned null
[13Jul2026 19:42:45.029] [main/INFO] [net.minecraft.world.item.crafting.RecipeManager/]: Skipping loading recipe atmospheric:rosewood_beehive as it's serializer returned null
[13Jul2026 19:42:45.029] [main/INFO] [net.minecraft.world.item.crafting.RecipeManager/]: Skipping loading recipe create:fr/tea as it's serializer returned null
[13Jul2026 19:42:45.029] [main/INFO] [net.minecraft.world.item.crafting.RecipeManager/]: Skipping loading recipe atmospheric:large_kousa_boat as it's serializer returned null
[13Jul2026 19:42:45.030] [main/INFO] [net.minecraft.world.item.crafting.RecipeManager/]: Skipping loading recipe atmospheric:large_rosewood_boat as it's serializer returned null
[13Jul2026 19:42:45.031] [main/INFO] [net.minecraft.world.item.crafting.RecipeManager/]: Skipping loading recipe atmospheric:laurel_trapped_chest as it's serializer returned null
[13Jul2026 19:42:45.032] [main/INFO] [net.minecraft.world.item.crafting.RecipeManager/]: Skipping loading recipe atmospheric:rosewood_bookshelf as it's serializer returned null
[13Jul2026 19:42:45.032] [main/INFO] [net.minecraft.world.item.crafting.RecipeManager/]: Skipping loading recipe delightful:knives/smelting/tin_thermal as it's serializer returned null
[13Jul2026 19:42:45.032] [main/INFO] [net.minecraft.world.item.crafting.RecipeManager/]: Skipping loading recipe delightful:integration/byg/nightshade_berry_sack as it's serializer returned null
[13Jul2026 19:42:45.032] [main/INFO] [net.minecraft.world.item.crafting.RecipeManager/]: Skipping loading recipe delightful:knives/blasting/bone/bone_meal_from_blasting_leggings as it's serializer returned null
[13Jul2026 19:42:45.033] [main/INFO] [net.minecraft.world.item.crafting.RecipeManager/]: Skipping loading recipe ars_elemental:jeed/entrhalled as it's serializer returned null
[13Jul2026 19:42:45.033] [main/INFO] [net.minecraft.world.item.crafting.RecipeManager/]: Skipping loading recipe delightful:integration/naturalist/cooked_venison_naturalist as it's serializer returned null
[13Jul2026 19:42:45.038] [main/INFO] [net.minecraft.world.item.crafting.RecipeManager/]: Skipping loading recipe delightful:matcha_ice_cream_block as it's serializer returned null
[13Jul2026 19:42:45.038] [main/INFO] [net.minecraft.world.item.crafting.RecipeManager/]: Skipping loading recipe delightful:knives/blasting/bone/bone_meal_from_blasting_chestplate as it's serializer returned null
[13Jul2026 19:42:45.039] [main/INFO] [net.minecraft.world.item.crafting.RecipeManager/]: Skipping loading recipe atmospheric:kousa_beehive as it's serializer returned null
[13Jul2026 19:42:45.040] [main/INFO] [net.minecraft.world.item.crafting.RecipeManager/]: Skipping loading recipe delightful:knives/smithing/obsidian_infused_enderite_knife as it's serializer returned null
[13Jul2026 19:42:45.040] [main/INFO] [net.minecraft.world.item.crafting.RecipeManager/]: Skipping loading recipe delightful:knives/smithing/enderite_knife as it's serializer returned null
[13Jul2026 19:42:45.041] [main/INFO] [net.minecraft.world.item.crafting.RecipeManager/]: Skipping loading recipe delightful:knives/utherium_knife as it's serializer returned null
[13Jul2026 19:42:45.041] [main/INFO] [net.minecraft.world.item.crafting.RecipeManager/]: Skipping loading recipe frozenup:mug_of_milk as it's serializer returned null
[13Jul2026 19:42:45.042] [main/INFO] [net.minecraft.world.item.crafting.RecipeManager/]: Skipping loading recipe delightful:knives/smithing/adamantite_knife as it's serializer returned null
[13Jul2026 19:42:45.042] [main/INFO] [net.minecraft.world.item.crafting.RecipeManager/]: Skipping loading recipe minecraft:pumpkin_pie as it's serializer returned null
[13Jul2026 19:42:45.042] [main/INFO] [net.minecraft.world.item.crafting.RecipeManager/]: Skipping loading recipe delightful:food/nightshade_berry_pie_from_slices as it's serializer returned null
[13Jul2026 19:42:45.043] [main/INFO] [net.minecraft.world.item.crafting.RecipeManager/]: Skipping loading recipe atmospheric:blood_orange_from_blood_orange_crate as it's serializer returned null
[13Jul2026 19:42:45.043] [main/INFO] [net.minecraft.world.item.crafting.RecipeManager/]: Skipping loading recipe delightful:knives/kiwano_knife as it's serializer returned null
[13Jul2026 19:42:45.043] [main/INFO] [net.minecraft.world.item.crafting.RecipeManager/]: Skipping loading recipe atmospheric:grimwood_boards as it's serializer returned null
[13Jul2026 19:42:45.047] [main/INFO] [net.minecraft.world.item.crafting.RecipeManager/]: Skipping loading recipe delightful:knives/leaf_knife as it's serializer returned null
[13Jul2026 19:42:45.047] [main/INFO] [net.minecraft.world.item.crafting.RecipeManager/]: Skipping loading recipe delightful:knives/smelting/bone/bone_meal_from_smelting_leggings as it's serializer returned null
[13Jul2026 19:42:45.049] [main/INFO] [net.minecraft.world.item.crafting.RecipeManager/]: Skipping loading recipe delightful:food/matcha_latte as it's serializer returned null
[13Jul2026 19:42:45.051] [main/INFO] [net.minecraft.world.item.crafting.RecipeManager/]: Skipping loading recipe atmospheric:rosewood_ladder as it's serializer returned null
[13Jul2026 19:42:45.052] [main/INFO] [net.minecraft.world.item.crafting.RecipeManager/]: Skipping loading recipe delightful:knives/blasting/silver_immersiveengineering as it's serializer returned null
[13Jul2026 19:42:45.057] [main/INFO] [net.minecraft.world.item.crafting.RecipeManager/]: Skipping loading recipe delightful:knives/constantan_knife as it's serializer returned null
[13Jul2026 19:42:45.057] [main/INFO] [net.minecraft.world.item.crafting.RecipeManager/]: Skipping loading recipe delightful:knives/smelting/bone/bone_meal_from_smelting_shovel as it's serializer returned null
[13Jul2026 19:42:45.057] [main/INFO] [net.minecraft.world.item.crafting.RecipeManager/]: Skipping loading recipe atmospheric:golden_dragon_fruit_from_golden_dragon_fruit_crate as it's serializer returned null
[13Jul2026 19:42:45.058] [main/INFO] [net.minecraft.world.item.crafting.RecipeManager/]: Skipping loading recipe frozenup:mug_of_truffle_hot_chocolate as it's serializer returned null
[13Jul2026 19:42:45.058] [main/INFO] [net.minecraft.world.item.crafting.RecipeManager/]: Skipping loading recipe atmospheric:morado_boards as it's serializer returned null
[13Jul2026 19:42:45.059] [main/INFO] [net.minecraft.world.item.crafting.RecipeManager/]: Skipping loading recipe wildberries:cutting/raspberry_pie as it's serializer returned null
[13Jul2026 19:42:45.060] [main/INFO] [net.minecraft.world.item.crafting.RecipeManager/]: Skipping loading recipe delightful:integration/byg/unpack_baobab_fruit_crate as it's serializer returned null
[13Jul2026 19:42:45.068] [main/INFO] [net.minecraft.world.item.crafting.RecipeManager/]: Skipping loading recipe delightful:knives/smelting/osmium_mekanism as it's serializer returned null
[13Jul2026 19:42:45.073] [main/INFO] [net.minecraft.world.item.crafting.RecipeManager/]: Skipping loading recipe delightful:knives/invar_knife as it's serializer returned null
[13Jul2026 19:42:45.078] [main/INFO] [net.minecraft.world.item.crafting.RecipeManager/]: Skipping loading recipe create:mixing/tea as it's serializer returned null
[13Jul2026 19:42:45.079] [main/INFO] [net.minecraft.world.item.crafting.RecipeManager/]: Skipping loading recipe atmospheric:grimwood_trapped_chest as it's serializer returned null
[13Jul2026 19:42:45.083] [main/INFO] [net.minecraft.world.item.crafting.RecipeManager/]: Skipping loading recipe atmospheric:laurel_bookshelf as it's serializer returned null
[13Jul2026 19:42:45.085] [main/ERROR] [net.minecraft.world.item.crafting.RecipeManager/]: Parsing error loading recipe dreadsteel:dreadsteel_shield: com.google.gson.JsonSyntaxException: Unknown item 'iceandfire:witherbone'
[13Jul2026 19:42:45.085] [main/INFO] [net.minecraft.world.item.crafting.RecipeManager/]: Skipping loading recipe atmospheric:aspen_furnace_boat as it's serializer returned null
[13Jul2026 19:42:45.085] [main/INFO] [net.minecraft.world.item.crafting.RecipeManager/]: Skipping loading recipe delightful:integration/byg/unpack_joshua_fruit_crate as it's serializer returned null
[13Jul2026 19:42:45.086] [main/INFO] [net.minecraft.world.item.crafting.RecipeManager/]: Skipping loading recipe atmospheric:grimwood_beehive as it's serializer returned null
[13Jul2026 19:42:45.086] [main/INFO] [net.minecraft.world.item.crafting.RecipeManager/]: Skipping loading recipe delightful:knives/brass_knife as it's serializer returned null
[13Jul2026 19:42:45.087] [main/INFO] [net.minecraft.world.item.crafting.RecipeManager/]: Skipping loading recipe atmospheric:aspen_leaves_from_aspen_leaf_pile as it's serializer returned null
[13Jul2026 19:42:45.087] [main/INFO] [net.minecraft.world.item.crafting.RecipeManager/]: Skipping loading recipe create:sandpaper_polishing/rose_quartz as it's serializer returned null
[13Jul2026 19:42:45.087] [main/INFO] [net.minecraft.world.item.crafting.RecipeManager/]: Skipping loading recipe delightful:knives/copper_knife as it's serializer returned null
[13Jul2026 19:42:45.088] [main/INFO] [net.minecraft.world.item.crafting.RecipeManager/]: Skipping loading recipe twilightforest:jeed/blindness as it's serializer returned null
[13Jul2026 19:42:45.088] [main/INFO] [net.minecraft.world.item.crafting.RecipeManager/]: Skipping loading recipe delightful:knives/blasting/emerald_emeraldequipment as it's serializer returned null
[13Jul2026 19:42:45.088] [main/INFO] [net.minecraft.world.item.crafting.RecipeManager/]: Skipping loading recipe delightful:knives/bronze_knife as it's serializer returned null
[13Jul2026 19:42:45.088] [main/INFO] [net.minecraft.world.item.crafting.RecipeManager/]: Skipping loading recipe byg:cutting/nightshade_berry_pie as it's serializer returned null
[13Jul2026 19:42:45.090] [main/INFO] [net.minecraft.world.item.crafting.RecipeManager/]: Skipping loading recipe atmospheric:aspen_ladder as it's serializer returned null
[13Jul2026 19:42:45.096] [main/INFO] [net.minecraft.world.item.crafting.RecipeManager/]: Skipping loading recipe atmospheric:morado_beehive as it's serializer returned null
[13Jul2026 19:42:45.096] [main/INFO] [net.minecraft.world.item.crafting.RecipeManager/]: Skipping loading recipe delightful:food/kettle/matcha_latte_neapolitan as it's serializer returned null
[13Jul2026 19:42:45.097] [main/INFO] [net.minecraft.world.item.crafting.RecipeManager/]: Skipping loading recipe atmospheric:kousa_ladder as it's serializer returned null
[13Jul2026 19:42:45.101] [main/INFO] [net.minecraft.world.item.crafting.RecipeManager/]: Skipping loading recipe wildberries:blackberry_pie as it's serializer returned null
[13Jul2026 19:42:45.101] [main/INFO] [net.minecraft.world.item.crafting.RecipeManager/]: Skipping loading recipe atmospheric:yucca_chest as it's serializer returned null
[13Jul2026 19:42:45.102] [main/INFO] [net.minecraft.world.item.crafting.RecipeManager/]: Skipping loading recipe delightful:knives/black_opal_knife as it's serializer returned null
[13Jul2026 19:42:45.113] [main/INFO] [net.minecraft.world.item.crafting.RecipeManager/]: Skipping loading recipe atmospheric:kousa_leaves_from_kousa_leaf_pile as it's serializer returned null
[13Jul2026 19:42:45.113] [main/INFO] [net.minecraft.world.item.crafting.RecipeManager/]: Skipping loading recipe frozenup:mug_of_chocolate_milk_from_chocolate as it's serializer returned null
[13Jul2026 19:42:45.115] [main/INFO] [net.minecraft.world.item.crafting.RecipeManager/]: Skipping loading recipe delightful:knives/smelting/nickel_immersiveengineering as it's serializer returned null
[13Jul2026 19:42:45.116] [main/INFO] [net.minecraft.world.item.crafting.RecipeManager/]: Skipping loading recipe delightful:knives/blasting/bone/bone_meal_from_blasting_hoe as it's serializer returned null
[13Jul2026 19:42:45.117] [main/INFO] [net.minecraft.world.item.crafting.RecipeManager/]: Skipping loading recipe delightful:knives/amethyst_knife as it's serializer returned null
[13Jul2026 19:42:45.119] [main/INFO] [net.minecraft.world.item.crafting.RecipeManager/]: Skipping loading recipe delightful:integration/goodall/venison_goodall as it's serializer returned null
[13Jul2026 19:42:45.119] [main/INFO] [net.minecraft.world.item.crafting.RecipeManager/]: Skipping loading recipe byg:cutting/blueberry_pie as it's serializer returned null
[13Jul2026 19:42:45.120] [main/INFO] [net.minecraft.world.item.crafting.RecipeManager/]: Skipping loading recipe delightful:knives/smelting/tin_mekanism as it's serializer returned null
[13Jul2026 19:42:45.121] [main/INFO] [net.minecraft.world.item.crafting.RecipeManager/]: Skipping loading recipe create:mixing/tea_from_tea_leaves as it's serializer returned null
[13Jul2026 19:42:45.121] [main/INFO] [net.minecraft.world.item.crafting.RecipeManager/]: Skipping loading recipe delightful:knives/blasting/bone/knife_minecraft as it's serializer returned null
[13Jul2026 19:42:45.121] [main/INFO] [net.minecraft.world.item.crafting.RecipeManager/]: Skipping loading recipe wildberries:cranberry_pie as it's serializer returned null
[13Jul2026 19:42:45.122] [main/INFO] [net.minecraft.world.item.crafting.RecipeManager/]: Skipping loading recipe delightful:knives/smelting/electrum_immersiveengineering as it's serializer returned null
[13Jul2026 19:42:45.122] [main/INFO] [net.minecraft.world.item.crafting.RecipeManager/]: Skipping loading recipe atmospheric:kousa_chest as it's serializer returned null
[13Jul2026 19:42:45.122] [main/INFO] [net.minecraft.world.item.crafting.RecipeManager/]: Skipping loading recipe delightful:knives/smithing/alf_knife as it's serializer returned null
[13Jul2026 19:42:45.123] [main/INFO] [net.minecraft.world.item.crafting.RecipeManager/]: Skipping loading recipe delightful:knives/smelting/bone/bone_meal_from_smelting_pickaxe as it's serializer returned null
[13Jul2026 19:42:45.123] [main/INFO] [net.minecraft.world.item.crafting.RecipeManager/]: Skipping loading recipe atmospheric:aspen_trapped_chest as it's serializer returned null
[13Jul2026 19:42:45.123] [main/INFO] [net.minecraft.world.item.crafting.RecipeManager/]: Skipping loading recipe atmospheric:laurel_boards as it's serializer returned null
[13Jul2026 19:42:45.124] [main/INFO] [net.minecraft.world.item.crafting.RecipeManager/]: Skipping loading recipe atmospheric:grimwood_bookshelf as it's serializer returned null
[13Jul2026 19:42:45.124] [main/INFO] [net.minecraft.world.item.crafting.RecipeManager/]: Skipping loading recipe delightful:integration/byg/unpack_blueberry_sack as it's serializer returned null
[13Jul2026 19:42:45.124] [main/INFO] [net.minecraft.world.item.crafting.RecipeManager/]: Skipping loading recipe atmospheric:currant_from_currant_crate as it's serializer returned null
[13Jul2026 19:42:45.125] [main/INFO] [net.minecraft.world.item.crafting.RecipeManager/]: Skipping loading recipe delightful:food/gloomgourd_pie_from_slices as it's serializer returned null
[13Jul2026 19:42:45.125] [main/INFO] [net.minecraft.world.item.crafting.RecipeManager/]: Skipping loading recipe twilightforest:jeed/poison as it's serializer returned null
[13Jul2026 19:42:45.125] [main/ERROR] [net.minecraft.world.item.crafting.RecipeManager/]: Parsing error loading recipe dreadsteel:dreadsteel_ingot: com.google.gson.JsonSyntaxException: Unknown item 'iceandfire:dread_shard'
[13Jul2026 19:42:45.126] [main/INFO] [net.minecraft.world.item.crafting.RecipeManager/]: Skipping loading recipe delightful:knives/froststeel_knife as it's serializer returned null
[13Jul2026 19:42:45.126] [main/INFO] [net.minecraft.world.item.crafting.RecipeManager/]: Skipping loading recipe atmospheric:rosewood_leaves_from_rosewood_leaf_pile as it's serializer returned null
[13Jul2026 19:42:45.127] [main/INFO] [net.minecraft.world.item.crafting.RecipeManager/]: Skipping loading recipe byg:cutting/green_apple_pie as it's serializer returned null
[13Jul2026 19:42:45.127] [main/INFO] [net.minecraft.world.item.crafting.RecipeManager/]: Skipping loading recipe atmospheric:carmine_pavement_vertical_slab as it's serializer returned null
[13Jul2026 19:42:45.127] [main/INFO] [net.minecraft.world.item.crafting.RecipeManager/]: Skipping loading recipe delightful:integration/biomesoplenty/clover as it's serializer returned null
[13Jul2026 19:42:45.128] [main/ERROR] [net.minecraft.world.item.crafting.RecipeManager/]: Parsing error loading recipe unusualend:chorus_petals_via_cutting: com.google.gson.JsonSyntaxException: Expected tool to be a JsonObject, was an array ([{"t..."}])
[13Jul2026 19:42:45.128] [main/INFO] [net.minecraft.world.item.crafting.RecipeManager/]: Skipping loading recipe atmospheric:carmine_pavement_vertical_slab_from_carmine_shingles_stonecutting as it's serializer returned null
[13Jul2026 19:42:45.129] [main/INFO] [net.minecraft.world.item.crafting.RecipeManager/]: Skipping loading recipe delightful:knives/large_amethyst_knife as it's serializer returned null
[13Jul2026 19:42:45.129] [main/INFO] [net.minecraft.world.item.crafting.RecipeManager/]: Skipping loading recipe wildberries:raspberry_pie as it's serializer returned null
[13Jul2026 19:42:45.130] [main/INFO] [net.minecraft.world.item.crafting.RecipeManager/]: Skipping loading recipe delightful:integration/quark/cactus_flesh_from_cactus_block as it's serializer returned null
[13Jul2026 19:42:45.131] [main/INFO] [net.minecraft.world.item.crafting.RecipeManager/]: Skipping loading recipe delightful:integration/farmersrespite/green_tea_leaves_from_green_tea_leaf as it's serializer returned null
[13Jul2026 19:42:45.131] [main/INFO] [net.minecraft.world.item.crafting.RecipeManager/]: Skipping loading recipe delightful:knives/smelting/constantan_immersiveengineering as it's serializer returned null
[13Jul2026 19:42:45.131] [main/INFO] [net.minecraft.world.item.crafting.RecipeManager/]: Skipping loading recipe delightful:cutting/crimson_berry_pie as it's serializer returned null
[13Jul2026 19:42:45.132] [main/INFO] [net.minecraft.world.item.crafting.RecipeManager/]: Skipping loading recipe atmospheric:yucca_leaves_from_yucca_leaf_pile as it's serializer returned null
[13Jul2026 19:42:45.132] [main/INFO] [net.minecraft.world.item.crafting.RecipeManager/]: Skipping loading recipe delightful:knives/experience_knife as it's serializer returned null
[13Jul2026 19:42:45.133] [main/INFO] [net.minecraft.world.item.crafting.RecipeManager/]: Skipping loading recipe atmospheric:flowering_morado_leaf_pile as it's serializer returned null
[13Jul2026 19:42:45.138] [main/INFO] [net.minecraft.world.item.crafting.RecipeManager/]: Skipping loading recipe byg:green_apple_pie as it's serializer returned null
[13Jul2026 19:42:45.138] [main/INFO] [net.minecraft.world.item.crafting.RecipeManager/]: Skipping loading recipe atmospheric:orange_from_orange_crate as it's serializer returned null
[13Jul2026 19:42:45.140] [main/INFO] [net.minecraft.world.item.crafting.RecipeManager/]: Skipping loading recipe delightful:cutting/green_apple_pie as it's serializer returned null
[13Jul2026 19:42:45.141] [main/INFO] [net.minecraft.world.item.crafting.RecipeManager/]: Skipping loading recipe atmospheric:kousa_bookshelf as it's serializer returned null
[13Jul2026 19:42:45.142] [main/INFO] [net.minecraft.world.item.crafting.RecipeManager/]: Skipping loading recipe atmospheric:laurel_leaf_pile as it's serializer returned null
[13Jul2026 19:42:45.148] [main/INFO] [net.minecraft.world.item.crafting.RecipeManager/]: Skipping loading recipe frozenup:mug_of_chocolate_milk as it's serializer returned null
[13Jul2026 19:42:45.153] [main/INFO] [net.minecraft.world.item.crafting.RecipeManager/]: Skipping loading recipe atmospheric:laurel_furnace_boat as it's serializer returned null
[13Jul2026 19:42:45.153] [main/INFO] [net.minecraft.world.item.crafting.RecipeManager/]: Skipping loading recipe delightful:integration/byg/crimson_berry_sack as it's serializer returned null
[13Jul2026 19:42:45.154] [main/INFO] [net.minecraft.world.item.crafting.RecipeManager/]: Skipping loading recipe delightful:campfire/cooked_goat as it's serializer returned null
[13Jul2026 19:42:45.154] [main/INFO] [net.minecraft.world.item.crafting.RecipeManager/]: Skipping loading recipe delightful:knives/terra_knife as it's serializer returned null
[13Jul2026 19:42:45.154] [main/INFO] [net.minecraft.world.item.crafting.RecipeManager/]: Skipping loading recipe atmospheric:rosewood_chest as it's serializer returned null
[13Jul2026 19:42:45.155] [main/INFO] [net.minecraft.world.item.crafting.RecipeManager/]: Skipping loading recipe byg:cutting/crimson_berry_pie as it's serializer returned null
[13Jul2026 19:42:45.161] [main/INFO] [net.minecraft.world.item.crafting.RecipeManager/]: Skipping loading recipe atmospheric:dolerite_vertical_slab as it's serializer returned null
[13Jul2026 19:42:45.162] [main/INFO] [net.minecraft.world.item.crafting.RecipeManager/]: Skipping loading recipe delightful:cutting/blueberry_pie as it's serializer returned null
[13Jul2026 19:42:45.163] [main/INFO] [net.minecraft.world.item.crafting.RecipeManager/]: Skipping loading recipe wildberries:blackberry_pie_from_slices as it's serializer returned null
[13Jul2026 19:42:45.163] [main/INFO] [net.minecraft.world.item.crafting.RecipeManager/]: Skipping loading recipe delightful:food/clover_honey as it's serializer returned null
[13Jul2026 19:42:45.163] [main/INFO] [net.minecraft.world.item.crafting.RecipeManager/]: Skipping loading recipe atmospheric:flowering_morado_leaves_from_flowering_morado_leaf_pile as it's serializer returned null
[13Jul2026 19:42:45.164] [main/INFO] [net.minecraft.world.item.crafting.RecipeManager/]: Skipping loading recipe delightful:knives/blasting/osmium_mekanism as it's serializer returned null
[13Jul2026 19:42:45.167] [main/INFO] [net.minecraft.world.item.crafting.RecipeManager/]: Skipping loading recipe delightful:knives/smelting/bone/bone_meal_from_smelting_boots as it's serializer returned null
[13Jul2026 19:42:45.168] [main/INFO] [net.minecraft.world.item.crafting.RecipeManager/]: Skipping loading recipe delightful:knives/soul_steel_knife as it's serializer returned null
[13Jul2026 19:42:45.168] [main/INFO] [net.minecraft.world.item.crafting.RecipeManager/]: Skipping loading recipe delightful:knives/mixing/blazing_knife as it's serializer returned null
[13Jul2026 19:42:45.169] [main/INFO] [net.minecraft.world.item.crafting.RecipeManager/]: Skipping loading recipe delightful:knives/emerald_knife as it's serializer returned null
[13Jul2026 19:42:45.170] [main/INFO] [net.minecraft.world.item.crafting.RecipeManager/]: Skipping loading recipe delightful:knives/blasting/bronze_thermal as it's serializer returned null
[13Jul2026 19:42:45.177] [main/INFO] [net.minecraft.world.item.crafting.RecipeManager/]: Skipping loading recipe delightful:knives/blasting/copper_copperized as it's serializer returned null
[13Jul2026 19:42:45.181] [main/INFO] [net.minecraft.world.item.crafting.RecipeManager/]: Skipping loading recipe delightful:integration/immersive_weathering/tallow_from_animal_fat as it's serializer returned null
[13Jul2026 19:42:45.181] [main/INFO] [net.minecraft.world.item.crafting.RecipeManager/]: Skipping loading recipe atmospheric:kousa_furnace_boat as it's serializer returned null
[13Jul2026 19:42:45.183] [main/INFO] [net.minecraft.world.item.crafting.RecipeManager/]: Skipping loading recipe delightful:knives/refined_glowstone_knife as it's serializer returned null
[13Jul2026 19:42:45.186] [main/INFO] [net.minecraft.world.item.crafting.RecipeManager/]: Skipping loading recipe delightful:food/berry_matcha_latte as it's serializer returned null
[13Jul2026 19:42:45.186] [main/INFO] [net.minecraft.world.item.crafting.RecipeManager/]: Skipping loading recipe atmospheric:laurel_chest as it's serializer returned null
[13Jul2026 19:42:45.186] [main/ERROR] [net.minecraft.world.item.crafting.RecipeManager/]: Parsing error loading recipe forbidden_arcanus:corrupted_pixie: com.google.gson.JsonSyntaxException: Unknown item 'forbidden_arcanus:dark_soul'
[13Jul2026 19:42:45.187] [main/INFO] [net.minecraft.world.item.crafting.RecipeManager/]: Skipping loading recipe delightful:knives/smithing/pendorite_knife as it's serializer returned null
[13Jul2026 19:42:45.187] [main/INFO] [net.minecraft.world.item.crafting.RecipeManager/]: Skipping loading recipe delightful:salmonberry_ice_cream_block as it's serializer returned null
[13Jul2026 19:42:45.188] [main/INFO] [net.minecraft.world.item.crafting.RecipeManager/]: Skipping loading recipe delightful:knives/blasting/bone/bone_meal_from_blasting_pickaxe as it's serializer returned null
[13Jul2026 19:42:45.188] [main/INFO] [net.minecraft.world.item.crafting.RecipeManager/]: Skipping loading recipe delightful:knives/smelting/electrum_thermal as it's serializer returned null
[13Jul2026 19:42:45.188] [main/INFO] [net.minecraft.world.item.crafting.RecipeManager/]: Skipping loading recipe atmospheric:currant_leaves_from_currant_leaf_pile as it's serializer returned null
[13Jul2026 19:42:45.189] [main/INFO] [net.minecraft.world.item.crafting.RecipeManager/]: Skipping loading recipe delightful:knives/blasting/nickel_immersiveengineering as it's serializer returned null
[13Jul2026 19:42:45.189] [main/INFO] [net.minecraft.world.item.crafting.RecipeManager/]: Skipping loading recipe ars_elemental:jeed/watery_grave as it's serializer returned null
[13Jul2026 19:42:45.190] [main/INFO] [net.minecraft.world.item.crafting.RecipeManager/]: Skipping loading recipe delightful:integration/windswept/cooked_goat_shanks_windswept as it's serializer returned null
[13Jul2026 19:42:45.190] [main/INFO] [net.minecraft.world.item.crafting.RecipeManager/]: Skipping loading recipe delightful:knives/blasting/silver_thermal as it's serializer returned null
[13Jul2026 19:42:45.190] [main/INFO] [net.minecraft.world.item.crafting.RecipeManager/]: Skipping loading recipe frozenup:truffle_cake as it's serializer returned null
[13Jul2026 19:42:45.191] [main/INFO] [net.minecraft.world.item.crafting.RecipeManager/]: Skipping loading recipe frozenup:mug_of_truffle_hot_chocolate_from_chocolate as it's serializer returned null
[13Jul2026 19:42:45.191] [main/INFO] [net.minecraft.world.item.crafting.RecipeManager/]: Skipping loading recipe atmospheric:dolerite_vertical_slab_revert as it's serializer returned null
[13Jul2026 19:42:45.192] [main/INFO] [net.minecraft.world.item.crafting.RecipeManager/]: Skipping loading recipe wildberries:cutting/cranberry_pie as it's serializer returned null
[13Jul2026 19:42:45.192] [main/INFO] [net.minecraft.world.item.crafting.RecipeManager/]: Skipping loading recipe delightful:knives/bone_knife as it's serializer returned null
[13Jul2026 19:42:45.192] [main/INFO] [net.minecraft.world.item.crafting.RecipeManager/]: Skipping loading recipe delightful:food/berry_matcha_latte_neapolitan as it's serializer returned null
[13Jul2026 19:42:45.192] [main/INFO] [net.minecraft.world.item.crafting.RecipeManager/]: Skipping loading recipe byg:blueberry_pie as it's serializer returned null
[13Jul2026 19:42:45.193] [main/INFO] [net.minecraft.world.item.crafting.RecipeManager/]: Skipping loading recipe wildberries:cutting/glow_berry_pie_slice as it's serializer returned null
[13Jul2026 19:42:45.193] [main/INFO] [net.minecraft.world.item.crafting.RecipeManager/]: Skipping loading recipe atmospheric:morado_furnace_boat as it's serializer returned null
[13Jul2026 19:42:45.193] [main/INFO] [net.minecraft.world.item.crafting.RecipeManager/]: Skipping loading recipe atmospheric:large_aspen_boat as it's serializer returned null
[13Jul2026 19:42:45.194] [main/INFO] [net.minecraft.world.item.crafting.RecipeManager/]: Skipping loading recipe delightful:knives/blasting/bone/bone_meal_from_blasting_sword as it's serializer returned null
[13Jul2026 19:42:45.194] [main/INFO] [net.minecraft.world.item.crafting.RecipeManager/]: Skipping loading recipe atmospheric:grimwood_furnace_boat as it's serializer returned null
[13Jul2026 19:42:45.199] [main/INFO] [net.minecraft.world.item.crafting.RecipeManager/]: Skipping loading recipe atmospheric:carmine_shingle_vertical_slab_from_carmine_shingles_stonecutting as it's serializer returned null
[13Jul2026 19:42:45.199] [main/INFO] [net.minecraft.world.item.crafting.RecipeManager/]: Skipping loading recipe delightful:knives/smelting/steel_mekanism as it's serializer returned null
[13Jul2026 19:42:45.199] [main/INFO] [net.minecraft.world.item.crafting.RecipeManager/]: Skipping loading recipe delightful:knives/smelting/bone/bone_meal_from_smelting_hoe as it's serializer returned null
[13Jul2026 19:42:45.200] [main/INFO] [net.minecraft.world.item.crafting.RecipeManager/]: Skipping loading recipe delightful:integration/naturalist/venison_naturalist as it's serializer returned null
[13Jul2026 19:42:45.200] [main/INFO] [net.minecraft.world.item.crafting.RecipeManager/]: Skipping loading recipe delightful:knives/smithing/rose_gold_knife as it's serializer returned null
[13Jul2026 19:42:45.200] [main/INFO] [net.minecraft.world.item.crafting.RecipeManager/]: Skipping loading recipe delightful:food/crimson_berry_pie_from_slices as it's serializer returned null
[13Jul2026 19:42:45.205] [main/INFO] [net.minecraft.world.item.crafting.RecipeManager/]: Skipping loading recipe atmospheric:rosewood_furnace_boat as it's serializer returned null
[13Jul2026 19:42:45.206] [main/INFO] [net.minecraft.world.item.crafting.RecipeManager/]: Skipping loading recipe atmospheric:laurel_ladder as it's serializer returned null
[13Jul2026 19:42:45.210] [main/INFO] [net.minecraft.world.item.crafting.RecipeManager/]: Skipping loading recipe delightful:integration/byg/blueberry_sack as it's serializer returned null
[13Jul2026 19:42:45.210] [main/INFO] [net.minecraft.world.item.crafting.RecipeManager/]: Skipping loading recipe atmospheric:yucca_ladder as it's serializer returned null
[13Jul2026 19:42:45.210] [main/INFO] [net.minecraft.world.item.crafting.RecipeManager/]: Skipping loading recipe delightful:smoking/cooked_goat as it's serializer returned null
[13Jul2026 19:42:45.211] [main/INFO] [net.minecraft.world.item.crafting.RecipeManager/]: Skipping loading recipe delightful:food/deluxe_cheeseburger_from_bun as it's serializer returned null
[13Jul2026 19:42:45.211] [main/INFO] [net.minecraft.world.item.crafting.RecipeManager/]: Skipping loading recipe delightful:food/matcha_ice_cream as it's serializer returned null
[13Jul2026 19:42:45.211] [main/INFO] [net.minecraft.world.item.crafting.RecipeManager/]: Skipping loading recipe delightful:food/blueberry_pie_from_slices as it's serializer returned null
[13Jul2026 19:42:45.212] [main/INFO] [net.minecraft.world.item.crafting.RecipeManager/]: Skipping loading recipe atmospheric:golden_dragon_fruit_crate as it's serializer returned null
[13Jul2026 19:42:45.212] [main/INFO] [net.minecraft.world.item.crafting.RecipeManager/]: Skipping loading recipe twilightforest:jeed/resistance as it's serializer returned null
[13Jul2026 19:42:45.214] [main/INFO] [net.minecraft.world.item.crafting.RecipeManager/]: Skipping loading recipe delightful:knives/smelting/copper_thermal as it's serializer returned null
[13Jul2026 19:42:45.214] [main/INFO] [net.minecraft.world.item.crafting.RecipeManager/]: Skipping loading recipe delightful:knives/tin_knife as it's serializer returned null
[13Jul2026 19:42:45.214] [main/INFO] [net.minecraft.world.item.crafting.RecipeManager/]: Skipping loading recipe delightful:knives/smelting/constantan_thermal as it's serializer returned null
[13Jul2026 19:42:45.215] [main/INFO] [net.minecraft.world.item.crafting.RecipeManager/]: Skipping loading recipe delightful:knives/blasting/steel_immersiveengineering as it's serializer returned null
[13Jul2026 19:42:45.216] [main/INFO] [net.minecraft.world.item.crafting.RecipeManager/]: Skipping loading recipe delightful:knives/smelting/bronze_mekanism as it's serializer returned null
[13Jul2026 19:42:45.225] [main/INFO] [net.minecraft.world.item.crafting.RecipeManager/]: Skipping loading recipe delightful:knives/blasting/bone/bone_meal_from_blasting_helmet as it's serializer returned null
[13Jul2026 19:42:45.225] [main/INFO] [net.minecraft.world.item.crafting.RecipeManager/]: Skipping loading recipe atmospheric:aspen_leaf_pile as it's serializer returned null
[13Jul2026 19:42:45.231] [main/INFO] [net.minecraft.world.item.crafting.RecipeManager/]: Skipping loading recipe wildberries:sweet_berry_pie as it's serializer returned null
[13Jul2026 19:42:45.232] [main/INFO] [net.minecraft.world.item.crafting.RecipeManager/]: Skipping loading recipe delightful:knives/blasting/nickel_thermal as it's serializer returned null
[13Jul2026 19:42:45.232] [main/INFO] [net.minecraft.world.item.crafting.RecipeManager/]: Skipping loading recipe atmospheric:kousa_boards as it's serializer returned null
[13Jul2026 19:42:45.232] [main/INFO] [net.minecraft.world.item.crafting.RecipeManager/]: Skipping loading recipe wildberries:glow_berry_pie_craft as it's serializer returned null
[13Jul2026 19:42:45.236] [main/INFO] [net.minecraft.world.item.crafting.RecipeManager/]: Skipping loading recipe atmospheric:yucca_boards as it's serializer returned null
[13Jul2026 19:42:45.236] [main/INFO] [net.minecraft.world.item.crafting.RecipeManager/]: Skipping loading recipe delightful:knives/smelting/copper_immersiveengineering as it's serializer returned null
[13Jul2026 19:42:45.237] [main/INFO] [net.minecraft.world.item.crafting.RecipeManager/]: Skipping loading recipe atmospheric:morado_ladder as it's serializer returned null
[13Jul2026 19:42:45.237] [main/INFO] [net.minecraft.world.item.crafting.RecipeManager/]: Skipping loading recipe delightful:knives/allthemodium_knife as it's serializer returned null
[13Jul2026 19:42:45.241] [main/INFO] [net.minecraft.world.item.crafting.RecipeManager/]: Skipping loading recipe delightful:integration/ecologics/azalea_tea as it's serializer returned null
[13Jul2026 19:42:45.241] [main/INFO] [net.minecraft.world.item.crafting.RecipeManager/]: Skipping loading recipe atmospheric:aspen_beehive as it's serializer returned null
[13Jul2026 19:42:45.241] [main/INFO] [net.minecraft.world.item.crafting.RecipeManager/]: Skipping loading recipe delightful:food/smore as it's serializer returned null
[13Jul2026 19:42:45.242] [main/INFO] [net.minecraft.world.item.crafting.RecipeManager/]: Skipping loading recipe atmospheric:rosewood_boards as it's serializer returned null
[13Jul2026 19:42:45.243] [main/INFO] [net.minecraft.world.item.crafting.RecipeManager/]: Skipping loading recipe wildberries:blueberry_pie_from_slices as it's serializer returned null
[13Jul2026 19:42:45.244] [main/INFO] [net.minecraft.world.item.crafting.RecipeManager/]: Skipping loading recipe delightful:food/green_apple_pie_from_slices as it's serializer returned null
[13Jul2026 19:42:45.246] [main/INFO] [net.minecraft.world.item.crafting.RecipeManager/]: Skipping loading recipe atmospheric:kousa_trapped_chest as it's serializer returned null
[13Jul2026 19:42:45.255] [main/INFO] [net.minecraft.world.item.crafting.RecipeManager/]: Skipping loading recipe atmospheric:polished_dolerite_vertical_slab_revert as it's serializer returned null
[13Jul2026 19:42:45.256] [main/INFO] [net.minecraft.world.item.crafting.RecipeManager/]: Skipping loading recipe delightful:food/nut_butter_and_jelly_sandwich_from_bread_slice as it's serializer returned null
[13Jul2026 19:42:45.257] [main/INFO] [net.minecraft.world.item.crafting.RecipeManager/]: Skipping loading recipe delightful:knives/blasting/lead_thermal as it's serializer returned null
[13Jul2026 19:42:45.258] [main/INFO] [net.minecraft.world.item.crafting.RecipeManager/]: Skipping loading recipe delightful:knives/blasting/electrum_immersiveengineering as it's serializer returned null
[13Jul2026 19:42:45.258] [main/INFO] [net.minecraft.world.item.crafting.RecipeManager/]: Skipping loading recipe delightful:knives/sinisite_knife as it's serializer returned null
[13Jul2026 19:42:45.258] [main/INFO] [net.minecraft.world.item.crafting.RecipeManager/]: Skipping loading recipe atmospheric:morado_trapped_chest as it's serializer returned null
[13Jul2026 19:42:45.258] [main/INFO] [net.minecraft.world.item.crafting.RecipeManager/]: Skipping loading recipe byg:nightshade_berry_pie as it's serializer returned null
[13Jul2026 19:42:45.259] [main/INFO] [net.minecraft.world.item.crafting.RecipeManager/]: Skipping loading recipe atmospheric:morado_leaf_pile as it's serializer returned null
[13Jul2026 19:42:45.259] [main/INFO] [net.minecraft.world.item.crafting.RecipeManager/]: Skipping loading recipe delightful:food/cooking/coconut_curry as it's serializer returned null
[13Jul2026 19:42:45.260] [main/INFO] [net.minecraft.world.item.crafting.RecipeManager/]: Skipping loading recipe delightful:knives/lead_knife as it's serializer returned null
[13Jul2026 19:42:45.260] [main/INFO] [net.minecraft.world.item.crafting.RecipeManager/]: Skipping loading recipe delightful:knives/blasting/bronze_mekanism as it's serializer returned null
[13Jul2026 19:42:45.261] [main/INFO] [net.minecraft.world.item.crafting.RecipeManager/]: Skipping loading recipe delightful:knives/adamantium_knife as it's serializer returned null
[13Jul2026 19:42:45.261] [main/INFO] [net.minecraft.world.item.crafting.RecipeManager/]: Skipping loading recipe delightful:smelting/cooked_goat as it's serializer returned null
[13Jul2026 19:42:45.261] [main/INFO] [net.minecraft.world.item.crafting.RecipeManager/]: Skipping loading recipe ars_elemental:jeed/mana_shield as it's serializer returned null
[13Jul2026 19:42:45.262] [main/INFO] [net.minecraft.world.item.crafting.RecipeManager/]: Skipping loading recipe atmospheric:polished_dolerite_vertical_slab as it's serializer returned null
[13Jul2026 19:42:45.262] [main/INFO] [net.minecraft.world.item.crafting.RecipeManager/]: Skipping loading recipe delightful:integration/wildberries/unpack_blueberry_sack as it's serializer returned null
[13Jul2026 19:42:45.262] [main/INFO] [net.minecraft.world.item.crafting.RecipeManager/]: Skipping loading recipe wildberries:sweet_berry_pie_from_slices as it's serializer returned null
[13Jul2026 19:42:45.268] [main/INFO] [net.minecraft.world.item.crafting.RecipeManager/]: Skipping loading recipe delightful:knives/manasteel_knife as it's serializer returned null
[13Jul2026 19:42:45.268] [main/INFO] [net.minecraft.world.item.crafting.RecipeManager/]: Skipping loading recipe delightful:integration/rottenleather/chunk_nugget as it's serializer returned null
[13Jul2026 19:42:45.268] [main/INFO] [net.minecraft.world.item.crafting.RecipeManager/]: Skipping loading recipe delightful:knives/elementium_knife as it's serializer returned null
[13Jul2026 19:42:45.268] [main/INFO] [net.minecraft.world.item.crafting.RecipeManager/]: Skipping loading recipe delightful:knives/nickel_knife as it's serializer returned null
[13Jul2026 19:42:45.269] [main/INFO] [net.minecraft.world.item.crafting.RecipeManager/]: Skipping loading recipe delightful:knives/blasting/electrum_thermal as it's serializer returned null
[13Jul2026 19:42:45.270] [main/INFO] [net.minecraft.world.item.crafting.RecipeManager/]: Skipping loading recipe delightful:integration/byg/baobab_fruit_crate as it's serializer returned null
[13Jul2026 19:42:45.270] [main/INFO] [net.minecraft.world.item.crafting.RecipeManager/]: Skipping loading recipe delightful:knives/necronium_knife as it's serializer returned null
[13Jul2026 19:42:45.273] [main/INFO] [net.minecraft.world.item.crafting.RecipeManager/]: Skipping loading recipe wildberries:blueberry_pie as it's serializer returned null
[13Jul2026 19:42:45.274] [main/INFO] [net.minecraft.world.item.crafting.RecipeManager/]: Skipping loading recipe atmospheric:morado_chest as it's serializer returned null
[13Jul2026 19:42:45.276] [main/INFO] [net.minecraft.world.item.crafting.RecipeManager/]: Skipping loading recipe atmospheric:dragon_fruit_from_dragon_fruit_crate as it's serializer returned null
[13Jul2026 19:42:45.276] [main/INFO] [net.minecraft.world.item.crafting.RecipeManager/]: Skipping loading recipe delightful:knives/silver_knife as it's serializer returned null
[13Jul2026 19:42:45.276] [main/INFO] [net.minecraft.world.item.crafting.RecipeManager/]: Skipping loading recipe delightful:food/salmonberry_ice_cream as it's serializer returned null
[13Jul2026 19:42:45.277] [main/INFO] [net.minecraft.world.item.crafting.RecipeManager/]: Skipping loading recipe delightful:knives/smelting/silver_thermal as it's serializer returned null
[13Jul2026 19:42:45.277] [main/INFO] [net.minecraft.world.item.crafting.RecipeManager/]: Skipping loading recipe delightful:food/berry_matcha_latte_from_matcha_latte_neapolitan as it's serializer returned null
[13Jul2026 19:42:45.278] [main/INFO] [net.minecraft.world.item.crafting.RecipeManager/]: Skipping loading recipe byg:blueberry_pie_from_slices as it's serializer returned null
[13Jul2026 19:42:45.279] [main/INFO] [net.minecraft.world.item.crafting.RecipeManager/]: Skipping loading recipe delightful:knives/smelting/bone/bone_meal_from_smelting_helmet as it's serializer returned null
[13Jul2026 19:42:45.279] [main/INFO] [net.minecraft.world.item.crafting.RecipeManager/]: Skipping loading recipe atmospheric:dolerite_vertical_slab_from_dolerite_stonecutting as it's serializer returned null
[13Jul2026 19:42:45.280] [main/INFO] [net.minecraft.world.item.crafting.RecipeManager/]: Skipping loading recipe atmospheric:yucca_bookshelf as it's serializer returned null
[13Jul2026 19:42:45.280] [main/INFO] [net.minecraft.world.item.crafting.RecipeManager/]: Skipping loading recipe atmospheric:orange_crate as it's serializer returned null
[13Jul2026 19:42:45.281] [main/INFO] [net.minecraft.world.item.crafting.RecipeManager/]: Skipping loading recipe delightful:knives/cloggrum_knife as it's serializer returned null
[13Jul2026 19:42:45.281] [main/INFO] [net.minecraft.world.item.crafting.RecipeManager/]: Skipping loading recipe biomemakeover:glowshroom_stew as it's serializer returned null
[13Jul2026 19:42:45.282] [main/INFO] [net.minecraft.world.item.crafting.RecipeManager/]: Skipping loading recipe delightful:integration/byg/joshua_fruit_crate as it's serializer returned null
[13Jul2026 19:42:45.283] [main/INFO] [net.minecraft.world.item.crafting.RecipeManager/]: Skipping loading recipe delightful:knives/smithing/forgotten_knife as it's serializer returned null
[13Jul2026 19:42:45.283] [main/INFO] [net.minecraft.world.item.crafting.RecipeManager/]: Skipping loading recipe delightful:knives/smelting/bone/knife_minecraft as it's serializer returned null
[13Jul2026 19:42:45.283] [main/INFO] [net.minecraft.world.item.crafting.RecipeManager/]: Skipping loading recipe byg:crimson_berry_pie as it's serializer returned null
[13Jul2026 19:42:45.283] [main/INFO] [net.minecraft.world.item.crafting.RecipeManager/]: Skipping loading recipe delightful:food/cheeseburger_from_bun as it's serializer returned null
[13Jul2026 19:42:45.289] [main/INFO] [net.minecraft.world.item.crafting.RecipeManager/]: Skipping loading recipe atmospheric:large_grimwood_boat as it's serializer returned null
[13Jul2026 19:42:45.289] [main/INFO] [net.minecraft.world.item.crafting.RecipeManager/]: Skipping loading recipe atmospheric:aspen_boards as it's serializer returned null
[13Jul2026 19:42:45.290] [main/INFO] [net.minecraft.world.item.crafting.RecipeManager/]: Skipping loading recipe delightful:integration/byg/green_apple_crate as it's serializer returned null
[13Jul2026 19:42:45.291] [main/INFO] [net.minecraft.world.item.crafting.RecipeManager/]: Skipping loading recipe atmospheric:currant_crate as it's serializer returned null
[13Jul2026 19:42:45.293] [main/INFO] [net.minecraft.world.item.crafting.RecipeManager/]: Skipping loading recipe delightful:integration/byg/unpack_nightshade_berry_sack as it's serializer returned null
[13Jul2026 19:42:45.293] [main/INFO] [net.minecraft.world.item.crafting.RecipeManager/]: Skipping loading recipe twilightforest:jeed/regeneration as it's serializer returned null
[13Jul2026 19:42:45.294] [main/INFO] [net.minecraft.world.item.crafting.RecipeManager/]: Skipping loading recipe atmospheric:currant_leaf_pile as it's serializer returned null
[13Jul2026 19:42:45.295] [main/INFO] [net.minecraft.world.item.crafting.RecipeManager/]: Skipping loading recipe delightful:knives/smelting/emerald_emeraldequipment as it's serializer returned null
[13Jul2026 19:42:45.295] [main/INFO] [net.minecraft.world.item.crafting.RecipeManager/]: Skipping loading recipe atmospheric:carmine_pavement_vertical_slab_from_carmine_pavement_stonecutting as it's serializer returned null
[13Jul2026 19:42:45.295] [main/INFO] [net.minecraft.world.item.crafting.RecipeManager/]: Skipping loading recipe twilightforest:jeed/slowness as it's serializer returned null
[13Jul2026 19:42:45.295] [main/INFO] [net.minecraft.world.item.crafting.RecipeManager/]: Skipping loading recipe delightful:knives/zinc_knife as it's serializer returned null
[13Jul2026 19:42:45.296] [main/INFO] [net.minecraft.world.item.crafting.RecipeManager/]: Skipping loading recipe atmospheric:laurel_leaves_from_laurel_leaf_pile as it's serializer returned null
[13Jul2026 19:42:45.296] [main/INFO] [net.minecraft.world.item.crafting.RecipeManager/]: Skipping loading recipe delightful:food/crab_rangoon_from_milk as it's serializer returned null
[13Jul2026 19:42:45.296] [main/INFO] [net.minecraft.world.item.crafting.RecipeManager/]: Skipping loading recipe delightful:knives/refined_obsidian_knife as it's serializer returned null
[13Jul2026 19:42:45.297] [main/INFO] [net.minecraft.world.item.crafting.RecipeManager/]: Skipping loading recipe delightful:knives/blasting/bone/bone_meal_from_blasting_boots as it's serializer returned null
[13Jul2026 19:42:45.297] [main/INFO] [net.minecraft.world.item.crafting.RecipeManager/]: Skipping loading recipe delightful:mixing/salmonberry_gummy as it's serializer returned null
[13Jul2026 19:42:45.302] [main/INFO] [net.minecraft.world.item.crafting.RecipeManager/]: Skipping loading recipe delightful:knives/blasting/steel_mekanism as it's serializer returned null
[13Jul2026 19:42:45.303] [main/INFO] [net.minecraft.world.item.crafting.RecipeManager/]: Skipping loading recipe delightful:integration/wildberries/blueberry_sack as it's serializer returned null
[13Jul2026 19:42:45.303] [main/INFO] [net.minecraft.world.item.crafting.RecipeManager/]: Skipping loading recipe delightful:knives/smithing/gilded_netherite_knife as it's serializer returned null
[13Jul2026 19:42:45.304] [main/INFO] [net.minecraft.world.item.crafting.RecipeManager/]: Skipping loading recipe delightful:integration/biomesoplenty/huge_clover_petal as it's serializer returned null
[13Jul2026 19:42:45.304] [main/INFO] [net.minecraft.world.item.crafting.RecipeManager/]: Skipping loading recipe delightful:food/kettle/lavender_tea as it's serializer returned null
[13Jul2026 19:42:45.304] [main/INFO] [net.minecraft.world.item.crafting.RecipeManager/]: Skipping loading recipe delightful:knives/smelting/diamond_diamond_nuggets as it's serializer returned null
[13Jul2026 19:42:45.305] [main/INFO] [net.minecraft.world.item.crafting.RecipeManager/]: Skipping loading recipe twilightforest:jeed/fire_resistance as it's serializer returned null
[13Jul2026 19:42:45.305] [main/INFO] [net.minecraft.world.item.crafting.RecipeManager/]: Skipping loading recipe delightful:knives/smelting/bone/bone_meal_from_smelting_sword as it's serializer returned null
[13Jul2026 19:42:45.305] [main/INFO] [net.minecraft.world.item.crafting.RecipeManager/]: Skipping loading recipe atmospheric:yucca_leaf_pile as it's serializer returned null
[13Jul2026 19:42:45.306] [main/INFO] [net.minecraft.world.item.crafting.RecipeManager/]: Skipping loading recipe delightful:knives/blasting/copper_immersiveengineering as it's serializer returned null
[13Jul2026 19:42:45.306] [main/INFO] [net.minecraft.world.item.crafting.RecipeManager/]: Skipping loading recipe atmospheric:morado_bookshelf as it's serializer returned null
[13Jul2026 19:42:45.319] [main/INFO] [net.minecraft.world.item.crafting.RecipeManager/]: Loaded 53 recipes
[13Jul2026 19:42:45.326] [main/WARN] [com.recipeessentials.RecipeEssentials/]: Recipe without matching ID:apotheosis:potion_charm_enchanting
[13Jul2026 19:42:45.334] [main/WARN] [com.recipeessentials.RecipeEssentials/]: Recipe without matching ID:ars_nouveau:mirror_shield_3
[13Jul2026 19:42:45.334] [main/WARN] [com.recipeessentials.RecipeEssentials/]: Recipe without matching ID:ars_nouveau:mirror_shield_2
[13Jul2026 19:42:45.334] [main/WARN] [com.recipeessentials.RecipeEssentials/]: Recipe without matching ID:ars_nouveau:mirror_shield_1
[13Jul2026 19:42:45.334] [main/WARN] [com.recipeessentials.RecipeEssentials/]: Recipe without matching ID:ars_nouveau:soulbound_1
[13Jul2026 19:42:45.348] [main/INFO] [com.teampotato.redirector.Redirector/]: Redirecting com/teamabnormals/blueprint/core/util/modification/selection/ResourceSelectorSerializers
[13Jul2026 19:42:45.352] [main/INFO] [com.teamabnormals.blueprint.core.Blueprint/]: Loot Modification Manager has loaded 6 modifier groups
[13Jul2026 19:42:45.372] [main/INFO] [com.teampotato.redirector.Redirector/]: Redirecting net/minecraft/world/level/storage/loot/functions/CopyNbtFunction$MergeStrategy
[13Jul2026 19:42:45.475] [main/ERROR] [Apotheosis : Adventure/]: Use of the "rarity" key in affix loot pool entries is deprecated and will be removed in a future release.
[13Jul2026 19:42:45.784] [main/ERROR] [net.minecraft.world.level.storage.loot.LootTables/]: Couldn't parse loot table treasure:chests/artifacts_loot: com.google.gson.JsonSyntaxException: Expected name to be an item, was unknown string 'cisco_mod:ancient_chestplate_tablet'
[13Jul2026 19:42:46.083] [main/INFO] [com.teampotato.redirector.Redirector/]: Redirecting com/legacy/blue_skies/items/util/IRarityItem$SkiesRarity
[13Jul2026 19:42:46.156] [main/ERROR] [net.minecraft.world.level.storage.loot.LootTables/]: Couldn't parse loot table bygonenether:blocks/withered_blackstone_vertical_slab: java.lang.IllegalArgumentException: Can't find block bygonenether:withered_blackstone_vertical_slab
[13Jul2026 19:42:46.281] [main/ERROR] [net.minecraft.world.level.storage.loot.LootTables/]: Couldn't parse loot table bygonenether:blocks/cracked_withered_blackstone_vertical_slab: com.google.gson.JsonSyntaxException: Expected name to be an item, was unknown string 'bygonenether:cracked_withered_blackstone_vertical_slab'
[13Jul2026 19:42:46.591] [main/ERROR] [Apotheosis : Adventure/]: Use of the "rarity" key in affix loot pool entries is deprecated and will be removed in a future release.
[13Jul2026 19:42:46.592] [main/ERROR] [Apotheosis : Adventure/]: Use of the "rarity" key in affix loot pool entries is deprecated and will be removed in a future release.
[13Jul2026 19:42:46.711] [main/ERROR] [net.minecraft.world.level.storage.loot.LootTables/]: Couldn't parse loot table iter_rpg:gameplay/geode_endstone: com.google.gson.JsonSyntaxException: Expected name to be an item, was unknown string 'iter_rpg:voidquartz_shard'
[13Jul2026 19:42:47.165] [main/ERROR] [net.minecraft.world.level.storage.loot.LootTables/]: Couldn't parse loot table iter_rpg:gameplay/geode_deepslate: com.google.gson.JsonSyntaxException: Expected name to be an item, was unknown string 'iter_rpg:ametrine_shard'
[13Jul2026 19:42:47.319] [main/ERROR] [net.minecraft.world.level.storage.loot.LootTables/]: Couldn't parse loot table bygonenether:blocks/warped_nether_brick_vertical_slab: java.lang.IllegalArgumentException: Can't find block bygonenether:warped_nether_brick_vertical_slab
[13Jul2026 19:42:47.437] [main/WARN] [net.minecraft.world.level.storage.loot.LootTables/]: Found validation problem in {iter_rpg:entities/weeper}.pools[1].entries[1].functions[1]: Parameters [<parameter minecraft:tool>] are not provided in this context
[13Jul2026 19:42:47.437] [main/WARN] [net.minecraft.world.level.storage.loot.LootTables/]: Found validation problem in {iter_rpg:entities/fire_elemental}.pools[1].entries[0].functions[1]: Parameters [<parameter minecraft:tool>] are not provided in this context
[13Jul2026 19:42:47.437] [main/WARN] [net.minecraft.world.level.storage.loot.LootTables/]: Found validation problem in {iter_rpg:entities/griever}.pools[0].entries[0].functions[1]: Parameters [<parameter minecraft:tool>] are not provided in this context
[13Jul2026 19:42:47.437] [main/WARN] [net.minecraft.world.level.storage.loot.LootTables/]: Found validation problem in {iter_rpg:entities/sorrowsealed}.pools[1].entries[0].functions[1]: Parameters [<parameter minecraft:tool>] are not provided in this context
[13Jul2026 19:42:47.437] [main/WARN] [net.minecraft.world.level.storage.loot.LootTables/]: Found validation problem in {iter_rpg:entities/mournstone}.pools[0].entries[0].functions[1]: Parameters [<parameter minecraft:tool>] are not provided in this context
[13Jul2026 19:42:47.437] [main/WARN] [net.minecraft.world.level.storage.loot.LootTables/]: Found validation problem in {iter_rpg:entities/water_elemental}.pools[1].entries[0].functions[1]: Parameters [<parameter minecraft:tool>] are not provided in this context
[13Jul2026 19:42:47.437] [main/WARN] [net.minecraft.world.level.storage.loot.LootTables/]: Found validation problem in {iter_rpg:entities/sorrowsealed}.pools[0].entries[0].functions[1]: Parameters [<parameter minecraft:tool>] are not provided in this context
[13Jul2026 19:42:47.437] [main/WARN] [net.minecraft.world.level.storage.loot.LootTables/]: Found validation problem in {sons_of_sins:entities/prowler}.pools[0].entries[0].functions[1]: Parameters [<parameter minecraft:tool>] are not provided in this context
[13Jul2026 19:42:47.437] [main/WARN] [net.minecraft.world.level.storage.loot.LootTables/]: Found validation problem in {iter_rpg:entities/giant_spider}.pools[0].entries[2].functions[1]: Parameters [<parameter minecraft:tool>] are not provided in this context
[13Jul2026 19:42:47.437] [main/WARN] [net.minecraft.world.level.storage.loot.LootTables/]: Found validation problem in {sons_of_sins:entities/butcher}.pools[0].entries[0].functions[1]: Parameters [<parameter minecraft:tool>] are not provided in this context
[13Jul2026 19:42:47.437] [main/WARN] [net.minecraft.world.level.storage.loot.LootTables/]: Found validation problem in {iter_rpg:entities/griever}.pools[1].entries[1].functions[1]: Parameters [<parameter minecraft:tool>] are not provided in this context
[13Jul2026 19:42:47.437] [main/WARN] [net.minecraft.world.level.storage.loot.LootTables/]: Found validation problem in {iter_rpg:entities/weeper}.pools[0].entries[0].functions[1]: Parameters [<parameter minecraft:tool>] are not provided in this context
[13Jul2026 19:42:47.437] [main/WARN] [net.minecraft.world.level.storage.loot.LootTables/]: Found validation problem in {iter_rpg:entities/mournstone}.pools[1].entries[0].functions[1]: Parameters [<parameter minecraft:tool>] are not provided in this context
[13Jul2026 19:42:47.437] [main/WARN] [net.minecraft.world.level.storage.loot.LootTables/]: Found validation problem in {sons_of_sins:entities/walking_bed}.pools[0].entries[0].functions[1]: Parameters [<parameter minecraft:tool>] are not provided in this context
[13Jul2026 19:42:47.437] [main/WARN] [net.minecraft.world.level.storage.loot.LootTables/]: Found validation problem in {iter_rpg:entities/giant_spider}.pools[0].entries[1].functions[1]: Parameters [<parameter minecraft:tool>] are not provided in this context
[13Jul2026 19:42:47.437] [main/WARN] [net.minecraft.world.level.storage.loot.LootTables/]: Found validation problem in {iter_rpg:entities/griever}.pools[0].entries[1].functions[1]: Parameters [<parameter minecraft:tool>] are not provided in this context
[13Jul2026 19:42:47.437] [main/WARN] [net.minecraft.world.level.storage.loot.LootTables/]: Found validation problem in {iter_rpg:entities/griever}.pools[1].entries[0].functions[1]: Parameters [<parameter minecraft:tool>] are not provided in this context
[13Jul2026 19:42:47.438] [main/WARN] [net.minecraft.world.level.storage.loot.LootTables/]: Found validation problem in {iter_rpg:entities/mournstone}.pools[1].entries[1].functions[1]: Parameters [<parameter minecraft:tool>] are not provided in this context
[13Jul2026 19:42:47.438] [main/WARN] [net.minecraft.world.level.storage.loot.LootTables/]: Found validation problem in {iter_rpg:entities/weeper}.pools[1].entries[0].functions[1]: Parameters [<parameter minecraft:tool>] are not provided in this context
[13Jul2026 19:42:47.438] [main/WARN] [net.minecraft.world.level.storage.loot.LootTables/]: Found validation problem in {iter_rpg:entities/earth_elemental}.pools[1].entries[0].functions[1]: Parameters [<parameter minecraft:tool>] are not provided in this context
[13Jul2026 19:42:47.438] [main/WARN] [net.minecraft.world.level.storage.loot.LootTables/]: Found validation problem in {iter_rpg:entities/void_elemental}.pools[0].entries[0].functions[1]: Parameters [<parameter minecraft:tool>] are not provided in this context
[13Jul2026 19:42:47.438] [main/WARN] [net.minecraft.world.level.storage.loot.LootTables/]: Found validation problem in {sons_of_sins:entities/blud}.pools[0].entries[0].functions[1]: Parameters [<parameter minecraft:tool>] are not provided in this context
[13Jul2026 19:42:47.439] [main/INFO] [placebo/]: Registered 31 additional loot tables.
[13Jul2026 19:42:47.454] [main/INFO] [com.teamabnormals.blueprint.core.Blueprint/]: Skipped modifier named 'savage_and_ravage:adventure/voluntary_exile' as its conditions were not met
[13Jul2026 19:42:47.454] [main/INFO] [com.teamabnormals.blueprint.core.Blueprint/]: Skipped modifier named 'savage_and_ravage:adventure/voluntary_exile' as its conditions were not met
[13Jul2026 19:42:47.457] [main/INFO] [com.teamabnormals.blueprint.core.Blueprint/]: Advancement Modification Manager has loaded 11 modifier groups
[13Jul2026 19:42:47.461] [main/ERROR] [net.minecraft.tags.TagLoader/]: Couldn't load tag [minotaur:tick (from collection-of-singiro-1.19.x-1.1.4.jar)] as it is missing following references: minotaur:tick (from collection-of-singiro-1.19.x-1.1.4.jar)
[13Jul2026 19:42:47.461] [main/ERROR] [net.minecraft.tags.TagLoader/]: Couldn't load tag [minotaur:load (from collection-of-singiro-1.19.x-1.1.4.jar)] as it is missing following references: minotaur:load (from collection-of-singiro-1.19.x-1.1.4.jar)
[13Jul2026 19:42:47.473] [main/ERROR] [net.minecraft.server.ServerAdvancementManager/]: Parsing error loading custom advancement delightful:recipes/cutting/cactus: Missing advancement, expected to find a JsonObject
[13Jul2026 19:42:47.491] [main/ERROR] [net.minecraft.server.ServerAdvancementManager/]: Parsing error loading custom advancement delightful:recipes/cutting/salmonberry_pie: Missing advancement, expected to find a JsonObject
[13Jul2026 19:42:47.517] [main/ERROR] [net.minecraft.server.ServerAdvancementManager/]: Parsing error loading custom advancement majruszsdifficulty:recipes/misc/enderium_upgrade_smithing_template: Unknown item id 'majruszsdifficulty:enderium_upgrade_smithing_template'
[13Jul2026 19:42:47.575] [main/ERROR] [net.minecraft.server.ServerAdvancementManager/]: Parsing error loading custom advancement delightful:recipes/cutting/cantaloupe: Missing advancement, expected to find a JsonObject
[13Jul2026 19:42:47.600] [main/ERROR] [net.minecraft.server.ServerAdvancementManager/]: Parsing error loading custom advancement delightful:recipes/cutting/mini_melon: Missing advancement, expected to find a JsonObject
[13Jul2026 19:42:47.624] [main/ERROR] [net.minecraft.server.ServerAdvancementManager/]: Parsing error loading custom advancement delightful:recipes/cutting/pumpkin_pie: Missing advancement, expected to find a JsonObject
[13Jul2026 19:42:47.646] [main/ERROR] [net.minecraft.server.ServerAdvancementManager/]: Parsing error loading custom advancement iter_rpg:iter_get_ametrine: Expected item to be an item, was unknown string 'iter_rpg:deleted_mod_element'
[13Jul2026 19:42:47.647] [main/ERROR] [net.minecraft.server.ServerAdvancementManager/]: Parsing error loading custom advancement delightful:recipes/cutting/source_berry_pie: Missing advancement, expected to find a JsonObject
[13Jul2026 19:42:47.683] [main/ERROR] [net.minecraft.server.ServerAdvancementManager/]: Parsing error loading custom advancement minecraft:adventure/craft_decorated_pot_using_only_sherds: Invalid criterion trigger: minecraft:recipe_crafted
[13Jul2026 19:42:47.695] [main/ERROR] [net.minecraft.server.ServerAdvancementManager/]: Parsing error loading custom advancement iter_rpg:iter_get_voidquartz: Expected item to be an item, was unknown string 'iter_rpg:deleted_mod_element'
[13Jul2026 19:42:47.741] [main/ERROR] [net.minecraft.advancements.AdvancementList/]: Couldn't load advancement undead_unleashed:it_burns: Task Advancement{parentId=undead_unleashed:deleted_mod_element, display=net.minecraft.advancements.DisplayInfo@77fb635e, rewards=AdvancementRewards{experience=0, loot=[], recipes=[], function=net.minecraft.commands.CommandFunction$CacheableFunction@2f1b136c}, criteria={it_burns=net.minecraft.advancements.Criterion@7fa375da}, requirements=[[it_burns]]}
[13Jul2026 19:42:47.741] [main/ERROR] [net.minecraft.advancements.AdvancementList/]: Couldn't load advancement iter_rpg:oblivion: Task Advancement{parentId=iter_rpg:infernal, display=net.minecraft.advancements.DisplayInfo@4319b4b, rewards=AdvancementRewards{experience=0, loot=[], recipes=[], function=net.minecraft.commands.CommandFunction$CacheableFunction@2f1b136c}, criteria={oblivion=net.minecraft.advancements.Criterion@60d833b2}, requirements=[[oblivion]]}
[13Jul2026 19:42:47.741] [main/ERROR] [net.minecraft.advancements.AdvancementList/]: Couldn't load advancement iter_rpg:windswept: Task Advancement{parentId=iter_rpg:seabound, display=net.minecraft.advancements.DisplayInfo@270cc5b8, rewards=AdvancementRewards{experience=0, loot=[], recipes=[], function=net.minecraft.commands.CommandFunction$CacheableFunction@2f1b136c}, criteria={windswept=net.minecraft.advancements.Criterion@6682748}, requirements=[[windswept]]}
[13Jul2026 19:42:47.741] [main/ERROR] [net.minecraft.advancements.AdvancementList/]: Couldn't load advancement iter_rpg:infernal: Task Advancement{parentId=iter_rpg:windswept, display=net.minecraft.advancements.DisplayInfo@3c262812, rewards=AdvancementRewards{experience=0, loot=[], recipes=[], function=net.minecraft.commands.CommandFunction$CacheableFunction@2f1b136c}, criteria={infernal=net.minecraft.advancements.Criterion@7b331ab9}, requirements=[[infernal]]}
[13Jul2026 19:42:47.741] [main/ERROR] [net.minecraft.advancements.AdvancementList/]: Couldn't load advancement iter_rpg:elemental: Task Advancement{parentId=iter_rpg:oblivion, display=net.minecraft.advancements.DisplayInfo@6b5f2441, rewards=AdvancementRewards{experience=16, loot=[], recipes=[], function=net.minecraft.commands.CommandFunction$CacheableFunction@2f1b136c}, criteria={elemental=net.minecraft.advancements.Criterion@85a1d41}, requirements=[[elemental]]}
[13Jul2026 19:42:47.741] [main/ERROR] [net.minecraft.advancements.AdvancementList/]: Couldn't load advancement iter_rpg:iter_get_ametrine_ingot: Task Advancement{parentId=iter_rpg:iter_get_ametrine, display=net.minecraft.advancements.DisplayInfo@4c72f4f7, rewards=AdvancementRewards{experience=0, loot=[], recipes=[], function=net.minecraft.commands.CommandFunction$CacheableFunction@2f1b136c}, criteria={iter_get_ametrine_ingot=net.minecraft.advancements.Criterion@149a482d}, requirements=[[iter_get_ametrine_ingot]]}
[13Jul2026 19:42:47.741] [main/ERROR] [net.minecraft.advancements.AdvancementList/]: Couldn't load advancement iter_rpg:seabound: Task Advancement{parentId=iter_rpg:druid, display=net.minecraft.advancements.DisplayInfo@2ef39b6e, rewards=AdvancementRewards{experience=0, loot=[], recipes=[], function=net.minecraft.commands.CommandFunction$CacheableFunction@2f1b136c}, criteria={seabound=net.minecraft.advancements.Criterion@686e65bd}, requirements=[[seabound]]}
[13Jul2026 19:42:47.741] [main/ERROR] [net.minecraft.advancements.AdvancementList/]: Couldn't load advancement iter_rpg:druid: Task Advancement{parentId=iter_rpg:iter_get_ametrine_ingot, display=net.minecraft.advancements.DisplayInfo@97026a7, rewards=AdvancementRewards{experience=0, loot=[], recipes=[], function=net.minecraft.commands.CommandFunction$CacheableFunction@2f1b136c}, criteria={druid=net.minecraft.advancements.Criterion@1228f9b9}, requirements=[[druid]]}
[13Jul2026 19:42:47.778] [main/INFO] [net.minecraft.advancements.AdvancementList/]: Loaded 6021 advancements
[13Jul2026 19:42:47.797] [main/INFO] [placebo/]: Registered 27 additional recipes.
[13Jul2026 19:42:47.828] [main/INFO] [daripher.autoleveling.data.DimensionsLevelingSettingsReloader/]: Loading leveling settings minecraft:overworld
[13Jul2026 19:42:47.829] [main/INFO] [daripher.autoleveling.data.DimensionsLevelingSettingsReloader/]: Loading leveling settings minecraft:the_end
[13Jul2026 19:42:47.829] [main/INFO] [daripher.autoleveling.data.DimensionsLevelingSettingsReloader/]: Loading leveling settings aether:the_aether
[13Jul2026 19:42:47.829] [main/INFO] [daripher.autoleveling.data.DimensionsLevelingSettingsReloader/]: Loading leveling settings minecraft:the_nether
[13Jul2026 19:42:47.830] [main/INFO] [daripher.autoleveling.data.EntitiesLevelingSettingsReloader/]: Loading leveling settings bosses_of_mass_destruction:gauntlet
[13Jul2026 19:42:47.830] [main/INFO] [daripher.autoleveling.data.EntitiesLevelingSettingsReloader/]: Loading leveling settings alexsmobs:warped_mosco
[13Jul2026 19:42:47.830] [main/INFO] [daripher.autoleveling.data.EntitiesLevelingSettingsReloader/]: Loading leveling settings cataclysm:netherite_monstrosity
[13Jul2026 19:42:47.830] [main/INFO] [daripher.autoleveling.data.EntitiesLevelingSettingsReloader/]: Loading leveling settings cataclysm:the_leviathan
[13Jul2026 19:42:47.831] [main/INFO] [daripher.autoleveling.data.EntitiesLevelingSettingsReloader/]: Loading leveling settings mowziesmobs:ferrous_wroughtnaut
[13Jul2026 19:42:47.831] [main/INFO] [daripher.autoleveling.data.EntitiesLevelingSettingsReloader/]: Loading leveling settings minecraft:elder_guardian
[13Jul2026 19:42:47.831] [main/INFO] [daripher.autoleveling.data.EntitiesLevelingSettingsReloader/]: Loading leveling settings blue_skies:starlit_crusher
[13Jul2026 19:42:47.831] [main/INFO] [daripher.autoleveling.data.EntitiesLevelingSettingsReloader/]: Loading leveling settings meetyourfight:dame_fortuna
[13Jul2026 19:42:47.831] [main/INFO] [daripher.autoleveling.data.EntitiesLevelingSettingsReloader/]: Loading leveling settings alexsmobs:void_worm
[13Jul2026 19:42:47.831] [main/INFO] [daripher.autoleveling.data.EntitiesLevelingSettingsReloader/]: Loading leveling settings blue_skies:arachnarch
[13Jul2026 19:42:47.831] [main/INFO] [daripher.autoleveling.data.EntitiesLevelingSettingsReloader/]: Loading leveling settings knightquest:netherman
[13Jul2026 19:42:47.831] [main/INFO] [daripher.autoleveling.data.EntitiesLevelingSettingsReloader/]: Loading leveling settings bosses_of_mass_destruction:lich
[13Jul2026 19:42:47.831] [main/INFO] [daripher.autoleveling.data.EntitiesLevelingSettingsReloader/]: Loading leveling settings cataclysm:ancient_remnant
[13Jul2026 19:42:47.831] [main/INFO] [daripher.autoleveling.data.EntitiesLevelingSettingsReloader/]: Loading leveling settings cataclysm:ignis
[13Jul2026 19:42:47.831] [main/INFO] [daripher.autoleveling.data.EntitiesLevelingSettingsReloader/]: Loading leveling settings cisco_mod:cisco
[13Jul2026 19:42:47.831] [main/INFO] [daripher.autoleveling.data.EntitiesLevelingSettingsReloader/]: Loading leveling settings bosses_of_mass_destruction:obsidilith
[13Jul2026 19:42:47.831] [main/INFO] [daripher.autoleveling.data.EntitiesLevelingSettingsReloader/]: Loading leveling settings mowziesmobs:umvuthi
[13Jul2026 19:42:47.831] [main/INFO] [daripher.autoleveling.data.EntitiesLevelingSettingsReloader/]: Loading leveling settings meetyourfight:rosalyne
[13Jul2026 19:42:47.831] [main/INFO] [daripher.autoleveling.data.EntitiesLevelingSettingsReloader/]: Loading leveling settings bosses_of_mass_destruction:void_blossom
[13Jul2026 19:42:47.831] [main/INFO] [daripher.autoleveling.data.EntitiesLevelingSettingsReloader/]: Loading leveling settings cataclysm:the_harbinger
[13Jul2026 19:42:47.831] [main/INFO] [daripher.autoleveling.data.EntitiesLevelingSettingsReloader/]: Loading leveling settings cataclysm:ender_guardian
[13Jul2026 19:42:47.831] [main/INFO] [daripher.autoleveling.data.EntitiesLevelingSettingsReloader/]: Loading leveling settings iter_rpg:sorrowsealed
[13Jul2026 19:42:47.831] [main/INFO] [daripher.autoleveling.data.EntitiesLevelingSettingsReloader/]: Loading leveling settings cataclysm:maledictus
[13Jul2026 19:42:47.831] [main/INFO] [daripher.autoleveling.data.EntitiesLevelingSettingsReloader/]: Loading leveling settings minecraft:warden
[13Jul2026 19:42:47.831] [main/INFO] [daripher.autoleveling.data.EntitiesLevelingSettingsReloader/]: Loading leveling settings minecraft:ender_dragon
[13Jul2026 19:42:47.831] [main/INFO] [daripher.autoleveling.data.EntitiesLevelingSettingsReloader/]: Loading leveling settings mowziesmobs:frostmaw
[13Jul2026 19:42:47.831] [main/INFO] [daripher.autoleveling.data.EntitiesLevelingSettingsReloader/]: Loading leveling settings minecraft:wither
[13Jul2026 19:42:47.831] [main/INFO] [daripher.autoleveling.data.EntitiesLevelingSettingsReloader/]: Loading leveling settings aquamirae:captain_cornelia
[13Jul2026 19:42:47.831] [main/INFO] [daripher.autoleveling.data.EntitiesLevelingSettingsReloader/]: Loading leveling settings iter_rpg:insatiable
[13Jul2026 19:42:47.831] [main/INFO] [daripher.autoleveling.data.EntitiesLevelingSettingsReloader/]: Loading leveling settings meetyourfight:bellringer
[13Jul2026 19:42:47.831] [main/INFO] [daripher.autoleveling.data.EntitiesLevelingSettingsReloader/]: Loading leveling settings irons_spellbooks:dead_king
[13Jul2026 19:42:47.831] [main/INFO] [daripher.autoleveling.data.EntitiesLevelingSettingsReloader/]: Loading leveling settings meetyourfight:swampjaw
[13Jul2026 19:42:47.832] [main/INFO] [daripher.autoleveling.data.EntitiesLevelingSettingsReloader/]: Loading leveling settings cisco_mod:fellkingboss
[13Jul2026 19:42:47.836] [main/INFO] [com.teampotato.redirector.Redirector/]: Redirecting com/telepathicgrunt/repurposedstructures/misc/maptrades/WanderingTraderMapObj$TRADE_TYPE
[13Jul2026 19:42:47.870] [main/WARN] [net.minecraftforge.common.loot.LootModifierManager/]: Could not decode GlobalLootModifier with json id bygonenether:soul_stone_from_block - error: Unknown registry key in ResourceKey[minecraft:root / forge:global_loot_modifier_serializers]: bygonenether:replace_item
[13Jul2026 19:42:47.870] [main/WARN] [net.minecraftforge.common.loot.LootModifierManager/]: Could not decode GlobalLootModifier with json id bygonenether:soul_stone_in_catacombs - error: Unknown registry key in ResourceKey[minecraft:root / forge:global_loot_modifier_serializers]: bygonenether:replace_item
[13Jul2026 19:42:48.312] [main/WARN] [io.github.apace100.apoli.Apoli/]: Power "medievalorigins:knight/skilled_swordsman_dungeons_gear" will only be partially loaded: At Ingredient: Unknown item 'dungeons_gear:rapier', At ResourceLocation: JsonObject; At Ingredient: Unknown item 'dungeons_gear:frost_slayer', At ResourceLocation: JsonObject; At Ingredient: Unknown item 'dungeons_gear:heartstealer', At ResourceLocation: JsonObject; At Ingredient: Unknown item 'dungeons_gear:broadsword', At ResourceLocation: JsonObject; At Ingredient: Unknown item 'dungeons_gear:claymore', At ResourceLocation: JsonObject; At Ingredient: Unknown item 'dungeons_gear:truthseeker', At ResourceLocation: JsonObject; At Ingredient: Unknown item 'dungeons_gear:masters_katana', At ResourceLocation: JsonObject; At Ingredient: Unknown item 'dungeons_gear:dark_katana', At ResourceLocation: JsonObject; At Ingredient: Unknown item 'dungeons_gear:katana', At ResourceLocation: JsonObject; At Ingredient: Unknown item 'dungeons_gear:sinister_sword', At ResourceLocation: JsonObject; At Ingredient: Unknown item 'dungeons_gear:hawkbrand', At ResourceLocation: JsonObject; At Ingredient: Unknown item 'dungeons_gear:diamond_sword', At ResourceLocation: JsonObject; At Ingredient: Unknown item 'dungeons_gear:gold_sword', At ResourceLocation: JsonObject; At Ingredient: Unknown item 'dungeons_gear:stone_sword', At ResourceLocation: JsonObject; At Ingredient: Unknown item 'dungeons_gear:sword', At ResourceLocation: JsonObject; At Ingredient: Unknown item 'dungeons_gear:nameless_blade', At ResourceLocation: JsonObject; At Ingredient: Unknown item 'dungeons_gear:cutlass', At ResourceLocation: JsonObject; At Ingredient: Unknown item 'dungeons_gear:freezing_foil', At ResourceLocation: JsonObject; At Ingredient: Unknown item 'dungeons_gear:bee_stinger', At ResourceLocation: JsonObject; At Ingredient: Unknown item 'dungeons_gear:rapier', At ResourceLocation: JsonObject, At ResourceLocation: JsonObject
[13Jul2026 19:42:48.316] [main/WARN] [io.github.apace100.apoli.Apoli/]: Power "strictly:durendal" will only be partially loaded: At Item: Identifier "pmmo_xp_bottles:combat" was not registered in registry "minecraft:item"., At ResourceLocation: JsonObject, At ResourceLocation: JsonObject
[13Jul2026 19:42:48.327] [main/WARN] [io.github.apace100.apoli.Apoli/]: Power "arkwys:demon/cursed_armor_biomemakeover" will only be partially loaded: At Enchantment: Identifier "biomemakeover:buckling_curse" was not registered in registry "minecraft:enchantment"., At ResourceLocation: JsonObject; At Enchantment: Identifier "biomemakeover:inaccuracy_curse" was not registered in registry "minecraft:enchantment"., At ResourceLocation: JsonObject; At Enchantment: Identifier "biomemakeover:unwieldiness_curse" was not registered in registry "minecraft:enchantment"., At ResourceLocation: JsonObject; At Enchantment: Identifier "biomemakeover:suffocation_curse" was not registered in registry "minecraft:enchantment"., At ResourceLocation: JsonObject; At Enchantment: Identifier "biomemakeover:flammability_curse" was not registered in registry "minecraft:enchantment"., At ResourceLocation: JsonObject; At Enchantment: Identifier "biomemakeover:depth_curse" was not registered in registry "minecraft:enchantment"., At ResourceLocation: JsonObject; At Enchantment: Identifier "biomemakeover:enfeeblement_curse" was not registered in registry "minecraft:enchantment"., At ResourceLocation: JsonObject; At Enchantment: Identifier "biomemakeover:conductivity_curse" was not registered in registry "minecraft:enchantment"., At ResourceLocation: JsonObject; At Enchantment: Identifier "biomemakeover:insomnia_curse" was not registered in registry "minecraft:enchantment"., At ResourceLocation: JsonObject; At Enchantment: Identifier "biomemakeover:decay_curse" was not registered in registry "minecraft:enchantment"., At ResourceLocation: JsonObject, At ResourceLocation: JsonObject; At Enchantment: Identifier "biomemakeover:buckling_curse" was not registered in registry "minecraft:enchantment"., At ResourceLocation: JsonObject; At Enchantment: Identifier "biomemakeover:inaccuracy_curse" was not registered in registry "minecraft:enchantment"., At ResourceLocation: JsonObject; At Enchantment: Identifier "biomemakeover:unwieldiness_curse" was not registered in registry "minecraft:enchantment"., At ResourceLocation: JsonObject; At Enchantment: Identifier "biomemakeover:suffocation_curse" was not registered in registry "minecraft:enchantment"., At ResourceLocation: JsonObject; At Enchantment: Identifier "biomemakeover:flammability_curse" was not registered in registry "minecraft:enchantment"., At ResourceLocation: JsonObject; At Enchantment: Identifier "biomemakeover:depth_curse" was not registered in registry "minecraft:enchantment"., At ResourceLocation: JsonObject; At Enchantment: Identifier "biomemakeover:enfeeblement_curse" was not registered in registry "minecraft:enchantment"., At ResourceLocation: JsonObject; At Enchantment: Identifier "biomemakeover:conductivity_curse" was not registered in registry "minecraft:enchantment"., At ResourceLocation: JsonObject; At Enchantment: Identifier "biomemakeover:insomnia_curse" was not registered in registry "minecraft:enchantment"., At ResourceLocation: JsonObject; At Enchantment: Identifier "biomemakeover:decay_curse" was not registered in registry "minecraft:enchantment"., At ResourceLocation: JsonObject, At ResourceLocation: JsonObject; At Enchantment: Identifier "biomemakeover:buckling_curse" was not registered in registry "minecraft:enchantment"., At ResourceLocation: JsonObject; At Enchantment: Identifier "biomemakeover:inaccuracy_curse" was not registered in registry "minecraft:enchantment"., At ResourceLocation: JsonObject; At Enchantment: Identifier "biomemakeover:unwieldiness_curse" was not registered in registry "minecraft:enchantment"., At ResourceLocation: JsonObject; At Enchantment: Identifier "biomemakeover:suffocation_curse" was not registered in registry "minecraft:enchantment"., At ResourceLocation: JsonObject; At Enchantment: Identifier "biomemakeover:flammability_curse" was not registered in registry "minecraft:enchantment"., At ResourceLocation: JsonObject; At Enchantment: Identifier "biomemakeover:depth_curse" was not registered in registry "minecraft:enchantment"., At ResourceLocation: JsonObject; At Enchantment: Identifier "biomemakeover:enfeeblement_curse" was not registered in registry "minecraft:enchantment"., At ResourceLocation: JsonObject; At Enchantment: Identifier "biomemakeover:conductivity_curse" was not registered in registry "minecraft:enchantment"., At ResourceLocation: JsonObject; At Enchantment: Identifier "biomemakeover:insomnia_curse" was not registered in registry "minecraft:enchantment"., At ResourceLocation: JsonObject; At Enchantment: Identifier "biomemakeover:decay_curse" was not registered in registry "minecraft:enchantment"., At ResourceLocation: JsonObject, At ResourceLocation: JsonObject; At Enchantment: Identifier "biomemakeover:buckling_curse" was not registered in registry "minecraft:enchantment"., At ResourceLocation: JsonObject; At Enchantment: Identifier "biomemakeover:inaccuracy_curse" was not registered in registry "minecraft:enchantment"., At ResourceLocation: JsonObject; At Enchantment: Identifier "biomemakeover:unwieldiness_curse" was not registered in registry "minecraft:enchantment"., At ResourceLocation: JsonObject; At Enchantment: Identifier "biomemakeover:suffocation_curse" was not registered in registry "minecraft:enchantment"., At ResourceLocation: JsonObject; At Enchantment: Identifier "biomemakeover:flammability_curse" was not registered in registry "minecraft:enchantment"., At ResourceLocation: JsonObject; At Enchantment: Identifier "biomemakeover:depth_curse" was not registered in registry "minecraft:enchantment"., At ResourceLocation: JsonObject; At Enchantment: Identifier "biomemakeover:enfeeblement_curse" was not registered in registry "minecraft:enchantment"., At ResourceLocation: JsonObject; At Enchantment: Identifier "biomemakeover:conductivity_curse" was not registered in registry "minecraft:enchantment"., At ResourceLocation: JsonObject; At Enchantment: Identifier "biomemakeover:insomnia_curse" was not registered in registry "minecraft:enchantment"., At ResourceLocation: JsonObject; At Enchantment: Identifier "biomemakeover:decay_curse" was not registered in registry "minecraft:enchantment"., At ResourceLocation: JsonObject, At ResourceLocation: JsonObject
[13Jul2026 19:42:48.391] [main/WARN] [io.github.apace100.apoli.Apoli/]: Power "medievalorigins:elf/weak_melee_spartanweaponry" will only be partially loaded: At Ingredient: Unknown item 'spartanweaponry:quarterstaff_lead', At ResourceLocation: JsonObject; At Ingredient: Unknown item 'spartanweaponry:quarterstaff_nickel', At ResourceLocation: JsonObject; At Ingredient: Unknown item 'spartanweaponry:quarterstaff_electrum', At ResourceLocation: JsonObject; At Ingredient: Unknown item 'spartanweaponry:quarterstaff_platinum', At ResourceLocation: JsonObject; At Ingredient: Unknown item 'spartanweaponry:quarterstaff_invar', At ResourceLocation: JsonObject; At Ingredient: Unknown item 'spartanweaponry:quarterstaff_silver', At ResourceLocation: JsonObject; At Ingredient: Unknown item 'spartanweaponry:quarterstaff_steel', At ResourceLocation: JsonObject; At Ingredient: Unknown item 'spartanweaponry:quarterstaff_bronze', At ResourceLocation: JsonObject; At Ingredient: Unknown item 'spartanweaponry:quarterstaff_tin', At ResourceLocation: JsonObject; At Ingredient: Unknown item 'spartanweaponry:quarterstaff_copper', At ResourceLocation: JsonObject; At Ingredient: Unknown item 'spartanweaponry:quarterstaff_netherite', At ResourceLocation: JsonObject; At Ingredient: Unknown item 'spartanweaponry:quarterstaff_diamond', At ResourceLocation: JsonObject; At Ingredient: Unknown item 'spartanweaponry:quarterstaff_gold', At ResourceLocation: JsonObject; At Ingredient: Unknown item 'spartanweaponry:quarterstaff_iron', At ResourceLocation: JsonObject; At Ingredient: Unknown item 'spartanweaponry:quarterstaff_stone', At ResourceLocation: JsonObject; At Ingredient: Unknown item 'spartanweaponry:quarterstaff_wood', At ResourceLocation: JsonObject; At Ingredient: Unknown item 'spartanweaponry:glaive_lead', At ResourceLocation: JsonObject; At Ingredient: Unknown item 'spartanweaponry:glaive_nickel', At ResourceLocation: JsonObject; At Ingredient: Unknown item 'spartanweaponry:glaive_electrum', At ResourceLocation: JsonObject; At Ingredient: Unknown item 'spartanweaponry:glaive_platinum', At ResourceLocation: JsonObject; At Ingredient: Unknown item 'spartanweaponry:glaive_invar', At ResourceLocation: JsonObject; At Ingredient: Unknown item 'spartanweaponry:glaive_silver', At ResourceLocation: JsonObject; At Ingredient: Unknown item 'spartanweaponry:glaive_steel', At ResourceLocation: JsonObject; At Ingredient: Unknown item 'spartanweaponry:glaive_bronze', At ResourceLocation: JsonObject; At Ingredient: Unknown item 'spartanweaponry:glaive_tin', At ResourceLocation: JsonObject; At Ingredient: Unknown item 'spartanweaponry:glaive_copper', At ResourceLocation: JsonObject; At Ingredient: Unknown item 'spartanweaponry:glaive_netherite', At ResourceLocation: JsonObject; At Ingredient: Unknown item 'spartanweaponry:glaive_diamond', At ResourceLocation: JsonObject; At Ingredient: Unknown item 'spartanweaponry:glaive_gold', At ResourceLocation: JsonObject; At Ingredient: Unknown item 'spartanweaponry:glaive_iron', At ResourceLocation: JsonObject; At Ingredient: Unknown item 'spartanweaponry:glaive_stone', At ResourceLocation: JsonObject; At Ingredient: Unknown item 'spartanweaponry:glaive_wood', At ResourceLocation: JsonObject; At Ingredient: Unknown item 'spartanweaponry:flanged_mace_lead', At ResourceLocation: JsonObject; At Ingredient: Unknown item 'spartanweaponry:flanged_mace_nickel', At ResourceLocation: JsonObject; At Ingredient: Unknown item 'spartanweaponry:flanged_mace_electrum', At ResourceLocation: JsonObject; At Ingredient: Unknown item 'spartanweaponry:flanged_mace_platinum', At ResourceLocation: JsonObject; At Ingredient: Unknown item 'spartanweaponry:flanged_mace_invar', At ResourceLocation: JsonObject; At Ingredient: Unknown item 'spartanweaponry:flanged_mace_silver', At ResourceLocation: JsonObject; At Ingredient: Unknown item 'spartanweaponry:flanged_mace_steel', At ResourceLocation: JsonObject; At Ingredient: Unknown item 'spartanweaponry:flanged_mace_bronze', At ResourceLocation: JsonObject; At Ingredient: Unknown item 'spartanweaponry:flanged_mace_tin', At ResourceLocation: JsonObject; At Ingredient: Unknown item 'spartanweaponry:flanged_mace_copper', At ResourceLocation: JsonObject; At Ingredient: Unknown item 'spartanweaponry:flanged_mace_netherite', At ResourceLocation: JsonObject; At Ingredient: Unknown item 'spartanweaponry:flanged_mace_diamond', At ResourceLocation: JsonObject; At Ingredient: Unknown item 'spartanweaponry:flanged_mace_gold', At ResourceLocation: JsonObject; At Ingredient: Unknown item 'spartanweaponry:flanged_mace_iron', At ResourceLocation: JsonObject; At Ingredient: Unknown item 'spartanweaponry:flanged_mace_stone', At ResourceLocation: JsonObject; At Ingredient: Unknown item 'spartanweaponry:flanged_mace_wood', At ResourceLocation: JsonObject; At Ingredient: Unknown item 'spartanweaponry:battleaxe_lead', At ResourceLocation: JsonObject; At Ingredient: Unknown item 'spartanweaponry:battleaxe_nickel', At ResourceLocation: JsonObject; At Ingredient: Unknown item 'spartanweaponry:battleaxe_electrum', At ResourceLocation: JsonObject; At Ingredient: Unknown item 'spartanweaponry:battleaxe_platinum', At ResourceLocation: JsonObject; At Ingredient: Unknown item 'spartanweaponry:battleaxe_invar', At ResourceLocation: JsonObject; At Ingredient: Unknown item 'spartanweaponry:battleaxe_silver', At ResourceLocation: JsonObject; At Ingredient: Unknown item 'spartanweaponry:battleaxe_steel', At ResourceLocation: JsonObject; At Ingredient: Unknown item 'spartanweaponry:battleaxe_bronze', At ResourceLocation: JsonObject; At Ingredient: Unknown item 'spartanweaponry:battleaxe_tin', At ResourceLocation: JsonObject; At Ingredient: Unknown item 'spartanweaponry:battleaxe_copper', At ResourceLocation: JsonObject; At Ingredient: Unknown item 'spartanweaponry:battleaxe_netherite', At ResourceLocation: JsonObject; At Ingredient: Unknown item 'spartanweaponry:battleaxe_diamond', At ResourceLocation: JsonObject; At Ingredient: Unknown item 'spartanweaponry:battleaxe_gold', At ResourceLocation: JsonObject; At Ingredient: Unknown item 'spartanweaponry:battleaxe_iron', At ResourceLocation: JsonObject; At Ingredient: Unknown item 'spartanweaponry:battleaxe_stone', At ResourceLocation: JsonObject; At Ingredient: Unknown item 'spartanweaponry:battleaxe_wood', At ResourceLocation: JsonObject; At Ingredient: Unknown item 'spartanweaponry:javelin_lead', At ResourceLocation: JsonObject; At Ingredient: Unknown item 'spartanweaponry:javelin_nickel', At ResourceLocation: JsonObject; At Ingredient: Unknown item 'spartanweaponry:javelin_electrum', At ResourceLocation: JsonObject; At Ingredient: Unknown item 'spartanweaponry:javelin_platinum', At ResourceLocation: JsonObject; At Ingredient: Unknown item 'spartanweaponry:javelin_invar', At ResourceLocation: JsonObject; At Ingredient: Unknown item 'spartanweaponry:javelin_silver', At ResourceLocation: JsonObject; At Ingredient: Unknown item 'spartanweaponry:javelin_steel', At ResourceLocation: JsonObject; At Ingredient: Unknown item 'spartanweaponry:javelin_bronze', At ResourceLocation: JsonObject; At Ingredient: Unknown item 'spartanweaponry:javelin_tin', At ResourceLocation: JsonObject; At Ingredient: Unknown item 'spartanweaponry:javelin_copper', At ResourceLocation: JsonObject; At Ingredient: Unknown item 'spartanweaponry:javelin_netherite', At ResourceLocation: JsonObject; At Ingredient: Unknown item 'spartanweaponry:javelin_diamond', At ResourceLocation: JsonObject; At Ingredient: Unknown item 'spartanweaponry:javelin_gold', At ResourceLocation: JsonObject; At Ingredient: Unknown item 'spartanweaponry:javelin_iron', At ResourceLocation: JsonObject; At Ingredient: Unknown item 'spartanweaponry:javelin_stone', At ResourceLocation: JsonObject; At Ingredient: Unknown item 'spartanweaponry:javelin_wood', At ResourceLocation: JsonObject; At Ingredient: Unknown item 'spartanweaponry:tomahawk_lead', At ResourceLocation: JsonObject; At Ingredient: Unknown item 'spartanweaponry:tomahawk_nickel', At ResourceLocation: JsonObject; At Ingredient: Unknown item 'spartanweaponry:tomahawk_electrum', At ResourceLocation: JsonObject; At Ingredient: Unknown item 'spartanweaponry:tomahawk_platinum', At ResourceLocation: JsonObject; At Ingredient: Unknown item 'spartanweaponry:tomahawk_invar', At ResourceLocation: JsonObject; At Ingredient: Unknown item 'spartanweaponry:tomahawk_silver', At ResourceLocation: JsonObject; At Ingredient: Unknown item 'spartanweaponry:tomahawk_steel', At ResourceLocation: JsonObject; At Ingredient: Unknown item 'spartanweaponry:tomahawk_bronze', At ResourceLocation: JsonObject; At Ingredient: Unknown item 'spartanweaponry:tomahawk_tin', At ResourceLocation: JsonObject; At Ingredient: Unknown item 'spartanweaponry:tomahawk_copper', At ResourceLocation: JsonObject; At Ingredient: Unknown item 'spartanweaponry:tomahawk_netherite', At ResourceLocation: JsonObject; At Ingredient: Unknown item 'spartanweaponry:tomahawk_diamond', At ResourceLocation: JsonObject; At Ingredient: Unknown item 'spartanweaponry:tomahawk_gold', At ResourceLocation: JsonObject; At Ingredient: Unknown item 'spartanweaponry:tomahawk_iron', At ResourceLocation: JsonObject; At Ingredient: Unknown item 'spartanweaponry:tomahawk_stone', At ResourceLocation: JsonObject; At Ingredient: Unknown item 'spartanweaponry:tomahawk_wood', At ResourceLocation: JsonObject; At Ingredient: Unknown item 'spartanweaponry:throwing_knife_lead', At ResourceLocation: JsonObject; At Ingredient: Unknown item 'spartanweaponry:throwing_knife_nickel', At ResourceLocation: JsonObject; At Ingredient: Unknown item 'spartanweaponry:throwing_knife_electrum', At ResourceLocation: JsonObject; At Ingredient: Unknown item 'spartanweaponry:throwing_knife_platinum', At ResourceLocation: JsonObject; At Ingredient: Unknown item 'spartanweaponry:throwing_knife_invar', At ResourceLocation: JsonObject; At Ingredient: Unknown item 'spartanweaponry:throwing_knife_silver', At ResourceLocation: JsonObject; At Ingredient: Unknown item 'spartanweaponry:throwing_knife_steel', At ResourceLocation: JsonObject; At Ingredient: Unknown item 'spartanweaponry:throwing_knife_bronze', At ResourceLocation: JsonObject; At Ingredient: Unknown item 'spartanweaponry:throwing_knife_tin', At ResourceLocation: JsonObject; At Ingredient: Unknown item 'spartanweaponry:throwing_knife_copper', At ResourceLocation: JsonObject; At Ingredient: Unknown item 'spartanweaponry:throwing_knife_netherite', At ResourceLocation: JsonObject; At Ingredient: Unknown item 'spartanweaponry:throwing_knife_diamond', At ResourceLocation: JsonObject; At Ingredient: Unknown item 'spartanweaponry:throwing_knife_gold', At ResourceLocation: JsonObject; At Ingredient: Unknown item 'spartanweaponry:throwing_knife_iron', At ResourceLocation: JsonObject; At Ingredient: Unknown item 'spartanweaponry:throwing_knife_stone', At ResourceLocation: JsonObject; At Ingredient: Unknown item 'spartanweaponry:throwing_knife_wood', At ResourceLocation: JsonObject; At Ingredient: Unknown item 'spartanweaponry:lance_lead', At ResourceLocation: JsonObject; At Ingredient: Unknown item 'spartanweaponry:lance_nickel', At ResourceLocation: JsonObject; At Ingredient: Unknown item 'spartanweaponry:lance_electrum', At ResourceLocation: JsonObject; At Ingredient: Unknown item 'spartanweaponry:lance_platinum', At ResourceLocation: JsonObject; At Ingredient: Unknown item 'spartanweaponry:lance_invar', At ResourceLocation: JsonObject; At Ingredient: Unknown item 'spartanweaponry:lance_silver', At ResourceLocation: JsonObject; At Ingredient: Unknown item 'spartanweaponry:lance_steel', At ResourceLocation: JsonObject; At Ingredient: Unknown item 'spartanweaponry:lance_bronze', At ResourceLocation: JsonObject; At Ingredient: Unknown item 'spartanweaponry:lance_tin', At ResourceLocation: JsonObject; At Ingredient: Unknown item 'spartanweaponry:lance_copper', At ResourceLocation: JsonObject; At Ingredient: Unknown item 'spartanweaponry:lance_netherite', At ResourceLocation: JsonObject; At Ingredient: Unknown item 'spartanweaponry:lance_diamond', At ResourceLocation: JsonObject; At Ingredient: Unknown item 'spartanweaponry:lance_gold', At ResourceLocation: JsonObject; At Ingredient: Unknown item 'spartanweaponry:lance_iron', At ResourceLocation: JsonObject; At Ingredient: Unknown item 'spartanweaponry:lance_stone', At ResourceLocation: JsonObject; At Ingredient: Unknown item 'spartanweaponry:lance_wood', At ResourceLocation: JsonObject; At Ingredient: Unknown item 'spartanweaponry:pike_lead', At ResourceLocation: JsonObject; At Ingredient: Unknown item 'spartanweaponry:pike_nickel', At ResourceLocation: JsonObject; At Ingredient: Unknown item 'spartanweaponry:pike_electrum', At ResourceLocation: JsonObject; At Ingredient: Unknown item 'spartanweaponry:pike_platinum', At ResourceLocation: JsonObject; At Ingredient: Unknown item 'spartanweaponry:pike_invar', At ResourceLocation: JsonObject; At Ingredient: Unknown item 'spartanweaponry:pike_silver', At ResourceLocation: JsonObject; At Ingredient: Unknown item 'spartanweaponry:pike_steel', At ResourceLocation: JsonObject; At Ingredient: Unknown item 'spartanweaponry:pike_bronze', At ResourceLocation: JsonObject; At Ingredient: Unknown item 'spartanweaponry:pike_tin', At ResourceLocation: JsonObject; At Ingredient: Unknown item 'spartanweaponry:pike_copper', At ResourceLocation: JsonObject; At Ingredient: Unknown item 'spartanweaponry:pike_netherite', At ResourceLocation: JsonObject; At Ingredient: Unknown item 'spartanweaponry:pike_diamond', At ResourceLocation: JsonObject; At Ingredient: Unknown item 'spartanweaponry:pike_gold', At ResourceLocation: JsonObject; At Ingredient: Unknown item 'spartanweaponry:pike_iron', At ResourceLocation: JsonObject; At Ingredient: Unknown item 'spartanweaponry:pike_stone', At ResourceLocation: JsonObject; At Ingredient: Unknown item 'spartanweaponry:pike_wood', At ResourceLocation: JsonObject; At Ingredient: Unknown item 'spartanweaponry:halberd_lead', At ResourceLocation: JsonObject; At Ingredient: Unknown item 'spartanweaponry:halberd_nickel', At ResourceLocation: JsonObject; At Ingredient: Unknown item 'spartanweaponry:halberd_electrum', At ResourceLocation: JsonObject; At Ingredient: Unknown item 'spartanweaponry:halberd_platinum', At ResourceLocation: JsonObject; At Ingredient: Unknown item 'spartanweaponry:halberd_invar', At ResourceLocation: JsonObject; At Ingredient: Unknown item 'spartanweaponry:halberd_silver', At ResourceLocation: JsonObject; At Ingredient: Unknown item 'spartanweaponry:halberd_steel', At ResourceLocation: JsonObject; At Ingredient: Unknown item 'spartanweaponry:halberd_bronze', At ResourceLocation: JsonObject; At Ingredient: Unknown item 'spartanweaponry:halberd_tin', At ResourceLocation: JsonObject; At Ingredient: Unknown item 'spartanweaponry:halberd_copper', At ResourceLocation: JsonObject; At Ingredient: Unknown item 'spartanweaponry:halberd_netherite', At ResourceLocation: JsonObject; At Ingredient: Unknown item 'spartanweaponry:halberd_diamond', At ResourceLocation: JsonObject; At Ingredient: Unknown item 'spartanweaponry:halberd_gold', At ResourceLocation: JsonObject; At Ingredient: Unknown item 'spartanweaponry:halberd_iron', At ResourceLocation: JsonObject; At Ingredient: Unknown item 'spartanweaponry:halberd_stone', At ResourceLocation: JsonObject; At Ingredient: Unknown item 'spartanweaponry:halberd_wood', At ResourceLocation: JsonObject; At Ingredient: Unknown item 'spartanweaponry:spear_lead', At ResourceLocation: JsonObject; At Ingredient: Unknown item 'spartanweaponry:spear_nickel', At ResourceLocation: JsonObject; At Ingredient: Unknown item 'spartanweaponry:spear_electrum', At ResourceLocation: JsonObject; At Ingredient: Unknown item 'spartanweaponry:spear_platinum', At ResourceLocation: JsonObject; At Ingredient: Unknown item 'spartanweaponry:spear_invar', At ResourceLocation: JsonObject; At Ingredient: Unknown item 'spartanweaponry:spear_silver', At ResourceLocation: JsonObject; At Ingredient: Unknown item 'spartanweaponry:spear_steel', At ResourceLocation: JsonObject; At Ingredient: Unknown item 'spartanweaponry:spear_bronze', At ResourceLocation: JsonObject; At Ingredient: Unknown item 'spartanweaponry:spear_tin', At ResourceLocation: JsonObject; At Ingredient: Unknown item 'spartanweaponry:spear_copper', At ResourceLocation: JsonObject; At Ingredient: Unknown item 'spartanweaponry:spear_netherite', At ResourceLocation: JsonObject; At Ingredient: Unknown item 'spartanweaponry:spear_diamond', At ResourceLocation: JsonObject; At Ingredient: Unknown item 'spartanweaponry:spear_gold', At ResourceLocation: JsonObject; At Ingredient: Unknown item 'spartanweaponry:spear_iron', At ResourceLocation: JsonObject; At Ingredient: Unknown item 'spartanweaponry:spear_stone', At ResourceLocation: JsonObject; At Ingredient: Unknown item 'spartanweaponry:spear_wood', At ResourceLocation: JsonObject; At Ingredient: Unknown item 'spartanweaponry:warhammer_lead', At ResourceLocation: JsonObject; At Ingredient: Unknown item 'spartanweaponry:warhammer_nickel', At ResourceLocation: JsonObject; At Ingredient: Unknown item 'spartanweaponry:warhammer_electrum', At ResourceLocation: JsonObject; At Ingredient: Unknown item 'spartanweaponry:warhammer_platinum', At ResourceLocation: JsonObject; At Ingredient: Unknown item 'spartanweaponry:warhammer_invar', At ResourceLocation: JsonObject; At Ingredient: Unknown item 'spartanweaponry:warhammer_silver', At ResourceLocation: JsonObject; At Ingredient: Unknown item 'spartanweaponry:warhammer_steel', At ResourceLocation: JsonObject; At Ingredient: Unknown item 'spartanweaponry:warhammer_bronze', At ResourceLocation: JsonObject; At Ingredient: Unknown item 'spartanweaponry:warhammer_tin', At ResourceLocation: JsonObject; At Ingredient: Unknown item 'spartanweaponry:warhammer_copper', At ResourceLocation: JsonObject; At Ingredient: Unknown item 'spartanweaponry:warhammer_netherite', At ResourceLocation: JsonObject; At Ingredient: Unknown item 'spartanweaponry:warhammer_diamond', At ResourceLocation: JsonObject; At Ingredient: Unknown item 'spartanweaponry:warhammer_gold', At ResourceLocation: JsonObject; At Ingredient: Unknown item 'spartanweaponry:warhammer_iron', At ResourceLocation: JsonObject; At Ingredient: Unknown item 'spartanweaponry:warhammer_stone', At ResourceLocation: JsonObject; At Ingredient: Unknown item 'spartanweaponry:warhammer_wood', At ResourceLocation: JsonObject; At Ingredient: Unknown item 'spartanweaponry:hammer_lead', At ResourceLocation: JsonObject; At Ingredient: Unknown item 'spartanweaponry:hammer_nickel', At ResourceLocation: JsonObject; At Ingredient: Unknown item 'spartanweaponry:hammer_electrum', At ResourceLocation: JsonObject; At Ingredient: Unknown item 'spartanweaponry:hammer_platinum', At ResourceLocation: JsonObject; At Ingredient: Unknown item 'spartanweaponry:hammer_invar', At ResourceLocation: JsonObject; At Ingredient: Unknown item 'spartanweaponry:hammer_silver', At ResourceLocation: JsonObject; At Ingredient: Unknown item 'spartanweaponry:hammer_steel', At ResourceLocation: JsonObject; At Ingredient: Unknown item 'spartanweaponry:hammer_bronze', At ResourceLocation: JsonObject; At Ingredient: Unknown item 'spartanweaponry:hammer_tin', At ResourceLocation: JsonObject; At Ingredient: Unknown item 'spartanweaponry:hammer_copper', At ResourceLocation: JsonObject; At Ingredient: Unknown item 'spartanweaponry:hammer_netherite', At ResourceLocation: JsonObject; At Ingredient: Unknown item 'spartanweaponry:hammer_diamond', At ResourceLocation: JsonObject; At Ingredient: Unknown item 'spartanweaponry:hammer_gold', At ResourceLocation: JsonObject; At Ingredient: Unknown item 'spartanweaponry:hammer_iron', At ResourceLocation: JsonObject; At Ingredient: Unknown item 'spartanweaponry:hammer_stone', At ResourceLocation: JsonObject; At Ingredient: Unknown item 'spartanweaponry:hammer_wood', At ResourceLocation: JsonObject; At Ingredient: Unknown item 'spartanweaponry:dagger_lead', At ResourceLocation: JsonObject; At Ingredient: Unknown item 'spartanweaponry:dagger_nickel', At ResourceLocation: JsonObject; At Ingredient: Unknown item 'spartanweaponry:dagger_electrum', At ResourceLocation: JsonObject; At Ingredient: Unknown item 'spartanweaponry:dagger_platinum', At ResourceLocation: JsonObject; At Ingredient: Unknown item 'spartanweaponry:dagger_invar', At ResourceLocation: JsonObject; At Ingredient: Unknown item 'spartanweaponry:dagger_silver', At ResourceLocation: JsonObject; At Ingredient: Unknown item 'spartanweaponry:dagger_steel', At ResourceLocation: JsonObject; At Ingredient: Unknown item 'spartanweaponry:dagger_bronze', At ResourceLocation: JsonObject; At Ingredient: Unknown item 'spartanweaponry:dagger_tin', At ResourceLocation: JsonObject; At Ingredient: Unknown item 'spartanweaponry:dagger_copper', At ResourceLocation: JsonObject; At Ingredient: Unknown item 'spartanweaponry:dagger_netherite', At ResourceLocation: JsonObject; At Ingredient: Unknown item 'spartanweaponry:dagger_diamond', At ResourceLocation: JsonObject; At Ingredient: Unknown item 'spartanweaponry:dagger_gold', At ResourceLocation: JsonObject; At Ingredient: Unknown item 'spartanweaponry:dagger_iron', At ResourceLocation: JsonObject; At Ingredient: Unknown item 'spartanweaponry:dagger_stone', At ResourceLocation: JsonObject; At Ingredient: Unknown item 'spartanweaponry:dagger_wood', At ResourceLocation: JsonObject, At ResourceLocation: JsonObject
[13Jul2026 19:42:48.393] [main/ERROR] [io.github.apace100.apoli.Apoli/]: Error loading power "arkwys:brute/piglin_neutrality": Unknown registry key: extraorigins:mob_neutrality
[13Jul2026 19:42:48.393] [main/ERROR] [io.github.apace100.apoli.Apoli/]: Loading for all instances of power arkwys:brute/piglin_neutrality failed.
[13Jul2026 19:42:48.393] [main/ERROR] [io.github.apace100.apoli.Apoli/]: Error loading power "strictly:sun_strength": Input does not contain a key [type]: MapLike[{"entity_action":{"type":"origins:apply_effect","effect":{"effect":"minecraft:strength","is_ambient":true,"show_particles":false,"show_icon":false,"amplifier":1,"duration":1000}},"interval":200}]
[13Jul2026 19:42:48.393] [main/ERROR] [io.github.apace100.apoli.Apoli/]: Loading for all instances of power strictly:sun_strength failed.
[13Jul2026 19:42:48.395] [main/ERROR] [io.github.apace100.apoli.Apoli/]: Error loading power "strictly:thick_fur_cont": At EntityType: Identifier "minecraft:tipped_arrow" was not registered in registry "minecraft:entity_type"., At ResourceLocation: JsonObject
[13Jul2026 19:42:48.395] [main/ERROR] [io.github.apace100.apoli.Apoli/]: Loading for all instances of power strictly:thick_fur_cont failed.
[13Jul2026 19:42:48.398] [main/WARN] [io.github.apace100.apoli.Apoli/]: Power "medievalorigins:elf/weak_melee_iceandfire" will only be partially loaded: At Ingredient: Unknown item 'iceandfire:troll_weapon_axe', At ResourceLocation: JsonObject; At Ingredient: Unknown item 'iceandfire:dragonsteel_lightning_axe', At ResourceLocation: JsonObject; At Ingredient: Unknown item 'iceandfire:dragonsteel_cold_axe', At ResourceLocation: JsonObject; At Ingredient: Unknown item 'iceandfire:dragonsteel_fire_axe', At ResourceLocation: JsonObject; At Ingredient: Unknown item 'iceandfire:myrmex_jungle_axe', At ResourceLocation: JsonObject; At Ingredient: Unknown item 'iceandfire:myrmex_desert_axe', At ResourceLocation: JsonObject; At Ingredient: Unknown item 'iceandfire:dragonbone_axe', At ResourceLocation: JsonObject; At Ingredient: Unknown item 'iceandfire:copper_axe', At ResourceLocation: JsonObject; At Ingredient: Unknown item 'iceandfire:silver_axe', At ResourceLocation: JsonObject, At ResourceLocation: JsonObject
[13Jul2026 19:42:48.410] [main/WARN] [io.github.apace100.apoli.Apoli/]: Power "arkwys:minotaur/axe_proficiency_spartanweaponry" will only be partially loaded: At Ingredient: Unknown item 'spartanweaponry:battleaxe_lead', At ResourceLocation: JsonObject; At Ingredient: Unknown item 'spartanweaponry:battleaxe_nickel', At ResourceLocation: JsonObject; At Ingredient: Unknown item 'spartanweaponry:battleaxe_electrum', At ResourceLocation: JsonObject; At Ingredient: Unknown item 'spartanweaponry:battleaxe_platinum', At ResourceLocation: JsonObject; At Ingredient: Unknown item 'spartanweaponry:battleaxe_invar', At ResourceLocation: JsonObject; At Ingredient: Unknown item 'spartanweaponry:battleaxe_silver', At ResourceLocation: JsonObject; At Ingredient: Unknown item 'spartanweaponry:battleaxe_steel', At ResourceLocation: JsonObject; At Ingredient: Unknown item 'spartanweaponry:battleaxe_bronze', At ResourceLocation: JsonObject; At Ingredient: Unknown item 'spartanweaponry:battleaxe_tin', At ResourceLocation: JsonObject; At Ingredient: Unknown item 'spartanweaponry:battleaxe_copper', At ResourceLocation: JsonObject; At Ingredient: Unknown item 'spartanweaponry:battleaxe_netherite', At ResourceLocation: JsonObject; At Ingredient: Unknown item 'spartanweaponry:battleaxe_diamond', At ResourceLocation: JsonObject; At Ingredient: Unknown item 'spartanweaponry:battleaxe_gold', At ResourceLocation: JsonObject; At Ingredient: Unknown item 'spartanweaponry:battleaxe_iron', At ResourceLocation: JsonObject; At Ingredient: Unknown item 'spartanweaponry:battleaxe_stone', At ResourceLocation: JsonObject; At Ingredient: Unknown item 'spartanweaponry:battleaxe_wood', At ResourceLocation: JsonObject; At Ingredient: Unknown item 'spartanweaponry:tomahawk_lead', At ResourceLocation: JsonObject; At Ingredient: Unknown item 'spartanweaponry:tomahawk_nickel', At ResourceLocation: JsonObject; At Ingredient: Unknown item 'spartanweaponry:tomahawk_electrum', At ResourceLocation: JsonObject; At Ingredient: Unknown item 'spartanweaponry:tomahawk_platinum', At ResourceLocation: JsonObject; At Ingredient: Unknown item 'spartanweaponry:tomahawk_invar', At ResourceLocation: JsonObject; At Ingredient: Unknown item 'spartanweaponry:tomahawk_silver', At ResourceLocation: JsonObject; At Ingredient: Unknown item 'spartanweaponry:tomahawk_steel', At ResourceLocation: JsonObject; At Ingredient: Unknown item 'spartanweaponry:tomahawk_bronze', At ResourceLocation: JsonObject; At Ingredient: Unknown item 'spartanweaponry:tomahawk_tin', At ResourceLocation: JsonObject; At Ingredient: Unknown item 'spartanweaponry:tomahawk_copper', At ResourceLocation: JsonObject; At Ingredient: Unknown item 'spartanweaponry:tomahawk_netherite', At ResourceLocation: JsonObject; At Ingredient: Unknown item 'spartanweaponry:tomahawk_diamond', At ResourceLocation: JsonObject; At Ingredient: Unknown item 'spartanweaponry:tomahawk_gold', At ResourceLocation: JsonObject; At Ingredient: Unknown item 'spartanweaponry:tomahawk_iron', At ResourceLocation: JsonObject; At Ingredient: Unknown item 'spartanweaponry:tomahawk_stone', At ResourceLocation: JsonObject; At Ingredient: Unknown item 'spartanweaponry:tomahawk_wood', At ResourceLocation: JsonObject; At Ingredient: Unknown item 'spartanweaponry:halberd_lead', At ResourceLocation: JsonObject; At Ingredient: Unknown item 'spartanweaponry:halberd_nickel', At ResourceLocation: JsonObject; At Ingredient: Unknown item 'spartanweaponry:halberd_electrum', At ResourceLocation: JsonObject; At Ingredient: Unknown item 'spartanweaponry:halberd_platinum', At ResourceLocation: JsonObject; At Ingredient: Unknown item 'spartanweaponry:halberd_invar', At ResourceLocation: JsonObject; At Ingredient: Unknown item 'spartanweaponry:halberd_silver', At ResourceLocation: JsonObject; At Ingredient: Unknown item 'spartanweaponry:halberd_steel', At ResourceLocation: JsonObject; At Ingredient: Unknown item 'spartanweaponry:halberd_bronze', At ResourceLocation: JsonObject; At Ingredient: Unknown item 'spartanweaponry:halberd_tin', At ResourceLocation: JsonObject; At Ingredient: Unknown item 'spartanweaponry:halberd_copper', At ResourceLocation: JsonObject; At Ingredient: Unknown item 'spartanweaponry:halberd_netherite', At ResourceLocation: JsonObject; At Ingredient: Unknown item 'spartanweaponry:halberd_diamond', At ResourceLocation: JsonObject; At Ingredient: Unknown item 'spartanweaponry:halberd_gold', At ResourceLocation: JsonObject; At Ingredient: Unknown item 'spartanweaponry:halberd_iron', At ResourceLocation: JsonObject; At Ingredient: Unknown item 'spartanweaponry:halberd_stone', At ResourceLocation: JsonObject; At Ingredient: Unknown item 'spartanweaponry:halberd_wood', At ResourceLocation: JsonObject, At ResourceLocation: JsonObject
[13Jul2026 19:42:48.418] [main/WARN] [io.github.apace100.apoli.Apoli/]: Power "strictly:spider_like" will only be partially loaded: Input does not contain a key [type]: MapLike[{"key":"key.jump","continuous":true}], At ResourceLocation: JsonObject
[13Jul2026 19:42:48.425] [main/WARN] [io.github.apace100.apoli.Apoli/]: Power "arkwys:demon/cursed_armor" will only be partially loaded: At Enchantment: Identifier "biomemakeover:buckling_curse" was not registered in registry "minecraft:enchantment"., At ResourceLocation: JsonObject; At Enchantment: Identifier "biomemakeover:inaccuracy_curse" was not registered in registry "minecraft:enchantment"., At ResourceLocation: JsonObject; At Enchantment: Identifier "biomemakeover:unwieldiness_curse" was not registered in registry "minecraft:enchantment"., At ResourceLocation: JsonObject; At Enchantment: Identifier "biomemakeover:suffocation_curse" was not registered in registry "minecraft:enchantment"., At ResourceLocation: JsonObject; At Enchantment: Identifier "biomemakeover:flammability_curse" was not registered in registry "minecraft:enchantment"., At ResourceLocation: JsonObject; At Enchantment: Identifier "biomemakeover:depth_curse" was not registered in registry "minecraft:enchantment"., At ResourceLocation: JsonObject; At Enchantment: Identifier "biomemakeover:enfeeblement_curse" was not registered in registry "minecraft:enchantment"., At ResourceLocation: JsonObject; At Enchantment: Identifier "biomemakeover:conductivity_curse" was not registered in registry "minecraft:enchantment"., At ResourceLocation: JsonObject; At Enchantment: Identifier "biomemakeover:insomnia_curse" was not registered in registry "minecraft:enchantment"., At ResourceLocation: JsonObject; At Enchantment: Identifier "biomemakeover:decay_curse" was not registered in registry "minecraft:enchantment"., At ResourceLocation: JsonObject, At ResourceLocation: JsonObject; At Enchantment: Identifier "biomemakeover:buckling_curse" was not registered in registry "minecraft:enchantment"., At ResourceLocation: JsonObject; At Enchantment: Identifier "biomemakeover:inaccuracy_curse" was not registered in registry "minecraft:enchantment"., At ResourceLocation: JsonObject; At Enchantment: Identifier "biomemakeover:unwieldiness_curse" was not registered in registry "minecraft:enchantment"., At ResourceLocation: JsonObject; At Enchantment: Identifier "biomemakeover:suffocation_curse" was not registered in registry "minecraft:enchantment"., At ResourceLocation: JsonObject; At Enchantment: Identifier "biomemakeover:flammability_curse" was not registered in registry "minecraft:enchantment"., At ResourceLocation: JsonObject; At Enchantment: Identifier "biomemakeover:depth_curse" was not registered in registry "minecraft:enchantment"., At ResourceLocation: JsonObject; At Enchantment: Identifier "biomemakeover:enfeeblement_curse" was not registered in registry "minecraft:enchantment"., At ResourceLocation: JsonObject; At Enchantment: Identifier "biomemakeover:conductivity_curse" was not registered in registry "minecraft:enchantment"., At ResourceLocation: JsonObject; At Enchantment: Identifier "biomemakeover:insomnia_curse" was not registered in registry "minecraft:enchantment"., At ResourceLocation: JsonObject; At Enchantment: Identifier "biomemakeover:decay_curse" was not registered in registry "minecraft:enchantment"., At ResourceLocation: JsonObject, At ResourceLocation: JsonObject; At Enchantment: Identifier "biomemakeover:buckling_curse" was not registered in registry "minecraft:enchantment"., At ResourceLocation: JsonObject; At Enchantment: Identifier "biomemakeover:inaccuracy_curse" was not registered in registry "minecraft:enchantment"., At ResourceLocation: JsonObject; At Enchantment: Identifier "biomemakeover:unwieldiness_curse" was not registered in registry "minecraft:enchantment"., At ResourceLocation: JsonObject; At Enchantment: Identifier "biomemakeover:suffocation_curse" was not registered in registry "minecraft:enchantment"., At ResourceLocation: JsonObject; At Enchantment: Identifier "biomemakeover:flammability_curse" was not registered in registry "minecraft:enchantment"., At ResourceLocation: JsonObject; At Enchantment: Identifier "biomemakeover:depth_curse" was not registered in registry "minecraft:enchantment"., At ResourceLocation: JsonObject; At Enchantment: Identifier "biomemakeover:enfeeblement_curse" was not registered in registry "minecraft:enchantment"., At ResourceLocation: JsonObject; At Enchantment: Identifier "biomemakeover:conductivity_curse" was not registered in registry "minecraft:enchantment"., At ResourceLocation: JsonObject; At Enchantment: Identifier "biomemakeover:insomnia_curse" was not registered in registry "minecraft:enchantment"., At ResourceLocation: JsonObject; At Enchantment: Identifier "biomemakeover:decay_curse" was not registered in registry "minecraft:enchantment"., At ResourceLocation: JsonObject, At ResourceLocation: JsonObject; At Enchantment: Identifier "biomemakeover:buckling_curse" was not registered in registry "minecraft:enchantment"., At ResourceLocation: JsonObject; At Enchantment: Identifier "biomemakeover:inaccuracy_curse" was not registered in registry "minecraft:enchantment"., At ResourceLocation: JsonObject; At Enchantment: Identifier "biomemakeover:unwieldiness_curse" was not registered in registry "minecraft:enchantment"., At ResourceLocation: JsonObject; At Enchantment: Identifier "biomemakeover:suffocation_curse" was not registered in registry "minecraft:enchantment"., At ResourceLocation: JsonObject; At Enchantment: Identifier "biomemakeover:flammability_curse" was not registered in registry "minecraft:enchantment"., At ResourceLocation: JsonObject; At Enchantment: Identifier "biomemakeover:depth_curse" was not registered in registry "minecraft:enchantment"., At ResourceLocation: JsonObject; At Enchantment: Identifier "biomemakeover:enfeeblement_curse" was not registered in registry "minecraft:enchantment"., At ResourceLocation: JsonObject; At Enchantment: Identifier "biomemakeover:conductivity_curse" was not registered in registry "minecraft:enchantment"., At ResourceLocation: JsonObject; At Enchantment: Identifier "biomemakeover:insomnia_curse" was not registered in registry "minecraft:enchantment"., At ResourceLocation: JsonObject; At Enchantment: Identifier "biomemakeover:decay_curse" was not registered in registry "minecraft:enchantment"., At ResourceLocation: JsonObject, At ResourceLocation: JsonObject
[13Jul2026 19:42:48.429] [main/WARN] [io.github.apace100.apoli.Apoli/]: Power "strictly:skofnung" will only be partially loaded: At Item: Identifier "pmmo_xp_bottles:endurance" was not registered in registry "minecraft:item"., At ResourceLocation: JsonObject, At ResourceLocation: JsonObject
[13Jul2026 19:42:48.439] [main/WARN] [io.github.apace100.apoli.Apoli/]: Power "medievalorigins:knight/skilled_swordsman" will only be partially loaded: At Ingredient: Unknown item 'iceandfire:ghost_sword', At ResourceLocation: JsonObject; At Ingredient: Unknown item 'iceandfire:dread_queen_sword', At ResourceLocation: JsonObject; At Ingredient: Unknown item 'iceandfire:dread_kinght_sword', At ResourceLocation: JsonObject; At Ingredient: Unknown item 'iceandfire:dread_sword', At ResourceLocation: JsonObject; At Ingredient: Unknown item 'iceandfire:dragonsteel_lightning_sword', At ResourceLocation: JsonObject; At Ingredient: Unknown item 'iceandfire:dragonsteel_ice_sword', At ResourceLocation: JsonObject; At Ingredient: Unknown item 'iceandfire:dragonsteel_fire_sword', At ResourceLocation: JsonObject; At Ingredient: Unknown item 'iceandfire:myrmex_jungle_sword_venom', At ResourceLocation: JsonObject; At Ingredient: Unknown item 'iceandfire:myrmex_jungle_sword', At ResourceLocation: JsonObject; At Ingredient: Unknown item 'iceandfire:myrmex_desert_sword_venom', At ResourceLocation: JsonObject; At Ingredient: Unknown item 'iceandfire:myrmex_desert_sword', At ResourceLocation: JsonObject; At Ingredient: Unknown item 'iceandfire:hippogryph_sword', At ResourceLocation: JsonObject; At Ingredient: Unknown item 'iceandfire:dragonbone_sword_ice', At ResourceLocation: JsonObject; At Ingredient: Unknown item 'iceandfire:dragonbone_sword_fire', At ResourceLocation: JsonObject; At Ingredient: Unknown item 'iceandfire:dragonbone_sword', At ResourceLocation: JsonObject; At Ingredient: Unknown item 'iceandfire:copper_sword', At ResourceLocation: JsonObject; At Ingredient: Unknown item 'iceandfire:silver_sword', At ResourceLocation: JsonObject; At Ingredient: Unknown item 'dungeons_gear:rapier', At ResourceLocation: JsonObject; At Ingredient: Unknown item 'dungeons_gear:frost_slayer', At ResourceLocation: JsonObject; At Ingredient: Unknown item 'dungeons_gear:heartstealer', At ResourceLocation: JsonObject; At Ingredient: Unknown item 'dungeons_gear:broadsword', At ResourceLocation: JsonObject; At Ingredient: Unknown item 'dungeons_gear:claymore', At ResourceLocation: JsonObject; At Ingredient: Unknown item 'dungeons_gear:truthseeker', At ResourceLocation: JsonObject; At Ingredient: Unknown item 'dungeons_gear:masters_katana', At ResourceLocation: JsonObject; At Ingredient: Unknown item 'dungeons_gear:dark_katana', At ResourceLocation: JsonObject; At Ingredient: Unknown item 'dungeons_gear:katana', At ResourceLocation: JsonObject; At Ingredient: Unknown item 'dungeons_gear:sinister_sword', At ResourceLocation: JsonObject; At Ingredient: Unknown item 'dungeons_gear:hawkbrand', At ResourceLocation: JsonObject; At Ingredient: Unknown item 'dungeons_gear:diamond_sword', At ResourceLocation: JsonObject; At Ingredient: Unknown item 'dungeons_gear:gold_sword', At ResourceLocation: JsonObject; At Ingredient: Unknown item 'dungeons_gear:stone_sword', At ResourceLocation: JsonObject; At Ingredient: Unknown item 'dungeons_gear:sword', At ResourceLocation: JsonObject; At Ingredient: Unknown item 'dungeons_gear:nameless_blade', At ResourceLocation: JsonObject; At Ingredient: Unknown item 'dungeons_gear:cutlass', At ResourceLocation: JsonObject; At Ingredient: Unknown item 'dungeons_gear:freezing_foil', At ResourceLocation: JsonObject; At Ingredient: Unknown item 'dungeons_gear:bee_stinger', At ResourceLocation: JsonObject; At Ingredient: Unknown item 'dungeons_gear:rapier', At ResourceLocation: JsonObject, At ResourceLocation: JsonObject
[13Jul2026 19:42:48.454] [main/WARN] [io.github.apace100.apoli.Apoli/]: Power "medievalorigins:elf/weak_swords_spartanweaponry" will only be partially loaded: At Ingredient: Unknown item 'spartanweaponry:greatsword_lead', At ResourceLocation: JsonObject; At Ingredient: Unknown item 'spartanweaponry:greatsword_nickel', At ResourceLocation: JsonObject; At Ingredient: Unknown item 'spartanweaponry:greatsword_electrum', At ResourceLocation: JsonObject; At Ingredient: Unknown item 'spartanweaponry:greatsword_platinum', At ResourceLocation: JsonObject; At Ingredient: Unknown item 'spartanweaponry:greatsword_invar', At ResourceLocation: JsonObject; At Ingredient: Unknown item 'spartanweaponry:greatsword_silver', At ResourceLocation: JsonObject; At Ingredient: Unknown item 'spartanweaponry:greatsword_steel', At ResourceLocation: JsonObject; At Ingredient: Unknown item 'spartanweaponry:greatsword_bronze', At ResourceLocation: JsonObject; At Ingredient: Unknown item 'spartanweaponry:greatsword_tin', At ResourceLocation: JsonObject; At Ingredient: Unknown item 'spartanweaponry:greatsword_copper', At ResourceLocation: JsonObject; At Ingredient: Unknown item 'spartanweaponry:greatsword_netherite', At ResourceLocation: JsonObject; At Ingredient: Unknown item 'spartanweaponry:greatsword_diamond', At ResourceLocation: JsonObject; At Ingredient: Unknown item 'spartanweaponry:greatsword_gold', At ResourceLocation: JsonObject; At Ingredient: Unknown item 'spartanweaponry:greatsword_iron', At ResourceLocation: JsonObject; At Ingredient: Unknown item 'spartanweaponry:greatsword_stone', At ResourceLocation: JsonObject; At Ingredient: Unknown item 'spartanweaponry:greatsword_wood', At ResourceLocation: JsonObject; At Ingredient: Unknown item 'spartanweaponry:rapier_lead', At ResourceLocation: JsonObject; At Ingredient: Unknown item 'spartanweaponry:rapier_nickel', At ResourceLocation: JsonObject; At Ingredient: Unknown item 'spartanweaponry:rapier_electrum', At ResourceLocation: JsonObject; At Ingredient: Unknown item 'spartanweaponry:rapier_platinum', At ResourceLocation: JsonObject; At Ingredient: Unknown item 'spartanweaponry:rapier_invar', At ResourceLocation: JsonObject; At Ingredient: Unknown item 'spartanweaponry:rapier_silver', At ResourceLocation: JsonObject; At Ingredient: Unknown item 'spartanweaponry:rapier_steel', At ResourceLocation: JsonObject; At Ingredient: Unknown item 'spartanweaponry:rapier_bronze', At ResourceLocation: JsonObject; At Ingredient: Unknown item 'spartanweaponry:rapier_tin', At ResourceLocation: JsonObject; At Ingredient: Unknown item 'spartanweaponry:rapier_copper', At ResourceLocation: JsonObject; At Ingredient: Unknown item 'spartanweaponry:rapier_netherite', At ResourceLocation: JsonObject; At Ingredient: Unknown item 'spartanweaponry:rapier_diamond', At ResourceLocation: JsonObject; At Ingredient: Unknown item 'spartanweaponry:rapier_gold', At ResourceLocation: JsonObject; At Ingredient: Unknown item 'spartanweaponry:rapier_iron', At ResourceLocation: JsonObject; At Ingredient: Unknown item 'spartanweaponry:rapier_stone', At ResourceLocation: JsonObject; At Ingredient: Unknown item 'spartanweaponry:rapier_wood', At ResourceLocation: JsonObject; At Ingredient: Unknown item 'spartanweaponry:saber_lead', At ResourceLocation: JsonObject; At Ingredient: Unknown item 'spartanweaponry:saber_nickel', At ResourceLocation: JsonObject; At Ingredient: Unknown item 'spartanweaponry:saber_electrum', At ResourceLocation: JsonObject; At Ingredient: Unknown item 'spartanweaponry:saber_platinum', At ResourceLocation: JsonObject; At Ingredient: Unknown item 'spartanweaponry:saber_invar', At ResourceLocation: JsonObject; At Ingredient: Unknown item 'spartanweaponry:saber_silver', At ResourceLocation: JsonObject; At Ingredient: Unknown item 'spartanweaponry:saber_steel', At ResourceLocation: JsonObject; At Ingredient: Unknown item 'spartanweaponry:saber_bronze', At ResourceLocation: JsonObject; At Ingredient: Unknown item 'spartanweaponry:saber_tin', At ResourceLocation: JsonObject; At Ingredient: Unknown item 'spartanweaponry:saber_copper', At ResourceLocation: JsonObject; At Ingredient: Unknown item 'spartanweaponry:saber_netherite', At ResourceLocation: JsonObject; At Ingredient: Unknown item 'spartanweaponry:saber_diamond', At ResourceLocation: JsonObject; At Ingredient: Unknown item 'spartanweaponry:saber_gold', At ResourceLocation: JsonObject; At Ingredient: Unknown item 'spartanweaponry:saber_iron', At ResourceLocation: JsonObject; At Ingredient: Unknown item 'spartanweaponry:saber_stone', At ResourceLocation: JsonObject; At Ingredient: Unknown item 'spartanweaponry:saber_wood', At ResourceLocation: JsonObject; At Ingredient: Unknown item 'spartanweaponry:katana_lead', At ResourceLocation: JsonObject; At Ingredient: Unknown item 'spartanweaponry:katana_nickel', At ResourceLocation: JsonObject; At Ingredient: Unknown item 'spartanweaponry:katana_electrum', At ResourceLocation: JsonObject; At Ingredient: Unknown item 'spartanweaponry:katana_platinum', At ResourceLocation: JsonObject; At Ingredient: Unknown item 'spartanweaponry:katana_invar', At ResourceLocation: JsonObject; At Ingredient: Unknown item 'spartanweaponry:katana_silver', At ResourceLocation: JsonObject; At Ingredient: Unknown item 'spartanweaponry:katana_steel', At ResourceLocation: JsonObject; At Ingredient: Unknown item 'spartanweaponry:katana_bronze', At ResourceLocation: JsonObject; At Ingredient: Unknown item 'spartanweaponry:katana_tin', At ResourceLocation: JsonObject; At Ingredient: Unknown item 'spartanweaponry:katana_copper', At ResourceLocation: JsonObject; At Ingredient: Unknown item 'spartanweaponry:katana_netherite', At ResourceLocation: JsonObject; At Ingredient: Unknown item 'spartanweaponry:katana_diamond', At ResourceLocation: JsonObject; At Ingredient: Unknown item 'spartanweaponry:katana_gold', At ResourceLocation: JsonObject; At Ingredient: Unknown item 'spartanweaponry:katana_iron', At ResourceLocation: JsonObject; At Ingredient: Unknown item 'spartanweaponry:katana_stone', At ResourceLocation: JsonObject; At Ingredient: Unknown item 'spartanweaponry:katana_wood', At ResourceLocation: JsonObject; At Ingredient: Unknown item 'spartanweaponry:longsword_lead', At ResourceLocation: JsonObject; At Ingredient: Unknown item 'spartanweaponry:longsword_nickel', At ResourceLocation: JsonObject; At Ingredient: Unknown item 'spartanweaponry:longsword_electrum', At ResourceLocation: JsonObject; At Ingredient: Unknown item 'spartanweaponry:longsword_platinum', At ResourceLocation: JsonObject; At Ingredient: Unknown item 'spartanweaponry:longsword_invar', At ResourceLocation: JsonObject; At Ingredient: Unknown item 'spartanweaponry:longsword_silver', At ResourceLocation: JsonObject; At Ingredient: Unknown item 'spartanweaponry:longsword_steel', At ResourceLocation: JsonObject; At Ingredient: Unknown item 'spartanweaponry:longsword_bronze', At ResourceLocation: JsonObject; At Ingredient: Unknown item 'spartanweaponry:longsword_tin', At ResourceLocation: JsonObject; At Ingredient: Unknown item 'spartanweaponry:longsword_copper', At ResourceLocation: JsonObject; At Ingredient: Unknown item 'spartanweaponry:longsword_netherite', At ResourceLocation: JsonObject; At Ingredient: Unknown item 'spartanweaponry:longsword_diamond', At ResourceLocation: JsonObject; At Ingredient: Unknown item 'spartanweaponry:longsword_gold', At ResourceLocation: JsonObject; At Ingredient: Unknown item 'spartanweaponry:longsword_iron', At ResourceLocation: JsonObject; At Ingredient: Unknown item 'spartanweaponry:longsword_stone', At ResourceLocation: JsonObject; At Ingredient: Unknown item 'spartanweaponry:longsword_wood', At ResourceLocation: JsonObject, At ResourceLocation: JsonObject
[13Jul2026 19:42:48.458] [main/WARN] [io.github.apace100.apoli.Apoli/]: Power "medievalorigins:gorgon/silver_aversion_iceandfire" will only be partially loaded: At Ingredient: Unknown item 'iceandfire:armor_silver_metal_boots', At ResourceLocation: JsonObject, At ResourceLocation: JsonObject; At Ingredient: Unknown item 'iceandfire:armor_silver_metal_leggings', At ResourceLocation: JsonObject, At ResourceLocation: JsonObject; At Ingredient: Unknown item 'iceandfire:armor_silver_metal_chestplate', At ResourceLocation: JsonObject, At ResourceLocation: JsonObject; At Ingredient: Unknown item 'iceandfire:armor_silver_metal_helmets', At ResourceLocation: JsonObject, At ResourceLocation: JsonObject
[13Jul2026 19:42:48.472] [main/WARN] [io.github.apace100.apoli.Apoli/]: Power "medievalorigins:paladin/weak_swords_spartanweaponry" will only be partially loaded: At Ingredient: Unknown item 'spartanweaponry:greatsword_lead', At ResourceLocation: JsonObject; At Ingredient: Unknown item 'spartanweaponry:greatsword_nickel', At ResourceLocation: JsonObject; At Ingredient: Unknown item 'spartanweaponry:greatsword_electrum', At ResourceLocation: JsonObject; At Ingredient: Unknown item 'spartanweaponry:greatsword_platinum', At ResourceLocation: JsonObject; At Ingredient: Unknown item 'spartanweaponry:greatsword_invar', At ResourceLocation: JsonObject; At Ingredient: Unknown item 'spartanweaponry:greatsword_silver', At ResourceLocation: JsonObject; At Ingredient: Unknown item 'spartanweaponry:greatsword_steel', At ResourceLocation: JsonObject; At Ingredient: Unknown item 'spartanweaponry:greatsword_bronze', At ResourceLocation: JsonObject; At Ingredient: Unknown item 'spartanweaponry:greatsword_tin', At ResourceLocation: JsonObject; At Ingredient: Unknown item 'spartanweaponry:greatsword_copper', At ResourceLocation: JsonObject; At Ingredient: Unknown item 'spartanweaponry:greatsword_netherite', At ResourceLocation: JsonObject; At Ingredient: Unknown item 'spartanweaponry:greatsword_diamond', At ResourceLocation: JsonObject; At Ingredient: Unknown item 'spartanweaponry:greatsword_gold', At ResourceLocation: JsonObject; At Ingredient: Unknown item 'spartanweaponry:greatsword_iron', At ResourceLocation: JsonObject; At Ingredient: Unknown item 'spartanweaponry:greatsword_stone', At ResourceLocation: JsonObject; At Ingredient: Unknown item 'spartanweaponry:greatsword_wood', At ResourceLocation: JsonObject; At Ingredient: Unknown item 'spartanweaponry:rapier_lead', At ResourceLocation: JsonObject; At Ingredient: Unknown item 'spartanweaponry:rapier_nickel', At ResourceLocation: JsonObject; At Ingredient: Unknown item 'spartanweaponry:rapier_electrum', At ResourceLocation: JsonObject; At Ingredient: Unknown item 'spartanweaponry:rapier_platinum', At ResourceLocation: JsonObject; At Ingredient: Unknown item 'spartanweaponry:rapier_invar', At ResourceLocation: JsonObject; At Ingredient: Unknown item 'spartanweaponry:rapier_silver', At ResourceLocation: JsonObject; At Ingredient: Unknown item 'spartanweaponry:rapier_steel', At ResourceLocation: JsonObject; At Ingredient: Unknown item 'spartanweaponry:rapier_bronze', At ResourceLocation: JsonObject; At Ingredient: Unknown item 'spartanweaponry:rapier_tin', At ResourceLocation: JsonObject; At Ingredient: Unknown item 'spartanweaponry:rapier_copper', At ResourceLocation: JsonObject; At Ingredient: Unknown item 'spartanweaponry:rapier_netherite', At ResourceLocation: JsonObject; At Ingredient: Unknown item 'spartanweaponry:rapier_diamond', At ResourceLocation: JsonObject; At Ingredient: Unknown item 'spartanweaponry:rapier_gold', At ResourceLocation: JsonObject; At Ingredient: Unknown item 'spartanweaponry:rapier_iron', At ResourceLocation: JsonObject; At Ingredient: Unknown item 'spartanweaponry:rapier_stone', At ResourceLocation: JsonObject; At Ingredient: Unknown item 'spartanweaponry:rapier_wood', At ResourceLocation: JsonObject; At Ingredient: Unknown item 'spartanweaponry:saber_lead', At ResourceLocation: JsonObject; At Ingredient: Unknown item 'spartanweaponry:saber_nickel', At ResourceLocation: JsonObject; At Ingredient: Unknown item 'spartanweaponry:saber_electrum', At ResourceLocation: JsonObject; At Ingredient: Unknown item 'spartanweaponry:saber_platinum', At ResourceLocation: JsonObject; At Ingredient: Unknown item 'spartanweaponry:saber_invar', At ResourceLocation: JsonObject; At Ingredient: Unknown item 'spartanweaponry:saber_silver', At ResourceLocation: JsonObject; At Ingredient: Unknown item 'spartanweaponry:saber_steel', At ResourceLocation: JsonObject; At Ingredient: Unknown item 'spartanweaponry:saber_bronze', At ResourceLocation: JsonObject; At Ingredient: Unknown item 'spartanweaponry:saber_tin', At ResourceLocation: JsonObject; At Ingredient: Unknown item 'spartanweaponry:saber_copper', At ResourceLocation: JsonObject; At Ingredient: Unknown item 'spartanweaponry:saber_netherite', At ResourceLocation: JsonObject; At Ingredient: Unknown item 'spartanweaponry:saber_diamond', At ResourceLocation: JsonObject; At Ingredient: Unknown item 'spartanweaponry:saber_gold', At ResourceLocation: JsonObject; At Ingredient: Unknown item 'spartanweaponry:saber_iron', At ResourceLocation: JsonObject; At Ingredient: Unknown item 'spartanweaponry:saber_stone', At ResourceLocation: JsonObject; At Ingredient: Unknown item 'spartanweaponry:saber_wood', At ResourceLocation: JsonObject; At Ingredient: Unknown item 'spartanweaponry:katana_lead', At ResourceLocation: JsonObject; At Ingredient: Unknown item 'spartanweaponry:katana_nickel', At ResourceLocation: JsonObject; At Ingredient: Unknown item 'spartanweaponry:katana_electrum', At ResourceLocation: JsonObject; At Ingredient: Unknown item 'spartanweaponry:katana_platinum', At ResourceLocation: JsonObject; At Ingredient: Unknown item 'spartanweaponry:katana_invar', At ResourceLocation: JsonObject; At Ingredient: Unknown item 'spartanweaponry:katana_silver', At ResourceLocation: JsonObject; At Ingredient: Unknown item 'spartanweaponry:katana_steel', At ResourceLocation: JsonObject; At Ingredient: Unknown item 'spartanweaponry:katana_bronze', At ResourceLocation: JsonObject; At Ingredient: Unknown item 'spartanweaponry:katana_tin', At ResourceLocation: JsonObject; At Ingredient: Unknown item 'spartanweaponry:katana_copper', At ResourceLocation: JsonObject; At Ingredient: Unknown item 'spartanweaponry:katana_netherite', At ResourceLocation: JsonObject; At Ingredient: Unknown item 'spartanweaponry:katana_diamond', At ResourceLocation: JsonObject; At Ingredient: Unknown item 'spartanweaponry:katana_gold', At ResourceLocation: JsonObject; At Ingredient: Unknown item 'spartanweaponry:katana_iron', At ResourceLocation: JsonObject; At Ingredient: Unknown item 'spartanweaponry:katana_stone', At ResourceLocation: JsonObject; At Ingredient: Unknown item 'spartanweaponry:katana_wood', At ResourceLocation: JsonObject; At Ingredient: Unknown item 'spartanweaponry:longsword_lead', At ResourceLocation: JsonObject; At Ingredient: Unknown item 'spartanweaponry:longsword_nickel', At ResourceLocation: JsonObject; At Ingredient: Unknown item 'spartanweaponry:longsword_electrum', At ResourceLocation: JsonObject; At Ingredient: Unknown item 'spartanweaponry:longsword_platinum', At ResourceLocation: JsonObject; At Ingredient: Unknown item 'spartanweaponry:longsword_invar', At ResourceLocation: JsonObject; At Ingredient: Unknown item 'spartanweaponry:longsword_silver', At ResourceLocation: JsonObject; At Ingredient: Unknown item 'spartanweaponry:longsword_steel', At ResourceLocation: JsonObject; At Ingredient: Unknown item 'spartanweaponry:longsword_bronze', At ResourceLocation: JsonObject; At Ingredient: Unknown item 'spartanweaponry:longsword_tin', At ResourceLocation: JsonObject; At Ingredient: Unknown item 'spartanweaponry:longsword_copper', At ResourceLocation: JsonObject; At Ingredient: Unknown item 'spartanweaponry:longsword_netherite', At ResourceLocation: JsonObject; At Ingredient: Unknown item 'spartanweaponry:longsword_diamond', At ResourceLocation: JsonObject; At Ingredient: Unknown item 'spartanweaponry:longsword_gold', At ResourceLocation: JsonObject; At Ingredient: Unknown item 'spartanweaponry:longsword_iron', At ResourceLocation: JsonObject; At Ingredient: Unknown item 'spartanweaponry:longsword_stone', At ResourceLocation: JsonObject; At Ingredient: Unknown item 'spartanweaponry:longsword_wood', At ResourceLocation: JsonObject, At ResourceLocation: JsonObject
[13Jul2026 19:42:48.473] [main/WARN] [io.github.apace100.apoli.Apoli/]: Power "strictly:skull_wand" will only be partially loaded: At Item: Identifier "orcz:skullwand" was not registered in registry "minecraft:item"., At ResourceLocation: JsonObject, At ResourceLocation: JsonObject
[13Jul2026 19:42:48.480] [main/WARN] [io.github.apace100.apoli.Apoli/]: Power "medievalorigins:goblin/greedy_dungeons_gear" will only be partially loaded: Failed to read fields: At Ingredient: Unknown item 'dungeons_gear:suns_grace', At ResourceLocation: JsonObject; At Ingredient: Unknown item 'dungeons_gear:firebrand', At ResourceLocation: JsonObject; At Ingredient: Unknown item 'dungeons_gear:gold_axe', At ResourceLocation: JsonObject; At Ingredient: Unknown item 'dungeons_gear:gold_sword', At ResourceLocation: JsonObject, At ResourceLocation: JsonObject
[13Jul2026 19:42:48.492] [main/WARN] [io.github.apace100.apoli.Apoli/]: Power "medievalorigins:knight/melee4ever_spartanweaponry" will only be partially loaded: At Ingredient: Unknown item 'spartanweaponry:boomerang_lead', At ResourceLocation: JsonObject; At Ingredient: Unknown item 'spartanweaponry:boomerang_nickel', At ResourceLocation: JsonObject; At Ingredient: Unknown item 'spartanweaponry:boomerang_electrum', At ResourceLocation: JsonObject; At Ingredient: Unknown item 'spartanweaponry:boomerang_platinum', At ResourceLocation: JsonObject; At Ingredient: Unknown item 'spartanweaponry:boomerang_invar', At ResourceLocation: JsonObject; At Ingredient: Unknown item 'spartanweaponry:boomerang_silver', At ResourceLocation: JsonObject; At Ingredient: Unknown item 'spartanweaponry:boomerang_steel', At ResourceLocation: JsonObject; At Ingredient: Unknown item 'spartanweaponry:boomerang_bronze', At ResourceLocation: JsonObject; At Ingredient: Unknown item 'spartanweaponry:boomerang_tin', At ResourceLocation: JsonObject; At Ingredient: Unknown item 'spartanweaponry:boomerang_copper', At ResourceLocation: JsonObject; At Ingredient: Unknown item 'spartanweaponry:boomerang_netherite', At ResourceLocation: JsonObject; At Ingredient: Unknown item 'spartanweaponry:boomerang_diamond', At ResourceLocation: JsonObject; At Ingredient: Unknown item 'spartanweaponry:boomerang_gold', At ResourceLocation: JsonObject; At Ingredient: Unknown item 'spartanweaponry:boomerang_iron', At ResourceLocation: JsonObject; At Ingredient: Unknown item 'spartanweaponry:boomerang_stone', At ResourceLocation: JsonObject; At Ingredient: Unknown item 'spartanweaponry:boomerang_wood', At ResourceLocation: JsonObject; At Ingredient: Unknown item 'spartanweaponry:heavy_crossbow_lead', At ResourceLocation: JsonObject; At Ingredient: Unknown item 'spartanweaponry:heavy_crossbow_nickel', At ResourceLocation: JsonObject; At Ingredient: Unknown item 'spartanweaponry:heavy_crossbow_electrum', At ResourceLocation: JsonObject; At Ingredient: Unknown item 'spartanweaponry:heavy_crossbow_platinum', At ResourceLocation: JsonObject; At Ingredient: Unknown item 'spartanweaponry:heavy_crossbow_invar', At ResourceLocation: JsonObject; At Ingredient: Unknown item 'spartanweaponry:heavy_crossbow_silver', At ResourceLocation: JsonObject; At Ingredient: Unknown item 'spartanweaponry:heavy_crossbow_steel', At ResourceLocation: JsonObject; At Ingredient: Unknown item 'spartanweaponry:heavy_crossbow_bronze', At ResourceLocation: JsonObject; At Ingredient: Unknown item 'spartanweaponry:heavy_crossbow_tin', At ResourceLocation: JsonObject; At Ingredient: Unknown item 'spartanweaponry:heavy_crossbow_copper', At ResourceLocation: JsonObject; At Ingredient: Unknown item 'spartanweaponry:heavy_crossbow_netherite', At ResourceLocation: JsonObject; At Ingredient: Unknown item 'spartanweaponry:heavy_crossbow_diamond', At ResourceLocation: JsonObject; At Ingredient: Unknown item 'spartanweaponry:heavy_crossbow_gold', At ResourceLocation: JsonObject; At Ingredient: Unknown item 'spartanweaponry:heavy_crossbow_iron', At ResourceLocation: JsonObject; At Ingredient: Unknown item 'spartanweaponry:heavy_crossbow_leather', At ResourceLocation: JsonObject; At Ingredient: Unknown item 'spartanweaponry:heavy_crossbow_wood', At ResourceLocation: JsonObject; At Ingredient: Unknown item 'spartanweaponry:longbow_lead', At ResourceLocation: JsonObject; At Ingredient: Unknown item 'spartanweaponry:longbow_nickel', At ResourceLocation: JsonObject; At Ingredient: Unknown item 'spartanweaponry:longbow_electrum', At ResourceLocation: JsonObject; At Ingredient: Unknown item 'spartanweaponry:longbow_platinum', At ResourceLocation: JsonObject; At Ingredient: Unknown item 'spartanweaponry:longbow_invar', At ResourceLocation: JsonObject; At Ingredient: Unknown item 'spartanweaponry:longbow_silver', At ResourceLocation: JsonObject; At Ingredient: Unknown item 'spartanweaponry:longbow_steel', At ResourceLocation: JsonObject; At Ingredient: Unknown item 'spartanweaponry:longbow_bronze', At ResourceLocation: JsonObject; At Ingredient: Unknown item 'spartanweaponry:longbow_tin', At ResourceLocation: JsonObject; At Ingredient: Unknown item 'spartanweaponry:longbow_copper', At ResourceLocation: JsonObject; At Ingredient: Unknown item 'spartanweaponry:longbow_netherite', At ResourceLocation: JsonObject; At Ingredient: Unknown item 'spartanweaponry:longbow_diamond', At ResourceLocation: JsonObject; At Ingredient: Unknown item 'spartanweaponry:longbow_gold', At ResourceLocation: JsonObject; At Ingredient: Unknown item 'spartanweaponry:longbow_iron', At ResourceLocation: JsonObject; At Ingredient: Unknown item 'spartanweaponry:longbow_leather', At ResourceLocation: JsonObject; At Ingredient: Unknown item 'spartanweaponry:longbow_wood', At ResourceLocation: JsonObject, At ResourceLocation: JsonObject
[13Jul2026 19:42:48.500] [main/WARN] [io.github.apace100.apoli.Apoli/]: Power "medievalorigins:werewolf/silver_aversion_werewolf_iceandfire" will only be partially loaded: At Ingredient: Unknown item 'iceandfire:armor_silver_metal_boots', At ResourceLocation: JsonObject, At ResourceLocation: JsonObject; At Ingredient: Unknown item 'iceandfire:armor_silver_metal_leggings', At ResourceLocation: JsonObject, At ResourceLocation: JsonObject; At Ingredient: Unknown item 'iceandfire:armor_silver_metal_chestplate', At ResourceLocation: JsonObject, At ResourceLocation: JsonObject; At Ingredient: Unknown item 'iceandfire:armor_silver_metal_helmets', At ResourceLocation: JsonObject, At ResourceLocation: JsonObject
[13Jul2026 19:42:48.515] [main/WARN] [io.github.apace100.apoli.Apoli/]: Power "medievalorigins:knight/skilled_swordsman_iceandfire" will only be partially loaded: At Ingredient: Unknown item 'iceandfire:ghost_sword', At ResourceLocation: JsonObject; At Ingredient: Unknown item 'iceandfire:dread_queen_sword', At ResourceLocation: JsonObject; At Ingredient: Unknown item 'iceandfire:dread_kinght_sword', At ResourceLocation: JsonObject; At Ingredient: Unknown item 'iceandfire:dread_sword', At ResourceLocation: JsonObject; At Ingredient: Unknown item 'iceandfire:dragonsteel_lightning_sword', At ResourceLocation: JsonObject; At Ingredient: Unknown item 'iceandfire:dragonsteel_ice_sword', At ResourceLocation: JsonObject; At Ingredient: Unknown item 'iceandfire:dragonsteel_fire_sword', At ResourceLocation: JsonObject; At Ingredient: Unknown item 'iceandfire:myrmex_jungle_sword_venom', At ResourceLocation: JsonObject; At Ingredient: Unknown item 'iceandfire:myrmex_jungle_sword', At ResourceLocation: JsonObject; At Ingredient: Unknown item 'iceandfire:myrmex_desert_sword_venom', At ResourceLocation: JsonObject; At Ingredient: Unknown item 'iceandfire:myrmex_desert_sword', At ResourceLocation: JsonObject; At Ingredient: Unknown item 'iceandfire:hippogryph_sword', At ResourceLocation: JsonObject; At Ingredient: Unknown item 'iceandfire:dragonbone_sword_ice', At ResourceLocation: JsonObject; At Ingredient: Unknown item 'iceandfire:dragonbone_sword_fire', At ResourceLocation: JsonObject; At Ingredient: Unknown item 'iceandfire:dragonbone_sword', At ResourceLocation: JsonObject; At Ingredient: Unknown item 'iceandfire:copper_sword', At ResourceLocation: JsonObject; At Ingredient: Unknown item 'iceandfire:silver_sword', At ResourceLocation: JsonObject, At ResourceLocation: JsonObject
[13Jul2026 19:42:48.523] [main/WARN] [io.github.apace100.apoli.Apoli/]: Power "medievalorigins:paladin/holy_instruments_iceandfire" will only be partially loaded: At Ingredient: Unknown item 'iceandfire:troll_weapon_axe', At ResourceLocation: JsonObject; At Ingredient: Unknown item 'iceandfire:dragonsteel_lightning_axe', At ResourceLocation: JsonObject; At Ingredient: Unknown item 'iceandfire:dragonsteel_cold_axe', At ResourceLocation: JsonObject; At Ingredient: Unknown item 'iceandfire:dragonsteel_fire_axe', At ResourceLocation: JsonObject; At Ingredient: Unknown item 'iceandfire:myrmex_jungle_axe', At ResourceLocation: JsonObject; At Ingredient: Unknown item 'iceandfire:myrmex_desert_axe', At ResourceLocation: JsonObject; At Ingredient: Unknown item 'iceandfire:dragonbone_axe', At ResourceLocation: JsonObject; At Ingredient: Unknown item 'iceandfire:copper_axe', At ResourceLocation: JsonObject; At Ingredient: Unknown item 'iceandfire:silver_axe', At ResourceLocation: JsonObject, At ResourceLocation: JsonObject
[13Jul2026 19:42:48.543] [main/WARN] [io.github.apace100.apoli.Apoli/]: Power "medievalorigins:paladin/holy_instruments_spartanweaponry" will only be partially loaded: At Ingredient: Unknown item 'spartanweaponry:battleaxe_lead', At ResourceLocation: JsonObject; At Ingredient: Unknown item 'spartanweaponry:battleaxe_nickel', At ResourceLocation: JsonObject; At Ingredient: Unknown item 'spartanweaponry:battleaxe_electrum', At ResourceLocation: JsonObject; At Ingredient: Unknown item 'spartanweaponry:battleaxe_platinum', At ResourceLocation: JsonObject; At Ingredient: Unknown item 'spartanweaponry:battleaxe_invar', At ResourceLocation: JsonObject; At Ingredient: Unknown item 'spartanweaponry:battleaxe_silver', At ResourceLocation: JsonObject; At Ingredient: Unknown item 'spartanweaponry:battleaxe_steel', At ResourceLocation: JsonObject; At Ingredient: Unknown item 'spartanweaponry:battleaxe_bronze', At ResourceLocation: JsonObject; At Ingredient: Unknown item 'spartanweaponry:battleaxe_tin', At ResourceLocation: JsonObject; At Ingredient: Unknown item 'spartanweaponry:battleaxe_copper', At ResourceLocation: JsonObject; At Ingredient: Unknown item 'spartanweaponry:battleaxe_netherite', At ResourceLocation: JsonObject; At Ingredient: Unknown item 'spartanweaponry:battleaxe_diamond', At ResourceLocation: JsonObject; At Ingredient: Unknown item 'spartanweaponry:battleaxe_gold', At ResourceLocation: JsonObject; At Ingredient: Unknown item 'spartanweaponry:battleaxe_iron', At ResourceLocation: JsonObject; At Ingredient: Unknown item 'spartanweaponry:battleaxe_stone', At ResourceLocation: JsonObject; At Ingredient: Unknown item 'spartanweaponry:battleaxe_wood', At ResourceLocation: JsonObject; At Ingredient: Unknown item 'spartanweaponry:tomahawk_lead', At ResourceLocation: JsonObject; At Ingredient: Unknown item 'spartanweaponry:tomahawk_nickel', At ResourceLocation: JsonObject; At Ingredient: Unknown item 'spartanweaponry:tomahawk_electrum', At ResourceLocation: JsonObject; At Ingredient: Unknown item 'spartanweaponry:tomahawk_platinum', At ResourceLocation: JsonObject; At Ingredient: Unknown item 'spartanweaponry:tomahawk_invar', At ResourceLocation: JsonObject; At Ingredient: Unknown item 'spartanweaponry:tomahawk_silver', At ResourceLocation: JsonObject; At Ingredient: Unknown item 'spartanweaponry:tomahawk_steel', At ResourceLocation: JsonObject; At Ingredient: Unknown item 'spartanweaponry:tomahawk_bronze', At ResourceLocation: JsonObject; At Ingredient: Unknown item 'spartanweaponry:tomahawk_tin', At ResourceLocation: JsonObject; At Ingredient: Unknown item 'spartanweaponry:tomahawk_copper', At ResourceLocation: JsonObject; At Ingredient: Unknown item 'spartanweaponry:tomahawk_netherite', At ResourceLocation: JsonObject; At Ingredient: Unknown item 'spartanweaponry:tomahawk_diamond', At ResourceLocation: JsonObject; At Ingredient: Unknown item 'spartanweaponry:tomahawk_gold', At ResourceLocation: JsonObject; At Ingredient: Unknown item 'spartanweaponry:tomahawk_iron', At ResourceLocation: JsonObject; At Ingredient: Unknown item 'spartanweaponry:tomahawk_stone', At ResourceLocation: JsonObject; At Ingredient: Unknown item 'spartanweaponry:tomahawk_wood', At ResourceLocation: JsonObject; At Ingredient: Unknown item 'spartanweaponry:halberd_lead', At ResourceLocation: JsonObject; At Ingredient: Unknown item 'spartanweaponry:halberd_nickel', At ResourceLocation: JsonObject; At Ingredient: Unknown item 'spartanweaponry:halberd_electrum', At ResourceLocation: JsonObject; At Ingredient: Unknown item 'spartanweaponry:halberd_platinum', At ResourceLocation: JsonObject; At Ingredient: Unknown item 'spartanweaponry:halberd_invar', At ResourceLocation: JsonObject; At Ingredient: Unknown item 'spartanweaponry:halberd_silver', At ResourceLocation: JsonObject; At Ingredient: Unknown item 'spartanweaponry:halberd_steel', At ResourceLocation: JsonObject; At Ingredient: Unknown item 'spartanweaponry:halberd_bronze', At ResourceLocation: JsonObject; At Ingredient: Unknown item 'spartanweaponry:halberd_tin', At ResourceLocation: JsonObject; At Ingredient: Unknown item 'spartanweaponry:halberd_copper', At ResourceLocation: JsonObject; At Ingredient: Unknown item 'spartanweaponry:halberd_netherite', At ResourceLocation: JsonObject; At Ingredient: Unknown item 'spartanweaponry:halberd_diamond', At ResourceLocation: JsonObject; At Ingredient: Unknown item 'spartanweaponry:halberd_gold', At ResourceLocation: JsonObject; At Ingredient: Unknown item 'spartanweaponry:halberd_iron', At ResourceLocation: JsonObject; At Ingredient: Unknown item 'spartanweaponry:halberd_stone', At ResourceLocation: JsonObject; At Ingredient: Unknown item 'spartanweaponry:halberd_wood', At ResourceLocation: JsonObject, At ResourceLocation: JsonObject
[13Jul2026 19:42:48.598] [main/WARN] [io.github.apace100.apoli.Apoli/]: Power "arkwys:woodelf/weak_melee_spartanweaponry" will only be partially loaded: At Ingredient: Unknown item 'spartanweaponry:greatsword_lead', At ResourceLocation: JsonObject; At Ingredient: Unknown item 'spartanweaponry:greatsword_nickel', At ResourceLocation: JsonObject; At Ingredient: Unknown item 'spartanweaponry:greatsword_electrum', At ResourceLocation: JsonObject; At Ingredient: Unknown item 'spartanweaponry:greatsword_platinum', At ResourceLocation: JsonObject; At Ingredient: Unknown item 'spartanweaponry:greatsword_invar', At ResourceLocation: JsonObject; At Ingredient: Unknown item 'spartanweaponry:greatsword_silver', At ResourceLocation: JsonObject; At Ingredient: Unknown item 'spartanweaponry:greatsword_steel', At ResourceLocation: JsonObject; At Ingredient: Unknown item 'spartanweaponry:greatsword_bronze', At ResourceLocation: JsonObject; At Ingredient: Unknown item 'spartanweaponry:greatsword_tin', At ResourceLocation: JsonObject; At Ingredient: Unknown item 'spartanweaponry:greatsword_copper', At ResourceLocation: JsonObject; At Ingredient: Unknown item 'spartanweaponry:greatsword_netherite', At ResourceLocation: JsonObject; At Ingredient: Unknown item 'spartanweaponry:greatsword_diamond', At ResourceLocation: JsonObject; At Ingredient: Unknown item 'spartanweaponry:greatsword_gold', At ResourceLocation: JsonObject; At Ingredient: Unknown item 'spartanweaponry:greatsword_iron', At ResourceLocation: JsonObject; At Ingredient: Unknown item 'spartanweaponry:greatsword_stone', At ResourceLocation: JsonObject; At Ingredient: Unknown item 'spartanweaponry:greatsword_wood', At ResourceLocation: JsonObject; At Ingredient: Unknown item 'spartanweaponry:rapier_lead', At ResourceLocation: JsonObject; At Ingredient: Unknown item 'spartanweaponry:rapier_nickel', At ResourceLocation: JsonObject; At Ingredient: Unknown item 'spartanweaponry:rapier_electrum', At ResourceLocation: JsonObject; At Ingredient: Unknown item 'spartanweaponry:rapier_platinum', At ResourceLocation: JsonObject; At Ingredient: Unknown item 'spartanweaponry:rapier_invar', At ResourceLocation: JsonObject; At Ingredient: Unknown item 'spartanweaponry:rapier_silver', At ResourceLocation: JsonObject; At Ingredient: Unknown item 'spartanweaponry:rapier_steel', At ResourceLocation: JsonObject; At Ingredient: Unknown item 'spartanweaponry:rapier_bronze', At ResourceLocation: JsonObject; At Ingredient: Unknown item 'spartanweaponry:rapier_tin', At ResourceLocation: JsonObject; At Ingredient: Unknown item 'spartanweaponry:rapier_copper', At ResourceLocation: JsonObject; At Ingredient: Unknown item 'spartanweaponry:rapier_netherite', At ResourceLocation: JsonObject; At Ingredient: Unknown item 'spartanweaponry:rapier_diamond', At ResourceLocation: JsonObject; At Ingredient: Unknown item 'spartanweaponry:rapier_gold', At ResourceLocation: JsonObject; At Ingredient: Unknown item 'spartanweaponry:rapier_iron', At ResourceLocation: JsonObject; At Ingredient: Unknown item 'spartanweaponry:rapier_stone', At ResourceLocation: JsonObject; At Ingredient: Unknown item 'spartanweaponry:rapier_wood', At ResourceLocation: JsonObject; At Ingredient: Unknown item 'spartanweaponry:saber_lead', At ResourceLocation: JsonObject; At Ingredient: Unknown item 'spartanweaponry:saber_nickel', At ResourceLocation: JsonObject; At Ingredient: Unknown item 'spartanweaponry:saber_electrum', At ResourceLocation: JsonObject; At Ingredient: Unknown item 'spartanweaponry:saber_platinum', At ResourceLocation: JsonObject; At Ingredient: Unknown item 'spartanweaponry:saber_invar', At ResourceLocation: JsonObject; At Ingredient: Unknown item 'spartanweaponry:saber_silver', At ResourceLocation: JsonObject; At Ingredient: Unknown item 'spartanweaponry:saber_steel', At ResourceLocation: JsonObject; At Ingredient: Unknown item 'spartanweaponry:saber_bronze', At ResourceLocation: JsonObject; At Ingredient: Unknown item 'spartanweaponry:saber_tin', At ResourceLocation: JsonObject; At Ingredient: Unknown item 'spartanweaponry:saber_copper', At ResourceLocation: JsonObject; At Ingredient: Unknown item 'spartanweaponry:saber_netherite', At ResourceLocation: JsonObject; At Ingredient: Unknown item 'spartanweaponry:saber_diamond', At ResourceLocation: JsonObject; At Ingredient: Unknown item 'spartanweaponry:saber_gold', At ResourceLocation: JsonObject; At Ingredient: Unknown item 'spartanweaponry:saber_iron', At ResourceLocation: JsonObject; At Ingredient: Unknown item 'spartanweaponry:saber_stone', At ResourceLocation: JsonObject; At Ingredient: Unknown item 'spartanweaponry:saber_wood', At ResourceLocation: JsonObject; At Ingredient: Unknown item 'spartanweaponry:katana_lead', At ResourceLocation: JsonObject; At Ingredient: Unknown item 'spartanweaponry:katana_nickel', At ResourceLocation: JsonObject; At Ingredient: Unknown item 'spartanweaponry:katana_electrum', At ResourceLocation: JsonObject; At Ingredient: Unknown item 'spartanweaponry:katana_platinum', At ResourceLocation: JsonObject; At Ingredient: Unknown item 'spartanweaponry:katana_invar', At ResourceLocation: JsonObject; At Ingredient: Unknown item 'spartanweaponry:katana_silver', At ResourceLocation: JsonObject; At Ingredient: Unknown item 'spartanweaponry:katana_steel', At ResourceLocation: JsonObject; At Ingredient: Unknown item 'spartanweaponry:katana_bronze', At ResourceLocation: JsonObject; At Ingredient: Unknown item 'spartanweaponry:katana_tin', At ResourceLocation: JsonObject; At Ingredient: Unknown item 'spartanweaponry:katana_copper', At ResourceLocation: JsonObject; At Ingredient: Unknown item 'spartanweaponry:katana_netherite', At ResourceLocation: JsonObject; At Ingredient: Unknown item 'spartanweaponry:katana_diamond', At ResourceLocation: JsonObject; At Ingredient: Unknown item 'spartanweaponry:katana_gold', At ResourceLocation: JsonObject; At Ingredient: Unknown item 'spartanweaponry:katana_iron', At ResourceLocation: JsonObject; At Ingredient: Unknown item 'spartanweaponry:katana_stone', At ResourceLocation: JsonObject; At Ingredient: Unknown item 'spartanweaponry:katana_wood', At ResourceLocation: JsonObject; At Ingredient: Unknown item 'spartanweaponry:longsword_lead', At ResourceLocation: JsonObject; At Ingredient: Unknown item 'spartanweaponry:longsword_nickel', At ResourceLocation: JsonObject; At Ingredient: Unknown item 'spartanweaponry:longsword_electrum', At ResourceLocation: JsonObject; At Ingredient: Unknown item 'spartanweaponry:longsword_platinum', At ResourceLocation: JsonObject; At Ingredient: Unknown item 'spartanweaponry:longsword_invar', At ResourceLocation: JsonObject; At Ingredient: Unknown item 'spartanweaponry:longsword_silver', At ResourceLocation: JsonObject; At Ingredient: Unknown item 'spartanweaponry:longsword_steel', At ResourceLocation: JsonObject; At Ingredient: Unknown item 'spartanweaponry:longsword_bronze', At ResourceLocation: JsonObject; At Ingredient: Unknown item 'spartanweaponry:longsword_tin', At ResourceLocation: JsonObject; At Ingredient: Unknown item 'spartanweaponry:longsword_copper', At ResourceLocation: JsonObject; At Ingredient: Unknown item 'spartanweaponry:longsword_netherite', At ResourceLocation: JsonObject; At Ingredient: Unknown item 'spartanweaponry:longsword_diamond', At ResourceLocation: JsonObject; At Ingredient: Unknown item 'spartanweaponry:longsword_gold', At ResourceLocation: JsonObject; At Ingredient: Unknown item 'spartanweaponry:longsword_iron', At ResourceLocation: JsonObject; At Ingredient: Unknown item 'spartanweaponry:longsword_stone', At ResourceLocation: JsonObject; At Ingredient: Unknown item 'spartanweaponry:longsword_wood', At ResourceLocation: JsonObject; At Ingredient: Unknown item 'spartanweaponry:quarterstaff_lead', At ResourceLocation: JsonObject; At Ingredient: Unknown item 'spartanweaponry:quarterstaff_nickel', At ResourceLocation: JsonObject; At Ingredient: Unknown item 'spartanweaponry:quarterstaff_electrum', At ResourceLocation: JsonObject; At Ingredient: Unknown item 'spartanweaponry:quarterstaff_platinum', At ResourceLocation: JsonObject; At Ingredient: Unknown item 'spartanweaponry:quarterstaff_invar', At ResourceLocation: JsonObject; At Ingredient: Unknown item 'spartanweaponry:quarterstaff_silver', At ResourceLocation: JsonObject; At Ingredient: Unknown item 'spartanweaponry:quarterstaff_steel', At ResourceLocation: JsonObject; At Ingredient: Unknown item 'spartanweaponry:quarterstaff_bronze', At ResourceLocation: JsonObject; At Ingredient: Unknown item 'spartanweaponry:quarterstaff_tin', At ResourceLocation: JsonObject; At Ingredient: Unknown item 'spartanweaponry:quarterstaff_copper', At ResourceLocation: JsonObject; At Ingredient: Unknown item 'spartanweaponry:quarterstaff_netherite', At ResourceLocation: JsonObject; At Ingredient: Unknown item 'spartanweaponry:quarterstaff_diamond', At ResourceLocation: JsonObject; At Ingredient: Unknown item 'spartanweaponry:quarterstaff_gold', At ResourceLocation: JsonObject; At Ingredient: Unknown item 'spartanweaponry:quarterstaff_iron', At ResourceLocation: JsonObject; At Ingredient: Unknown item 'spartanweaponry:quarterstaff_stone', At ResourceLocation: JsonObject; At Ingredient: Unknown item 'spartanweaponry:quarterstaff_wood', At ResourceLocation: JsonObject; At Ingredient: Unknown item 'spartanweaponry:glaive_lead', At ResourceLocation: JsonObject; At Ingredient: Unknown item 'spartanweaponry:glaive_nickel', At ResourceLocation: JsonObject; At Ingredient: Unknown item 'spartanweaponry:glaive_electrum', At ResourceLocation: JsonObject; At Ingredient: Unknown item 'spartanweaponry:glaive_platinum', At ResourceLocation: JsonObject; At Ingredient: Unknown item 'spartanweaponry:glaive_invar', At ResourceLocation: JsonObject; At Ingredient: Unknown item 'spartanweaponry:glaive_silver', At ResourceLocation: JsonObject; At Ingredient: Unknown item 'spartanweaponry:glaive_steel', At ResourceLocation: JsonObject; At Ingredient: Unknown item 'spartanweaponry:glaive_bronze', At ResourceLocation: JsonObject; At Ingredient: Unknown item 'spartanweaponry:glaive_tin', At ResourceLocation: JsonObject; At Ingredient: Unknown item 'spartanweaponry:glaive_copper', At ResourceLocation: JsonObject; At Ingredient: Unknown item 'spartanweaponry:glaive_netherite', At ResourceLocation: JsonObject; At Ingredient: Unknown item 'spartanweaponry:glaive_diamond', At ResourceLocation: JsonObject; At Ingredient: Unknown item 'spartanweaponry:glaive_gold', At ResourceLocation: JsonObject; At Ingredient: Unknown item 'spartanweaponry:glaive_iron', At ResourceLocation: JsonObject; At Ingredient: Unknown item 'spartanweaponry:glaive_stone', At ResourceLocation: JsonObject; At Ingredient: Unknown item 'spartanweaponry:glaive_wood', At ResourceLocation: JsonObject; At Ingredient: Unknown item 'spartanweaponry:flanged_mace_lead', At ResourceLocation: JsonObject; At Ingredient: Unknown item 'spartanweaponry:flanged_mace_nickel', At ResourceLocation: JsonObject; At Ingredient: Unknown item 'spartanweaponry:flanged_mace_electrum', At ResourceLocation: JsonObject; At Ingredient: Unknown item 'spartanweaponry:flanged_mace_platinum', At ResourceLocation: JsonObject; At Ingredient: Unknown item 'spartanweaponry:flanged_mace_invar', At ResourceLocation: JsonObject; At Ingredient: Unknown item 'spartanweaponry:flanged_mace_silver', At ResourceLocation: JsonObject; At Ingredient: Unknown item 'spartanweaponry:flanged_mace_steel', At ResourceLocation: JsonObject; At Ingredient: Unknown item 'spartanweaponry:flanged_mace_bronze', At ResourceLocation: JsonObject; At Ingredient: Unknown item 'spartanweaponry:flanged_mace_tin', At ResourceLocation: JsonObject; At Ingredient: Unknown item 'spartanweaponry:flanged_mace_copper', At ResourceLocation: JsonObject; At Ingredient: Unknown item 'spartanweaponry:flanged_mace_netherite', At ResourceLocation: JsonObject; At Ingredient: Unknown item 'spartanweaponry:flanged_mace_diamond', At ResourceLocation: JsonObject; At Ingredient: Unknown item 'spartanweaponry:flanged_mace_gold', At ResourceLocation: JsonObject; At Ingredient: Unknown item 'spartanweaponry:flanged_mace_iron', At ResourceLocation: JsonObject; At Ingredient: Unknown item 'spartanweaponry:flanged_mace_stone', At ResourceLocation: JsonObject; At Ingredient: Unknown item 'spartanweaponry:flanged_mace_wood', At ResourceLocation: JsonObject; At Ingredient: Unknown item 'spartanweaponry:battleaxe_lead', At ResourceLocation: JsonObject; At Ingredient: Unknown item 'spartanweaponry:battleaxe_nickel', At ResourceLocation: JsonObject; At Ingredient: Unknown item 'spartanweaponry:battleaxe_electrum', At ResourceLocation: JsonObject; At Ingredient: Unknown item 'spartanweaponry:battleaxe_platinum', At ResourceLocation: JsonObject; At Ingredient: Unknown item 'spartanweaponry:battleaxe_invar', At ResourceLocation: JsonObject; At Ingredient: Unknown item 'spartanweaponry:battleaxe_silver', At ResourceLocation: JsonObject; At Ingredient: Unknown item 'spartanweaponry:battleaxe_steel', At ResourceLocation: JsonObject; At Ingredient: Unknown item 'spartanweaponry:battleaxe_bronze', At ResourceLocation: JsonObject; At Ingredient: Unknown item 'spartanweaponry:battleaxe_tin', At ResourceLocation: JsonObject; At Ingredient: Unknown item 'spartanweaponry:battleaxe_copper', At ResourceLocation: JsonObject; At Ingredient: Unknown item 'spartanweaponry:battleaxe_netherite', At ResourceLocation: JsonObject; At Ingredient: Unknown item 'spartanweaponry:battleaxe_diamond', At ResourceLocation: JsonObject; At Ingredient: Unknown item 'spartanweaponry:battleaxe_gold', At ResourceLocation: JsonObject; At Ingredient: Unknown item 'spartanweaponry:battleaxe_iron', At ResourceLocation: JsonObject; At Ingredient: Unknown item 'spartanweaponry:battleaxe_stone', At ResourceLocation: JsonObject; At Ingredient: Unknown item 'spartanweaponry:battleaxe_wood', At ResourceLocation: JsonObject; At Ingredient: Unknown item 'spartanweaponry:javelin_lead', At ResourceLocation: JsonObject; At Ingredient: Unknown item 'spartanweaponry:javelin_nickel', At ResourceLocation: JsonObject; At Ingredient: Unknown item 'spartanweaponry:javelin_electrum', At ResourceLocation: JsonObject; At Ingredient: Unknown item 'spartanweaponry:javelin_platinum', At ResourceLocation: JsonObject; At Ingredient: Unknown item 'spartanweaponry:javelin_invar', At ResourceLocation: JsonObject; At Ingredient: Unknown item 'spartanweaponry:javelin_silver', At ResourceLocation: JsonObject; At Ingredient: Unknown item 'spartanweaponry:javelin_steel', At ResourceLocation: JsonObject; At Ingredient: Unknown item 'spartanweaponry:javelin_bronze', At ResourceLocation: JsonObject; At Ingredient: Unknown item 'spartanweaponry:javelin_tin', At ResourceLocation: JsonObject; At Ingredient: Unknown item 'spartanweaponry:javelin_copper', At ResourceLocation: JsonObject; At Ingredient: Unknown item 'spartanweaponry:javelin_netherite', At ResourceLocation: JsonObject; At Ingredient: Unknown item 'spartanweaponry:javelin_diamond', At ResourceLocation: JsonObject; At Ingredient: Unknown item 'spartanweaponry:javelin_gold', At ResourceLocation: JsonObject; At Ingredient: Unknown item 'spartanweaponry:javelin_iron', At ResourceLocation: JsonObject; At Ingredient: Unknown item 'spartanweaponry:javelin_stone', At ResourceLocation: JsonObject; At Ingredient: Unknown item 'spartanweaponry:javelin_wood', At ResourceLocation: JsonObject; At Ingredient: Unknown item 'spartanweaponry:tomahawk_lead', At ResourceLocation: JsonObject; At Ingredient: Unknown item 'spartanweaponry:tomahawk_nickel', At ResourceLocation: JsonObject; At Ingredient: Unknown item 'spartanweaponry:tomahawk_electrum', At ResourceLocation: JsonObject; At Ingredient: Unknown item 'spartanweaponry:tomahawk_platinum', At ResourceLocation: JsonObject; At Ingredient: Unknown item 'spartanweaponry:tomahawk_invar', At ResourceLocation: JsonObject; At Ingredient: Unknown item 'spartanweaponry:tomahawk_silver', At ResourceLocation: JsonObject; At Ingredient: Unknown item 'spartanweaponry:tomahawk_steel', At ResourceLocation: JsonObject; At Ingredient: Unknown item 'spartanweaponry:tomahawk_bronze', At ResourceLocation: JsonObject; At Ingredient: Unknown item 'spartanweaponry:tomahawk_tin', At ResourceLocation: JsonObject; At Ingredient: Unknown item 'spartanweaponry:tomahawk_copper', At ResourceLocation: JsonObject; At Ingredient: Unknown item 'spartanweaponry:tomahawk_netherite', At ResourceLocation: JsonObject; At Ingredient: Unknown item 'spartanweaponry:tomahawk_diamond', At ResourceLocation: JsonObject; At Ingredient: Unknown item 'spartanweaponry:tomahawk_gold', At ResourceLocation: JsonObject; At Ingredient: Unknown item 'spartanweaponry:tomahawk_iron', At ResourceLocation: JsonObject; At Ingredient: Unknown item 'spartanweaponry:tomahawk_stone', At ResourceLocation: JsonObject; At Ingredient: Unknown item 'spartanweaponry:tomahawk_wood', At ResourceLocation: JsonObject; At Ingredient: Unknown item 'spartanweaponry:throwing_knife_lead', At ResourceLocation: JsonObject; At Ingredient: Unknown item 'spartanweaponry:throwing_knife_nickel', At ResourceLocation: JsonObject; At Ingredient: Unknown item 'spartanweaponry:throwing_knife_electrum', At ResourceLocation: JsonObject; At Ingredient: Unknown item 'spartanweaponry:throwing_knife_platinum', At ResourceLocation: JsonObject; At Ingredient: Unknown item 'spartanweaponry:throwing_knife_invar', At ResourceLocation: JsonObject; At Ingredient: Unknown item 'spartanweaponry:throwing_knife_silver', At ResourceLocation: JsonObject; At Ingredient: Unknown item 'spartanweaponry:throwing_knife_steel', At ResourceLocation: JsonObject; At Ingredient: Unknown item 'spartanweaponry:throwing_knife_bronze', At ResourceLocation: JsonObject; At Ingredient: Unknown item 'spartanweaponry:throwing_knife_tin', At ResourceLocation: JsonObject; At Ingredient: Unknown item 'spartanweaponry:throwing_knife_copper', At ResourceLocation: JsonObject; At Ingredient: Unknown item 'spartanweaponry:throwing_knife_netherite', At ResourceLocation: JsonObject; At Ingredient: Unknown item 'spartanweaponry:throwing_knife_diamond', At ResourceLocation: JsonObject; At Ingredient: Unknown item 'spartanweaponry:throwing_knife_gold', At ResourceLocation: JsonObject; At Ingredient: Unknown item 'spartanweaponry:throwing_knife_iron', At ResourceLocation: JsonObject; At Ingredient: Unknown item 'spartanweaponry:throwing_knife_stone', At ResourceLocation: JsonObject; At Ingredient: Unknown item 'spartanweaponry:throwing_knife_wood', At ResourceLocation: JsonObject; At Ingredient: Unknown item 'spartanweaponry:lance_lead', At ResourceLocation: JsonObject; At Ingredient: Unknown item 'spartanweaponry:lance_nickel', At ResourceLocation: JsonObject; At Ingredient: Unknown item 'spartanweaponry:lance_electrum', At ResourceLocation: JsonObject; At Ingredient: Unknown item 'spartanweaponry:lance_platinum', At ResourceLocation: JsonObject; At Ingredient: Unknown item 'spartanweaponry:lance_invar', At ResourceLocation: JsonObject; At Ingredient: Unknown item 'spartanweaponry:lance_silver', At ResourceLocation: JsonObject; At Ingredient: Unknown item 'spartanweaponry:lance_steel', At ResourceLocation: JsonObject; At Ingredient: Unknown item 'spartanweaponry:lance_bronze', At ResourceLocation: JsonObject; At Ingredient: Unknown item 'spartanweaponry:lance_tin', At ResourceLocation: JsonObject; At Ingredient: Unknown item 'spartanweaponry:lance_copper', At ResourceLocation: JsonObject; At Ingredient: Unknown item 'spartanweaponry:lance_netherite', At ResourceLocation: JsonObject; At Ingredient: Unknown item 'spartanweaponry:lance_diamond', At ResourceLocation: JsonObject; At Ingredient: Unknown item 'spartanweaponry:lance_gold', At ResourceLocation: JsonObject; At Ingredient: Unknown item 'spartanweaponry:lance_iron', At ResourceLocation: JsonObject; At Ingredient: Unknown item 'spartanweaponry:lance_stone', At ResourceLocation: JsonObject; At Ingredient: Unknown item 'spartanweaponry:lance_wood', At ResourceLocation: JsonObject; At Ingredient: Unknown item 'spartanweaponry:pike_lead', At ResourceLocation: JsonObject; At Ingredient: Unknown item 'spartanweaponry:pike_nickel', At ResourceLocation: JsonObject; At Ingredient: Unknown item 'spartanweaponry:pike_electrum', At ResourceLocation: JsonObject; At Ingredient: Unknown item 'spartanweaponry:pike_platinum', At ResourceLocation: JsonObject; At Ingredient: Unknown item 'spartanweaponry:pike_invar', At ResourceLocation: JsonObject; At Ingredient: Unknown item 'spartanweaponry:pike_silver', At ResourceLocation: JsonObject; At Ingredient: Unknown item 'spartanweaponry:pike_steel', At ResourceLocation: JsonObject; At Ingredient: Unknown item 'spartanweaponry:pike_bronze', At ResourceLocation: JsonObject; At Ingredient: Unknown item 'spartanweaponry:pike_tin', At ResourceLocation: JsonObject; At Ingredient: Unknown item 'spartanweaponry:pike_copper', At ResourceLocation: JsonObject; At Ingredient: Unknown item 'spartanweaponry:pike_netherite', At ResourceLocation: JsonObject; At Ingredient: Unknown item 'spartanweaponry:pike_diamond', At ResourceLocation: JsonObject; At Ingredient: Unknown item 'spartanweaponry:pike_gold', At ResourceLocation: JsonObject; At Ingredient: Unknown item 'spartanweaponry:pike_iron', At ResourceLocation: JsonObject; At Ingredient: Unknown item 'spartanweaponry:pike_stone', At ResourceLocation: JsonObject; At Ingredient: Unknown item 'spartanweaponry:pike_wood', At ResourceLocation: JsonObject; At Ingredient: Unknown item 'spartanweaponry:halberd_lead', At ResourceLocation: JsonObject; At Ingredient: Unknown item 'spartanweaponry:halberd_nickel', At ResourceLocation: JsonObject; At Ingredient: Unknown item 'spartanweaponry:halberd_electrum', At ResourceLocation: JsonObject; At Ingredient: Unknown item 'spartanweaponry:halberd_platinum', At ResourceLocation: JsonObject; At Ingredient: Unknown item 'spartanweaponry:halberd_invar', At ResourceLocation: JsonObject; At Ingredient: Unknown item 'spartanweaponry:halberd_silver', At ResourceLocation: JsonObject; At Ingredient: Unknown item 'spartanweaponry:halberd_steel', At ResourceLocation: JsonObject; At Ingredient: Unknown item 'spartanweaponry:halberd_bronze', At ResourceLocation: JsonObject; At Ingredient: Unknown item 'spartanweaponry:halberd_tin', At ResourceLocation: JsonObject; At Ingredient: Unknown item 'spartanweaponry:halberd_copper', At ResourceLocation: JsonObject; At Ingredient: Unknown item 'spartanweaponry:halberd_netherite', At ResourceLocation: JsonObject; At Ingredient: Unknown item 'spartanweaponry:halberd_diamond', At ResourceLocation: JsonObject; At Ingredient: Unknown item 'spartanweaponry:halberd_gold', At ResourceLocation: JsonObject; At Ingredient: Unknown item 'spartanweaponry:halberd_iron', At ResourceLocation: JsonObject; At Ingredient: Unknown item 'spartanweaponry:halberd_stone', At ResourceLocation: JsonObject; At Ingredient: Unknown item 'spartanweaponry:halberd_wood', At ResourceLocation: JsonObject; At Ingredient: Unknown item 'spartanweaponry:spear_lead', At ResourceLocation: JsonObject; At Ingredient: Unknown item 'spartanweaponry:spear_nickel', At ResourceLocation: JsonObject; At Ingredient: Unknown item 'spartanweaponry:spear_electrum', At ResourceLocation: JsonObject; At Ingredient: Unknown item 'spartanweaponry:spear_platinum', At ResourceLocation: JsonObject; At Ingredient: Unknown item 'spartanweaponry:spear_invar', At ResourceLocation: JsonObject; At Ingredient: Unknown item 'spartanweaponry:spear_silver', At ResourceLocation: JsonObject; At Ingredient: Unknown item 'spartanweaponry:spear_steel', At ResourceLocation: JsonObject; At Ingredient: Unknown item 'spartanweaponry:spear_bronze', At ResourceLocation: JsonObject; At Ingredient: Unknown item 'spartanweaponry:spear_tin', At ResourceLocation: JsonObject; At Ingredient: Unknown item 'spartanweaponry:spear_copper', At ResourceLocation: JsonObject; At Ingredient: Unknown item 'spartanweaponry:spear_netherite', At ResourceLocation: JsonObject; At Ingredient: Unknown item 'spartanweaponry:spear_diamond', At ResourceLocation: JsonObject; At Ingredient: Unknown item 'spartanweaponry:spear_gold', At ResourceLocation: JsonObject; At Ingredient: Unknown item 'spartanweaponry:spear_iron', At ResourceLocation: JsonObject; At Ingredient: Unknown item 'spartanweaponry:spear_stone', At ResourceLocation: JsonObject; At Ingredient: Unknown item 'spartanweaponry:spear_wood', At ResourceLocation: JsonObject; At Ingredient: Unknown item 'spartanweaponry:warhammer_lead', At ResourceLocation: JsonObject; At Ingredient: Unknown item 'spartanweaponry:warhammer_nickel', At ResourceLocation: JsonObject; At Ingredient: Unknown item 'spartanweaponry:warhammer_electrum', At ResourceLocation: JsonObject; At Ingredient: Unknown item 'spartanweaponry:warhammer_platinum', At ResourceLocation: JsonObject; At Ingredient: Unknown item 'spartanweaponry:warhammer_invar', At ResourceLocation: JsonObject; At Ingredient: Unknown item 'spartanweaponry:warhammer_silver', At ResourceLocation: JsonObject; At Ingredient: Unknown item 'spartanweaponry:warhammer_steel', At ResourceLocation: JsonObject; At Ingredient: Unknown item 'spartanweaponry:warhammer_bronze', At ResourceLocation: JsonObject; At Ingredient: Unknown item 'spartanweaponry:warhammer_tin', At ResourceLocation: JsonObject; At Ingredient: Unknown item 'spartanweaponry:warhammer_copper', At ResourceLocation: JsonObject; At Ingredient: Unknown item 'spartanweaponry:warhammer_netherite', At ResourceLocation: JsonObject; At Ingredient: Unknown item 'spartanweaponry:warhammer_diamond', At ResourceLocation: JsonObject; At Ingredient: Unknown item 'spartanweaponry:warhammer_gold', At ResourceLocation: JsonObject; At Ingredient: Unknown item 'spartanweaponry:warhammer_iron', At ResourceLocation: JsonObject; At Ingredient: Unknown item 'spartanweaponry:warhammer_stone', At ResourceLocation: JsonObject; At Ingredient: Unknown item 'spartanweaponry:warhammer_wood', At ResourceLocation: JsonObject; At Ingredient: Unknown item 'spartanweaponry:hammer_lead', At ResourceLocation: JsonObject; At Ingredient: Unknown item 'spartanweaponry:hammer_nickel', At ResourceLocation: JsonObject; At Ingredient: Unknown item 'spartanweaponry:hammer_electrum', At ResourceLocation: JsonObject; At Ingredient: Unknown item 'spartanweaponry:hammer_platinum', At ResourceLocation: JsonObject; At Ingredient: Unknown item 'spartanweaponry:hammer_invar', At ResourceLocation: JsonObject; At Ingredient: Unknown item 'spartanweaponry:hammer_silver', At ResourceLocation: JsonObject; At Ingredient: Unknown item 'spartanweaponry:hammer_steel', At ResourceLocation: JsonObject; At Ingredient: Unknown item 'spartanweaponry:hammer_bronze', At ResourceLocation: JsonObject; At Ingredient: Unknown item 'spartanweaponry:hammer_tin', At ResourceLocation: JsonObject; At Ingredient: Unknown item 'spartanweaponry:hammer_copper', At ResourceLocation: JsonObject; At Ingredient: Unknown item 'spartanweaponry:hammer_netherite', At ResourceLocation: JsonObject; At Ingredient: Unknown item 'spartanweaponry:hammer_diamond', At ResourceLocation: JsonObject; At Ingredient: Unknown item 'spartanweaponry:hammer_gold', At ResourceLocation: JsonObject; At Ingredient: Unknown item 'spartanweaponry:hammer_iron', At ResourceLocation: JsonObject; At Ingredient: Unknown item 'spartanweaponry:hammer_stone', At ResourceLocation: JsonObject; At Ingredient: Unknown item 'spartanweaponry:hammer_wood', At ResourceLocation: JsonObject; At Ingredient: Unknown item 'spartanweaponry:dagger_lead', At ResourceLocation: JsonObject; At Ingredient: Unknown item 'spartanweaponry:dagger_nickel', At ResourceLocation: JsonObject; At Ingredient: Unknown item 'spartanweaponry:dagger_electrum', At ResourceLocation: JsonObject; At Ingredient: Unknown item 'spartanweaponry:dagger_platinum', At ResourceLocation: JsonObject; At Ingredient: Unknown item 'spartanweaponry:dagger_invar', At ResourceLocation: JsonObject; At Ingredient: Unknown item 'spartanweaponry:dagger_silver', At ResourceLocation: JsonObject; At Ingredient: Unknown item 'spartanweaponry:dagger_steel', At ResourceLocation: JsonObject; At Ingredient: Unknown item 'spartanweaponry:dagger_bronze', At ResourceLocation: JsonObject; At Ingredient: Unknown item 'spartanweaponry:dagger_tin', At ResourceLocation: JsonObject; At Ingredient: Unknown item 'spartanweaponry:dagger_copper', At ResourceLocation: JsonObject; At Ingredient: Unknown item 'spartanweaponry:dagger_netherite', At ResourceLocation: JsonObject; At Ingredient: Unknown item 'spartanweaponry:dagger_diamond', At ResourceLocation: JsonObject; At Ingredient: Unknown item 'spartanweaponry:dagger_gold', At ResourceLocation: JsonObject; At Ingredient: Unknown item 'spartanweaponry:dagger_iron', At ResourceLocation: JsonObject; At Ingredient: Unknown item 'spartanweaponry:dagger_stone', At ResourceLocation: JsonObject; At Ingredient: Unknown item 'spartanweaponry:dagger_wood', At ResourceLocation: JsonObject, At ResourceLocation: JsonObject
[13Jul2026 19:42:49.482] [main/WARN] [io.github.apace100.apoli.Apoli/]: Power "medievalorigins:paladin/holy_instruments_dungeons_gear" will only be partially loaded: At Ingredient: Unknown item 'dungeons_gear:whirlwind', At ResourceLocation: JsonObject; At Ingredient: Unknown item 'dungeons_gear:cursed_axe', At ResourceLocation: JsonObject; At Ingredient: Unknown item 'dungeons_gear:double_axe', At ResourceLocation: JsonObject; At Ingredient: Unknown item 'dungeons_gear:highland_axe', At ResourceLocation: JsonObject; At Ingredient: Unknown item 'dungeons_gear:firebrand', At ResourceLocation: JsonObject; At Ingredient: Unknown item 'dungeons_gear:gold_axe', At ResourceLocation: JsonObject; At Ingredient: Unknown item 'dungeons_gear:axe', At ResourceLocation: JsonObject, At ResourceLocation: JsonObject
[13Jul2026 19:42:49.494] [main/WARN] [io.github.apace100.apoli.Apoli/]: Power "arkwys:minotaur/axe_proficiency_iceandfire" will only be partially loaded: At Ingredient: Unknown item 'iceandfire:troll_weapon_axe', At ResourceLocation: JsonObject; At Ingredient: Unknown item 'iceandfire:dragonsteel_lightning_axe', At ResourceLocation: JsonObject; At Ingredient: Unknown item 'iceandfire:dragonsteel_cold_axe', At ResourceLocation: JsonObject; At Ingredient: Unknown item 'iceandfire:dragonsteel_fire_axe', At ResourceLocation: JsonObject; At Ingredient: Unknown item 'iceandfire:myrmex_jungle_axe', At ResourceLocation: JsonObject; At Ingredient: Unknown item 'iceandfire:myrmex_desert_axe', At ResourceLocation: JsonObject; At Ingredient: Unknown item 'iceandfire:dragonbone_axe', At ResourceLocation: JsonObject; At Ingredient: Unknown item 'iceandfire:copper_axe', At ResourceLocation: JsonObject; At Ingredient: Unknown item 'iceandfire:silver_axe', At ResourceLocation: JsonObject, At ResourceLocation: JsonObject
[13Jul2026 19:42:49.498] [main/ERROR] [io.github.apace100.apoli.Apoli/]: Error loading power "arkwys:slimefolk/slime_sizeable_health": Unknown registry key: minecraft:generic.max_health; Unknown registry key: origins:attribute, At ResourceLocation: JsonObject
[13Jul2026 19:42:49.498] [main/ERROR] [io.github.apace100.apoli.Apoli/]: Loading for all instances of power arkwys:slimefolk/slime_sizeable_health failed.
[13Jul2026 19:42:49.520] [main/WARN] [io.github.apace100.apoli.Apoli/]: Power "arkwys:minotaur/axe_proficiency" will only be partially loaded: At Ingredient: Unknown item 'iceandfire:troll_weapon_axe', At ResourceLocation: JsonObject; At Ingredient: Unknown item 'iceandfire:dragonsteel_lightning_axe', At ResourceLocation: JsonObject; At Ingredient: Unknown item 'iceandfire:dragonsteel_cold_axe', At ResourceLocation: JsonObject; At Ingredient: Unknown item 'iceandfire:dragonsteel_fire_axe', At ResourceLocation: JsonObject; At Ingredient: Unknown item 'iceandfire:myrmex_jungle_axe', At ResourceLocation: JsonObject; At Ingredient: Unknown item 'iceandfire:myrmex_desert_axe', At ResourceLocation: JsonObject; At Ingredient: Unknown item 'iceandfire:dragonbone_axe', At ResourceLocation: JsonObject; At Ingredient: Unknown item 'iceandfire:copper_axe', At ResourceLocation: JsonObject; At Ingredient: Unknown item 'iceandfire:silver_axe', At ResourceLocation: JsonObject; At Ingredient: Unknown item 'dungeons_gear:whirlwind', At ResourceLocation: JsonObject; At Ingredient: Unknown item 'dungeons_gear:cursed_axe', At ResourceLocation: JsonObject; At Ingredient: Unknown item 'dungeons_gear:double_axe', At ResourceLocation: JsonObject; At Ingredient: Unknown item 'dungeons_gear:highland_axe', At ResourceLocation: JsonObject; At Ingredient: Unknown item 'dungeons_gear:firebrand', At ResourceLocation: JsonObject; At Ingredient: Unknown item 'dungeons_gear:gold_axe', At ResourceLocation: JsonObject; At Ingredient: Unknown item 'dungeons_gear:axe', At ResourceLocation: JsonObject, At ResourceLocation: JsonObject
[13Jul2026 19:42:49.524] [main/ERROR] [io.github.apace100.apoli.Apoli/]: Error loading power "medievalorigins:dwarf/photoallergic": No key interval in MapLike[{"type":"origins:burn","burn_duration":6,"condition":{"type":"origins:and","conditions":[{"type":"origins:exposed_to_sun"},{"type":"origins:equipped_item","equipment_slot":"head","item_condition":{"type":"origins:ingredient","ingredient":{"tag":"medievalorigins:helmet"}},"inverted":true}]}}]
[13Jul2026 19:42:49.524] [main/ERROR] [io.github.apace100.apoli.Apoli/]: Loading for all instances of power medievalorigins:dwarf/photoallergic failed.
[13Jul2026 19:42:49.536] [main/WARN] [io.github.apace100.apoli.Apoli/]: Power "strictly:new_diet" will only be partially loaded: Failed to read fields: No key conditions in MapLike[{"type":"origins:and"}]
[13Jul2026 19:42:49.558] [main/WARN] [io.github.apace100.apoli.Apoli/]: Power "strictly:smoke_sickness" will only be partially loaded: Failed to read fields: Unknown registry key: origins:stacking_status_effect, At ResourceLocation: JsonObject; Unknown registry key: origins:stacking_status_effect, At ResourceLocation: JsonObject, At ResourceLocation: JsonObject
[13Jul2026 19:42:49.561] [main/ERROR] [io.github.apace100.apoli.Apoli/]: Error loading power "medievalorigins:troll/mountainous": Input does not contain a key [type]: MapLike[{"mountainous":{"type":"origins:action_on_callback","entity_action_chosen":{"type":"origins:execute_command","command":"scale set pehkui:base 1.7"},"entity_action_lost":{"type":"origins:execute_command","command":"scale reset pehkui:base"},"execute_chosen_when_orb":true},"mountainous2":{"type":"origins:action_over_time","entity_action":{"type":"origins:execute_command","command":"scale set pehkui:base 1.7"},"interval":100}}]
[13Jul2026 19:42:49.562] [main/ERROR] [io.github.apace100.apoli.Apoli/]: Loading for all instances of power medievalorigins:troll/mountainous failed.
[13Jul2026 19:42:49.577] [main/WARN] [io.github.apace100.apoli.Apoli/]: Power "medievalorigins:knight/melee4ever_dungeons_gear" will only be partially loaded: At Ingredient: Unknown item 'dungeons_gear:nautical_crossbow', At ResourceLocation: JsonObject; At Ingredient: Unknown item 'dungeons_gear:harpoon_crossbow', At ResourceLocation: JsonObject; At Ingredient: Unknown item 'dungeons_gear:pride_of_the_piglins', At ResourceLocation: JsonObject; At Ingredient: Unknown item 'dungeons_gear:cog_crossbow', At ResourceLocation: JsonObject; At Ingredient: Unknown item 'dungeons_gear:baby_crossbow', At ResourceLocation: JsonObject; At Ingredient: Unknown item 'dungeons_gear:dual_crossbow', At ResourceLocation: JsonObject; At Ingredient: Unknown item 'dungeons_gear:soul_hunter_crossbow', At ResourceLocation: JsonObject; At Ingredient: Unknown item 'dungeons_gear:corrupted_crossbow', At ResourceLocation: JsonObject; At Ingredient: Unknown item 'dungeons_gear:burst_crossbow', At ResourceLocation: JsonObject; At Ingredient: Unknown item 'dungeons_gear:imploding_crossbow', At ResourceLocation: JsonObject; At Ingredient: Unknown item 'dungeons_gear:firebolt_thrower', At ResourceLocation: JsonObject; At Ingredient: Unknown item 'dungeons_gear:exploding_crossbow', At ResourceLocation: JsonObject; At Ingredient: Unknown item 'dungeons_gear:lightning_harp_crossbow', At ResourceLocation: JsonObject; At Ingredient: Unknown item 'dungeons_gear:harp_crossbow', At ResourceLocation: JsonObject; At Ingredient: Unknown item 'dungeons_gear:scatter_crossbow', At ResourceLocation: JsonObject; At Ingredient: Unknown item 'dungeons_gear:voidcaller', At ResourceLocation: JsonObject; At Ingredient: Unknown item 'dungeons_gear:feral_soul_crossbow', At ResourceLocation: JsonObject; At Ingredient: Unknown item 'dungeons_gear:soul_crossbow', At ResourceLocation: JsonObject; At Ingredient: Unknown item 'dungeons_gear:slayer_crossbow', At ResourceLocation: JsonObject; At Ingredient: Unknown item 'dungeons_gear:doom_crossbow', At ResourceLocation: JsonObject; At Ingredient: Unknown item 'dungeons_gear:heavy_crossbow', At ResourceLocation: JsonObject; At Ingredient: Unknown item 'dungeons_gear:the_slicer', At ResourceLocation: JsonObject; At Ingredient: Unknown item 'dungeons_gear:azure_seeker', At ResourceLocation: JsonObject; At Ingredient: Unknown item 'dungeons_gear:auto_crossbow', At ResourceLocation: JsonObject; At Ingredient: Unknown item 'dungeons_gear:butterfly_crossbow', At ResourceLocation: JsonObject; At Ingredient: Unknown item 'dungeons_gear:rapid_crossbow', At ResourceLocation: JsonObject; At Ingredient: Unknown item 'dungeons_gear:bubble_burster', At ResourceLocation: JsonObject; At Ingredient: Unknown item 'dungeons_gear:bubble_bow', At ResourceLocation: JsonObject; At Ingredient: Unknown item 'dungeons_gear:weeping_vine_bow', At ResourceLocation: JsonObject; At Ingredient: Unknown item 'dungeons_gear:twisting_vine_bow', At ResourceLocation: JsonObject; At Ingredient: Unknown item 'dungeons_gear:echo_of_the_valley', At ResourceLocation: JsonObject; At Ingredient: Unknown item 'dungeons_gear:burst_gale_bow', At ResourceLocation: JsonObject; At Ingredient: Unknown item 'dungeons_gear:wind_bow', At ResourceLocation: JsonObject; At Ingredient: Unknown item 'dungeons_gear:winters_touch', At ResourceLocation: JsonObject; At Ingredient: Unknown item 'dungeons_gear:snow_bow', At ResourceLocation: JsonObject; At Ingredient: Unknown item 'dungeons_gear:sugar_rush', At ResourceLocation: JsonObject; At Ingredient: Unknown item 'dungeons_gear:the_pink_scoundrel', At ResourceLocation: JsonObject; At Ingredient: Unknown item 'dungeons_gear:the_green_menace', At ResourceLocation: JsonObject; At Ingredient: Unknown item 'dungeons_gear:trickbow', At ResourceLocation: JsonObject; At Ingredient: Unknown item 'dungeons_gear:love_spell_bow', At ResourceLocation: JsonObject; At Ingredient: Unknown item 'dungeons_gear:purple_storm', At ResourceLocation: JsonObject; At Ingredient: Unknown item 'dungeons_gear:mechanical_shortbow', At ResourceLocation: JsonObject; At Ingredient: Unknown item 'dungeons_gear:shortbow', At ResourceLocation: JsonObject; At Ingredient: Unknown item 'dungeons_gear:ancient_bow', At ResourceLocation: JsonObject; At Ingredient: Unknown item 'dungeons_gear:masters_bow', At ResourceLocation: JsonObject; At Ingredient: Unknown item 'dungeons_gear:hunters_promise', At ResourceLocation: JsonObject; At Ingredient: Unknown item 'dungeons_gear:hunting_bow', At ResourceLocation: JsonObject; At Ingredient: Unknown item 'dungeons_gear:red_snake', At ResourceLocation: JsonObject; At Ingredient: Unknown item 'dungeons_gear:guardian_bow', At ResourceLocation: JsonObject; At Ingredient: Unknown item 'dungeons_gear:longbow', At ResourceLocation: JsonObject; At Ingredient: Unknown item 'dungeons_gear:sabrewing', At ResourceLocation: JsonObject; At Ingredient: Unknown item 'dungeons_gear:elite_power_bow', At ResourceLocation: JsonObject; At Ingredient: Unknown item 'dungeons_gear:power_bow', At ResourceLocation: JsonObject; At Ingredient: Unknown item 'dungeons_gear:shivering_bow', At ResourceLocation: JsonObject; At Ingredient: Unknown item 'dungeons_gear:nocturnal_bow', At ResourceLocation: JsonObject; At Ingredient: Unknown item 'dungeons_gear:bow_of_lost_souls', At ResourceLocation: JsonObject; At Ingredient: Unknown item 'dungeons_gear:soul_bow', At ResourceLocation: JsonObject; At Ingredient: Unknown item 'dungeons_gear:haunted_bow', At ResourceLocation: JsonObject; At Ingredient: Unknown item 'dungeons_gear:twin_bow', At ResourceLocation: JsonObject; At Ingredient: Unknown item 'dungeons_gear:bonebow', At ResourceLocation: JsonObject, At ResourceLocation: JsonObject
[13Jul2026 19:42:49.578] [main/ERROR] [io.github.apace100.apoli.Apoli/]: Error loading power "strictly:slowwalker": No key duration_per_stack in MapLike[{"type":"origins:stacking_status_effect","entity_action":{"type":"origins:apply_effect","effects":[{"effect":"minecraft:luck","duration":-1,"is_ambient":false,"show_particles":false,"show_icon":false},{"effect":"minecraft:slowness","duration":-1,"is_ambient":false,"show_particles":false,"show_icon":true}]}}]; No key max_stacks in MapLike[{"type":"origins:stacking_status_effect","entity_action":{"type":"origins:apply_effect","effects":[{"effect":"minecraft:luck","duration":-1,"is_ambient":false,"show_particles":false,"show_icon":false},{"effect":"minecraft:slowness","duration":-1,"is_ambient":false,"show_particles":false,"show_icon":true}]}}]; No key min_stacks in MapLike[{"type":"origins:stacking_status_effect","entity_action":{"type":"origins:apply_effect","effects":[{"effect":"minecraft:luck","duration":-1,"is_ambient":false,"show_particles":false,"show_icon":false},{"effect":"minecraft:slowness","duration":-1,"is_ambient":false,"show_particles":false,"show_icon":true}]}}]
[13Jul2026 19:42:49.578] [main/ERROR] [io.github.apace100.apoli.Apoli/]: Loading for all instances of power strictly:slowwalker failed.
[13Jul2026 19:42:49.578] [main/ERROR] [io.github.apace100.apoli.Apoli/]: Error loading power "cisco_rpg_origins:melee_inapptitude": At Ingredient: Unknown item 'origins:swords', At ResourceLocation: JsonObject
[13Jul2026 19:42:49.578] [main/ERROR] [io.github.apace100.apoli.Apoli/]: Loading for all instances of power cisco_rpg_origins:melee_inapptitude failed.
[13Jul2026 19:42:49.580] [main/WARN] [io.github.apace100.apoli.Apoli/]: Power "medievalorigins:elf/weak_melee_dungeons_gear" will only be partially loaded: At Ingredient: Unknown item 'dungeons_gear:whirlwind', At ResourceLocation: JsonObject; At Ingredient: Unknown item 'dungeons_gear:cursed_axe', At ResourceLocation: JsonObject; At Ingredient: Unknown item 'dungeons_gear:double_axe', At ResourceLocation: JsonObject; At Ingredient: Unknown item 'dungeons_gear:highland_axe', At ResourceLocation: JsonObject; At Ingredient: Unknown item 'dungeons_gear:firebrand', At ResourceLocation: JsonObject; At Ingredient: Unknown item 'dungeons_gear:gold_axe', At ResourceLocation: JsonObject; At Ingredient: Unknown item 'dungeons_gear:axe', At ResourceLocation: JsonObject, At ResourceLocation: JsonObject
[13Jul2026 19:42:49.587] [main/WARN] [io.github.apace100.apoli.Apoli/]: Power "arkwys:woodelf/weak_melee_dungeons_gear" will only be partially loaded: At Ingredient: Unknown item 'dungeons_gear:rapier', At ResourceLocation: JsonObject; At Ingredient: Unknown item 'dungeons_gear:frost_slayer', At ResourceLocation: JsonObject; At Ingredient: Unknown item 'dungeons_gear:heartstealer', At ResourceLocation: JsonObject; At Ingredient: Unknown item 'dungeons_gear:broadsword', At ResourceLocation: JsonObject; At Ingredient: Unknown item 'dungeons_gear:claymore', At ResourceLocation: JsonObject; At Ingredient: Unknown item 'dungeons_gear:truthseeker', At ResourceLocation: JsonObject; At Ingredient: Unknown item 'dungeons_gear:masters_katana', At ResourceLocation: JsonObject; At Ingredient: Unknown item 'dungeons_gear:dark_katana', At ResourceLocation: JsonObject; At Ingredient: Unknown item 'dungeons_gear:katana', At ResourceLocation: JsonObject; At Ingredient: Unknown item 'dungeons_gear:sinister_sword', At ResourceLocation: JsonObject; At Ingredient: Unknown item 'dungeons_gear:hawkbrand', At ResourceLocation: JsonObject; At Ingredient: Unknown item 'dungeons_gear:diamond_sword', At ResourceLocation: JsonObject; At Ingredient: Unknown item 'dungeons_gear:gold_sword', At ResourceLocation: JsonObject; At Ingredient: Unknown item 'dungeons_gear:stone_sword', At ResourceLocation: JsonObject; At Ingredient: Unknown item 'dungeons_gear:sword', At ResourceLocation: JsonObject; At Ingredient: Unknown item 'dungeons_gear:nameless_blade', At ResourceLocation: JsonObject; At Ingredient: Unknown item 'dungeons_gear:cutlass', At ResourceLocation: JsonObject; At Ingredient: Unknown item 'dungeons_gear:freezing_foil', At ResourceLocation: JsonObject; At Ingredient: Unknown item 'dungeons_gear:bee_stinger', At ResourceLocation: JsonObject; At Ingredient: Unknown item 'dungeons_gear:rapier', At ResourceLocation: JsonObject; At Ingredient: Unknown item 'dungeons_gear:whirlwind', At ResourceLocation: JsonObject; At Ingredient: Unknown item 'dungeons_gear:cursed_axe', At ResourceLocation: JsonObject; At Ingredient: Unknown item 'dungeons_gear:double_axe', At ResourceLocation: JsonObject; At Ingredient: Unknown item 'dungeons_gear:highland_axe', At ResourceLocation: JsonObject; At Ingredient: Unknown item 'dungeons_gear:firebrand', At ResourceLocation: JsonObject; At Ingredient: Unknown item 'dungeons_gear:gold_axe', At ResourceLocation: JsonObject; At Ingredient: Unknown item 'dungeons_gear:axe', At ResourceLocation: JsonObject, At ResourceLocation: JsonObject
[13Jul2026 19:42:49.594] [main/WARN] [io.github.apace100.apoli.Apoli/]: Power "medievalorigins:elf/weak_swords_dungeons_gear" will only be partially loaded: At Ingredient: Unknown item 'dungeons_gear:rapier', At ResourceLocation: JsonObject; At Ingredient: Unknown item 'dungeons_gear:frost_slayer', At ResourceLocation: JsonObject; At Ingredient: Unknown item 'dungeons_gear:heartstealer', At ResourceLocation: JsonObject; At Ingredient: Unknown item 'dungeons_gear:broadsword', At ResourceLocation: JsonObject; At Ingredient: Unknown item 'dungeons_gear:claymore', At ResourceLocation: JsonObject; At Ingredient: Unknown item 'dungeons_gear:truthseeker', At ResourceLocation: JsonObject; At Ingredient: Unknown item 'dungeons_gear:masters_katana', At ResourceLocation: JsonObject; At Ingredient: Unknown item 'dungeons_gear:dark_katana', At ResourceLocation: JsonObject; At Ingredient: Unknown item 'dungeons_gear:katana', At ResourceLocation: JsonObject; At Ingredient: Unknown item 'dungeons_gear:sinister_sword', At ResourceLocation: JsonObject; At Ingredient: Unknown item 'dungeons_gear:hawkbrand', At ResourceLocation: JsonObject; At Ingredient: Unknown item 'dungeons_gear:diamond_sword', At ResourceLocation: JsonObject; At Ingredient: Unknown item 'dungeons_gear:gold_sword', At ResourceLocation: JsonObject; At Ingredient: Unknown item 'dungeons_gear:stone_sword', At ResourceLocation: JsonObject; At Ingredient: Unknown item 'dungeons_gear:sword', At ResourceLocation: JsonObject; At Ingredient: Unknown item 'dungeons_gear:nameless_blade', At ResourceLocation: JsonObject; At Ingredient: Unknown item 'dungeons_gear:cutlass', At ResourceLocation: JsonObject; At Ingredient: Unknown item 'dungeons_gear:freezing_foil', At ResourceLocation: JsonObject; At Ingredient: Unknown item 'dungeons_gear:bee_stinger', At ResourceLocation: JsonObject; At Ingredient: Unknown item 'dungeons_gear:rapier', At ResourceLocation: JsonObject, At ResourceLocation: JsonObject
[13Jul2026 19:42:49.596] [main/WARN] [io.github.apace100.apoli.Apoli/]: Power "medievalorigins:knight/melee4ever_iceandfire" will only be partially loaded: At Ingredient: Unknown item 'iceandfire:dragonbone_bow', At ResourceLocation: JsonObject, At ResourceLocation: JsonObject
[13Jul2026 19:42:49.607] [main/WARN] [io.github.apace100.apoli.Apoli/]: Power "arkwys:minotaur/axe_proficiency_dungeons_gear" will only be partially loaded: At Ingredient: Unknown item 'dungeons_gear:whirlwind', At ResourceLocation: JsonObject; At Ingredient: Unknown item 'dungeons_gear:cursed_axe', At ResourceLocation: JsonObject; At Ingredient: Unknown item 'dungeons_gear:double_axe', At ResourceLocation: JsonObject; At Ingredient: Unknown item 'dungeons_gear:highland_axe', At ResourceLocation: JsonObject; At Ingredient: Unknown item 'dungeons_gear:firebrand', At ResourceLocation: JsonObject; At Ingredient: Unknown item 'dungeons_gear:gold_axe', At ResourceLocation: JsonObject; At Ingredient: Unknown item 'dungeons_gear:axe', At ResourceLocation: JsonObject, At ResourceLocation: JsonObject
[13Jul2026 19:42:49.613] [main/WARN] [io.github.apace100.apoli.Apoli/]: Power "arkwys:brute/axe_efficient_spartanweaponry" will only be partially loaded: At Ingredient: Unknown item 'spartanweaponry:battleaxe_gold', At ResourceLocation: JsonObject; At Ingredient: Unknown item 'spartanweaponry:tomahawk_gold', At ResourceLocation: JsonObject; At Ingredient: Unknown item 'spartanweaponry:halberd_gold', At ResourceLocation: JsonObject, At ResourceLocation: JsonObject
[13Jul2026 19:42:49.622] [main/WARN] [io.github.apace100.apoli.Apoli/]: Power "medievalorigins:elf/weak_swords_iceandfire" will only be partially loaded: At Ingredient: Unknown item 'iceandfire:ghost_sword', At ResourceLocation: JsonObject; At Ingredient: Unknown item 'iceandfire:dread_queen_sword', At ResourceLocation: JsonObject; At Ingredient: Unknown item 'iceandfire:dread_kinght_sword', At ResourceLocation: JsonObject; At Ingredient: Unknown item 'iceandfire:dread_sword', At ResourceLocation: JsonObject; At Ingredient: Unknown item 'iceandfire:dragonsteel_lightning_sword', At ResourceLocation: JsonObject; At Ingredient: Unknown item 'iceandfire:dragonsteel_ice_sword', At ResourceLocation: JsonObject; At Ingredient: Unknown item 'iceandfire:dragonsteel_fire_sword', At ResourceLocation: JsonObject; At Ingredient: Unknown item 'iceandfire:myrmex_jungle_sword_venom', At ResourceLocation: JsonObject; At Ingredient: Unknown item 'iceandfire:myrmex_jungle_sword', At ResourceLocation: JsonObject; At Ingredient: Unknown item 'iceandfire:myrmex_desert_sword_venom', At ResourceLocation: JsonObject; At Ingredient: Unknown item 'iceandfire:myrmex_desert_sword', At ResourceLocation: JsonObject; At Ingredient: Unknown item 'iceandfire:hippogryph_sword', At ResourceLocation: JsonObject; At Ingredient: Unknown item 'iceandfire:dragonbone_sword_ice', At ResourceLocation: JsonObject; At Ingredient: Unknown item 'iceandfire:dragonbone_sword_fire', At ResourceLocation: JsonObject; At Ingredient: Unknown item 'iceandfire:dragonbone_sword', At ResourceLocation: JsonObject; At Ingredient: Unknown item 'iceandfire:copper_sword', At ResourceLocation: JsonObject; At Ingredient: Unknown item 'iceandfire:silver_sword', At ResourceLocation: JsonObject, At ResourceLocation: JsonObject
[13Jul2026 19:42:49.660] [main/WARN] [io.github.apace100.apoli.Apoli/]: Power "medievalorigins:knight/skilled_swordsman_spartanweaponry" will only be partially loaded: At Ingredient: Unknown item 'spartanweaponry:greatsword_lead', At ResourceLocation: JsonObject; At Ingredient: Unknown item 'spartanweaponry:greatsword_nickel', At ResourceLocation: JsonObject; At Ingredient: Unknown item 'spartanweaponry:greatsword_electrum', At ResourceLocation: JsonObject; At Ingredient: Unknown item 'spartanweaponry:greatsword_platinum', At ResourceLocation: JsonObject; At Ingredient: Unknown item 'spartanweaponry:greatsword_invar', At ResourceLocation: JsonObject; At Ingredient: Unknown item 'spartanweaponry:greatsword_silver', At ResourceLocation: JsonObject; At Ingredient: Unknown item 'spartanweaponry:greatsword_steel', At ResourceLocation: JsonObject; At Ingredient: Unknown item 'spartanweaponry:greatsword_bronze', At ResourceLocation: JsonObject; At Ingredient: Unknown item 'spartanweaponry:greatsword_tin', At ResourceLocation: JsonObject; At Ingredient: Unknown item 'spartanweaponry:greatsword_copper', At ResourceLocation: JsonObject; At Ingredient: Unknown item 'spartanweaponry:greatsword_netherite', At ResourceLocation: JsonObject; At Ingredient: Unknown item 'spartanweaponry:greatsword_diamond', At ResourceLocation: JsonObject; At Ingredient: Unknown item 'spartanweaponry:greatsword_gold', At ResourceLocation: JsonObject; At Ingredient: Unknown item 'spartanweaponry:greatsword_iron', At ResourceLocation: JsonObject; At Ingredient: Unknown item 'spartanweaponry:greatsword_stone', At ResourceLocation: JsonObject; At Ingredient: Unknown item 'spartanweaponry:greatsword_wood', At ResourceLocation: JsonObject; At Ingredient: Unknown item 'spartanweaponry:rapier_lead', At ResourceLocation: JsonObject; At Ingredient: Unknown item 'spartanweaponry:rapier_nickel', At ResourceLocation: JsonObject; At Ingredient: Unknown item 'spartanweaponry:rapier_electrum', At ResourceLocation: JsonObject; At Ingredient: Unknown item 'spartanweaponry:rapier_platinum', At ResourceLocation: JsonObject; At Ingredient: Unknown item 'spartanweaponry:rapier_invar', At ResourceLocation: JsonObject; At Ingredient: Unknown item 'spartanweaponry:rapier_silver', At ResourceLocation: JsonObject; At Ingredient: Unknown item 'spartanweaponry:rapier_steel', At ResourceLocation: JsonObject; At Ingredient: Unknown item 'spartanweaponry:rapier_bronze', At ResourceLocation: JsonObject; At Ingredient: Unknown item 'spartanweaponry:rapier_tin', At ResourceLocation: JsonObject; At Ingredient: Unknown item 'spartanweaponry:rapier_copper', At ResourceLocation: JsonObject; At Ingredient: Unknown item 'spartanweaponry:rapier_netherite', At ResourceLocation: JsonObject; At Ingredient: Unknown item 'spartanweaponry:rapier_diamond', At ResourceLocation: JsonObject; At Ingredient: Unknown item 'spartanweaponry:rapier_gold', At ResourceLocation: JsonObject; At Ingredient: Unknown item 'spartanweaponry:rapier_iron', At ResourceLocation: JsonObject; At Ingredient: Unknown item 'spartanweaponry:rapier_stone', At ResourceLocation: JsonObject; At Ingredient: Unknown item 'spartanweaponry:rapier_wood', At ResourceLocation: JsonObject; At Ingredient: Unknown item 'spartanweaponry:saber_lead', At ResourceLocation: JsonObject; At Ingredient: Unknown item 'spartanweaponry:saber_nickel', At ResourceLocation: JsonObject; At Ingredient: Unknown item 'spartanweaponry:saber_electrum', At ResourceLocation: JsonObject; At Ingredient: Unknown item 'spartanweaponry:saber_platinum', At ResourceLocation: JsonObject; At Ingredient: Unknown item 'spartanweaponry:saber_invar', At ResourceLocation: JsonObject; At Ingredient: Unknown item 'spartanweaponry:saber_silver', At ResourceLocation: JsonObject; At Ingredient: Unknown item 'spartanweaponry:saber_steel', At ResourceLocation: JsonObject; At Ingredient: Unknown item 'spartanweaponry:saber_bronze', At ResourceLocation: JsonObject; At Ingredient: Unknown item 'spartanweaponry:saber_tin', At ResourceLocation: JsonObject; At Ingredient: Unknown item 'spartanweaponry:saber_copper', At ResourceLocation: JsonObject; At Ingredient: Unknown item 'spartanweaponry:saber_netherite', At ResourceLocation: JsonObject; At Ingredient: Unknown item 'spartanweaponry:saber_diamond', At ResourceLocation: JsonObject; At Ingredient: Unknown item 'spartanweaponry:saber_gold', At ResourceLocation: JsonObject; At Ingredient: Unknown item 'spartanweaponry:saber_iron', At ResourceLocation: JsonObject; At Ingredient: Unknown item 'spartanweaponry:saber_stone', At ResourceLocation: JsonObject; At Ingredient: Unknown item 'spartanweaponry:saber_wood', At ResourceLocation: JsonObject; At Ingredient: Unknown item 'spartanweaponry:katana_lead', At ResourceLocation: JsonObject; At Ingredient: Unknown item 'spartanweaponry:katana_nickel', At ResourceLocation: JsonObject; At Ingredient: Unknown item 'spartanweaponry:katana_electrum', At ResourceLocation: JsonObject; At Ingredient: Unknown item 'spartanweaponry:katana_platinum', At ResourceLocation: JsonObject; At Ingredient: Unknown item 'spartanweaponry:katana_invar', At ResourceLocation: JsonObject; At Ingredient: Unknown item 'spartanweaponry:katana_silver', At ResourceLocation: JsonObject; At Ingredient: Unknown item 'spartanweaponry:katana_steel', At ResourceLocation: JsonObject; At Ingredient: Unknown item 'spartanweaponry:katana_bronze', At ResourceLocation: JsonObject; At Ingredient: Unknown item 'spartanweaponry:katana_tin', At ResourceLocation: JsonObject; At Ingredient: Unknown item 'spartanweaponry:katana_copper', At ResourceLocation: JsonObject; At Ingredient: Unknown item 'spartanweaponry:katana_netherite', At ResourceLocation: JsonObject; At Ingredient: Unknown item 'spartanweaponry:katana_diamond', At ResourceLocation: JsonObject; At Ingredient: Unknown item 'spartanweaponry:katana_gold', At ResourceLocation: JsonObject; At Ingredient: Unknown item 'spartanweaponry:katana_iron', At ResourceLocation: JsonObject; At Ingredient: Unknown item 'spartanweaponry:katana_stone', At ResourceLocation: JsonObject; At Ingredient: Unknown item 'spartanweaponry:katana_wood', At ResourceLocation: JsonObject; At Ingredient: Unknown item 'spartanweaponry:longsword_lead', At ResourceLocation: JsonObject; At Ingredient: Unknown item 'spartanweaponry:longsword_nickel', At ResourceLocation: JsonObject; At Ingredient: Unknown item 'spartanweaponry:longsword_electrum', At ResourceLocation: JsonObject; At Ingredient: Unknown item 'spartanweaponry:longsword_platinum', At ResourceLocation: JsonObject; At Ingredient: Unknown item 'spartanweaponry:longsword_invar', At ResourceLocation: JsonObject; At Ingredient: Unknown item 'spartanweaponry:longsword_silver', At ResourceLocation: JsonObject; At Ingredient: Unknown item 'spartanweaponry:longsword_steel', At ResourceLocation: JsonObject; At Ingredient: Unknown item 'spartanweaponry:longsword_bronze', At ResourceLocation: JsonObject; At Ingredient: Unknown item 'spartanweaponry:longsword_tin', At ResourceLocation: JsonObject; At Ingredient: Unknown item 'spartanweaponry:longsword_copper', At ResourceLocation: JsonObject; At Ingredient: Unknown item 'spartanweaponry:longsword_netherite', At ResourceLocation: JsonObject; At Ingredient: Unknown item 'spartanweaponry:longsword_diamond', At ResourceLocation: JsonObject; At Ingredient: Unknown item 'spartanweaponry:longsword_gold', At ResourceLocation: JsonObject; At Ingredient: Unknown item 'spartanweaponry:longsword_iron', At ResourceLocation: JsonObject; At Ingredient: Unknown item 'spartanweaponry:longsword_stone', At ResourceLocation: JsonObject; At Ingredient: Unknown item 'spartanweaponry:longsword_wood', At ResourceLocation: JsonObject, At ResourceLocation: JsonObject
[13Jul2026 19:42:49.668] [main/ERROR] [io.github.apace100.apoli.Apoli/]: Error loading power "strictly:holy_shield": At MobEffectInstance: Error reading status effect: could not find status effect with id: dungeons_gear:shielding, At ResourceLocation: JsonObject; At MobEffect: Identifier "dungeons_gear:shielding" was not registered in registry "minecraft:mob_effect"., At ResourceLocation: JsonObject; At MobEffect: Identifier "dungeons_gear:shielding" was not registered in registry "minecraft:mob_effect"., At ResourceLocation: JsonObject
[13Jul2026 19:42:49.669] [main/ERROR] [io.github.apace100.apoli.Apoli/]: Loading for all instances of power strictly:holy_shield failed.
[13Jul2026 19:42:49.669] [main/WARN] [io.github.apace100.apoli.Apoli/]: Power "cisco_rpg_origins:lokis_boon_minor2" will only be partially loaded: At Attribute: Identifier "reach-entity-attributes:attack_range" was not registered in registry "minecraft:attribute".; At Attribute: Identifier "reach-entity-attributes:reach" was not registered in registry "minecraft:attribute".
[13Jul2026 19:42:49.676] [main/WARN] [io.github.apace100.apoli.Apoli/]: Power "cisco_rpg_origins:divine_hunger" will only be partially loaded: At Ingredient: Unknown item 'minecolonies:golden_bread', At ResourceLocation: JsonObject; At Ingredient: Unknown item 'galosphere:golden_lichen_cordyceps', At ResourceLocation: JsonObject
[13Jul2026 19:42:49.710] [main/WARN] [io.github.apace100.apoli.Apoli/]: Power "arkwys:woodelf/weak_melee_iceandfire" will only be partially loaded: At Ingredient: Unknown item 'iceandfire:ghost_sword', At ResourceLocation: JsonObject; At Ingredient: Unknown item 'iceandfire:dread_queen_sword', At ResourceLocation: JsonObject; At Ingredient: Unknown item 'iceandfire:dread_kinght_sword', At ResourceLocation: JsonObject; At Ingredient: Unknown item 'iceandfire:dread_sword', At ResourceLocation: JsonObject; At Ingredient: Unknown item 'iceandfire:dragonsteel_lightning_sword', At ResourceLocation: JsonObject; At Ingredient: Unknown item 'iceandfire:dragonsteel_ice_sword', At ResourceLocation: JsonObject; At Ingredient: Unknown item 'iceandfire:dragonsteel_fire_sword', At ResourceLocation: JsonObject; At Ingredient: Unknown item 'iceandfire:myrmex_jungle_sword_venom', At ResourceLocation: JsonObject; At Ingredient: Unknown item 'iceandfire:myrmex_jungle_sword', At ResourceLocation: JsonObject; At Ingredient: Unknown item 'iceandfire:myrmex_desert_sword_venom', At ResourceLocation: JsonObject; At Ingredient: Unknown item 'iceandfire:myrmex_desert_sword', At ResourceLocation: JsonObject; At Ingredient: Unknown item 'iceandfire:hippogryph_sword', At ResourceLocation: JsonObject; At Ingredient: Unknown item 'iceandfire:dragonbone_sword_ice', At ResourceLocation: JsonObject; At Ingredient: Unknown item 'iceandfire:dragonbone_sword_fire', At ResourceLocation: JsonObject; At Ingredient: Unknown item 'iceandfire:dragonbone_sword', At ResourceLocation: JsonObject; At Ingredient: Unknown item 'iceandfire:copper_sword', At ResourceLocation: JsonObject; At Ingredient: Unknown item 'iceandfire:silver_sword', At ResourceLocation: JsonObject; At Ingredient: Unknown item 'iceandfire:troll_weapon_axe', At ResourceLocation: JsonObject; At Ingredient: Unknown item 'iceandfire:dragonsteel_lightning_axe', At ResourceLocation: JsonObject; At Ingredient: Unknown item 'iceandfire:dragonsteel_cold_axe', At ResourceLocation: JsonObject; At Ingredient: Unknown item 'iceandfire:dragonsteel_fire_axe', At ResourceLocation: JsonObject; At Ingredient: Unknown item 'iceandfire:myrmex_jungle_axe', At ResourceLocation: JsonObject; At Ingredient: Unknown item 'iceandfire:myrmex_desert_axe', At ResourceLocation: JsonObject; At Ingredient: Unknown item 'iceandfire:dragonbone_axe', At ResourceLocation: JsonObject; At Ingredient: Unknown item 'iceandfire:copper_axe', At ResourceLocation: JsonObject; At Ingredient: Unknown item 'iceandfire:silver_axe', At ResourceLocation: JsonObject, At ResourceLocation: JsonObject
[13Jul2026 19:42:49.721] [main/WARN] [io.github.apace100.apoli.Apoli/]: Power "strictly:withers_immunity" will only be partially loaded: At MobEffect: Identifier "orcz:stunspam" was not registered in registry "minecraft:mob_effect".; At MobEffect: Identifier "orcz:stunlock" was not registered in registry "minecraft:mob_effect".
[13Jul2026 19:42:49.729] [main/WARN] [io.github.apace100.apoli.Apoli/]: Power "arkwys:moth/glowaffinity" will only be partially loaded: At MobEffectInstance: Error reading status effect: could not find status effect with id: netherite_plus:lava_vision, At ResourceLocation: JsonObject, At ResourceLocation: JsonObject
[13Jul2026 19:42:49.737] [main/WARN] [io.github.apace100.apoli.Apoli/]: Power "medievalorigins:paladin/weak_swords_dungeons_gear" will only be partially loaded: At Ingredient: Unknown item 'dungeons_gear:rapier', At ResourceLocation: JsonObject; At Ingredient: Unknown item 'dungeons_gear:frost_slayer', At ResourceLocation: JsonObject; At Ingredient: Unknown item 'dungeons_gear:heartstealer', At ResourceLocation: JsonObject; At Ingredient: Unknown item 'dungeons_gear:broadsword', At ResourceLocation: JsonObject; At Ingredient: Unknown item 'dungeons_gear:claymore', At ResourceLocation: JsonObject; At Ingredient: Unknown item 'dungeons_gear:truthseeker', At ResourceLocation: JsonObject; At Ingredient: Unknown item 'dungeons_gear:masters_katana', At ResourceLocation: JsonObject; At Ingredient: Unknown item 'dungeons_gear:dark_katana', At ResourceLocation: JsonObject; At Ingredient: Unknown item 'dungeons_gear:katana', At ResourceLocation: JsonObject; At Ingredient: Unknown item 'dungeons_gear:sinister_sword', At ResourceLocation: JsonObject; At Ingredient: Unknown item 'dungeons_gear:hawkbrand', At ResourceLocation: JsonObject; At Ingredient: Unknown item 'dungeons_gear:diamond_sword', At ResourceLocation: JsonObject; At Ingredient: Unknown item 'dungeons_gear:gold_sword', At ResourceLocation: JsonObject; At Ingredient: Unknown item 'dungeons_gear:stone_sword', At ResourceLocation: JsonObject; At Ingredient: Unknown item 'dungeons_gear:sword', At ResourceLocation: JsonObject; At Ingredient: Unknown item 'dungeons_gear:nameless_blade', At ResourceLocation: JsonObject; At Ingredient: Unknown item 'dungeons_gear:cutlass', At ResourceLocation: JsonObject; At Ingredient: Unknown item 'dungeons_gear:freezing_foil', At ResourceLocation: JsonObject; At Ingredient: Unknown item 'dungeons_gear:bee_stinger', At ResourceLocation: JsonObject; At Ingredient: Unknown item 'dungeons_gear:rapier', At ResourceLocation: JsonObject, At ResourceLocation: JsonObject
[13Jul2026 19:42:49.754] [main/WARN] [io.github.apace100.apoli.Apoli/]: Power "strictly:shaman_hood" will only be partially loaded: At Item: Identifier "skillcloaks:slayer_hood" was not registered in registry "minecraft:item"., At ResourceLocation: JsonObject, At ResourceLocation: JsonObject
[13Jul2026 19:42:49.755] [main/WARN] [io.github.apace100.apoli.Apoli/]: Power "arkwys:brute/axe_efficient_dungeons_gear" will only be partially loaded: At Ingredient: Unknown item 'dungeons_gear:firebrand', At ResourceLocation: JsonObject; At Ingredient: Unknown item 'dungeons_gear:gold_axe', At ResourceLocation: JsonObject, At ResourceLocation: JsonObject
[13Jul2026 19:42:49.761] [main/WARN] [io.github.apace100.apoli.Apoli/]: Power "medievalorigins:paladin/weak_swords_iceandfire" will only be partially loaded: At Ingredient: Unknown item 'iceandfire:ghost_sword', At ResourceLocation: JsonObject; At Ingredient: Unknown item 'iceandfire:dread_queen_sword', At ResourceLocation: JsonObject; At Ingredient: Unknown item 'iceandfire:dread_kinght_sword', At ResourceLocation: JsonObject; At Ingredient: Unknown item 'iceandfire:dread_sword', At ResourceLocation: JsonObject; At Ingredient: Unknown item 'iceandfire:dragonsteel_lightning_sword', At ResourceLocation: JsonObject; At Ingredient: Unknown item 'iceandfire:dragonsteel_ice_sword', At ResourceLocation: JsonObject; At Ingredient: Unknown item 'iceandfire:dragonsteel_fire_sword', At ResourceLocation: JsonObject; At Ingredient: Unknown item 'iceandfire:myrmex_jungle_sword_venom', At ResourceLocation: JsonObject; At Ingredient: Unknown item 'iceandfire:myrmex_jungle_sword', At ResourceLocation: JsonObject; At Ingredient: Unknown item 'iceandfire:myrmex_desert_sword_venom', At ResourceLocation: JsonObject; At Ingredient: Unknown item 'iceandfire:myrmex_desert_sword', At ResourceLocation: JsonObject; At Ingredient: Unknown item 'iceandfire:hippogryph_sword', At ResourceLocation: JsonObject; At Ingredient: Unknown item 'iceandfire:dragonbone_sword_ice', At ResourceLocation: JsonObject; At Ingredient: Unknown item 'iceandfire:dragonbone_sword_fire', At ResourceLocation: JsonObject; At Ingredient: Unknown item 'iceandfire:dragonbone_sword', At ResourceLocation: JsonObject; At Ingredient: Unknown item 'iceandfire:copper_sword', At ResourceLocation: JsonObject; At Ingredient: Unknown item 'iceandfire:silver_sword', At ResourceLocation: JsonObject, At ResourceLocation: JsonObject
[13Jul2026 19:42:49.785] [main/ERROR] [io.github.apace100.origins.Origins/]: There was a problem reading Origin file strictly:orcs_shaman (skipping): Identifier "orcz:skullwand" was not registered in registry "minecraft:item".
[13Jul2026 19:42:49.786] [main/ERROR] [io.github.apace100.origins.Origins/]: All instances of origin strictly:orcs_shaman failed to load. Skipped
[13Jul2026 19:42:49.809] [main/ERROR] [io.github.apace100.origins.Origins/]: Removed 1 missing powers from strictly:priest
[13Jul2026 19:42:49.812] [main/ERROR] [io.github.apace100.origins.Origins/]: Removed 2 missing powers from strictly:otter
[13Jul2026 19:42:49.813] [main/ERROR] [io.github.apace100.origins.Origins/]: Removed 1 missing powers from arkwys:piglinbrute
[13Jul2026 19:42:49.814] [main/ERROR] [io.github.apace100.origins.Origins/]: Removed 1 missing powers from strictly:birdofparadise
[13Jul2026 19:42:49.879] [main/INFO] [ModdingLegacy/blue_skies/SkiesDataManager/]: Loaded 8 tool_handle_types
[13Jul2026 19:42:49.879] [main/INFO] [ModdingLegacy/blue_skies/SkiesDataManager/]: Loaded 37 snowcap_oven_freezing_recipes
[13Jul2026 19:42:49.880] [main/INFO] [ModdingLegacy/blue_skies/SkiesDataManager/]: Loaded 7 horizonite_forge_fuels
[13Jul2026 19:42:49.880] [main/INFO] [ModdingLegacy/blue_skies/SkiesDataManager/]: Loaded 12 snowcap_mushroom_freezing
[13Jul2026 19:42:49.910] [main/INFO] [ModdingLegacy/blue_skies/SkiesDataManager/]: Loaded 70 alchemy_recipes
[13Jul2026 19:42:49.913] [main/INFO] [ModdingLegacy/blue_skies/SkiesDataManager/]: Loaded 81 journal/entries
[13Jul2026 19:42:49.913] [main/INFO] [ModdingLegacy/blue_skies/SkiesDataManager/]: Loaded 3 journal/sections
[13Jul2026 19:42:49.913] [main/INFO] [ModdingLegacy/blue_skies/SkiesDataManager/]: Loaded 7 journal/requirements
[13Jul2026 19:42:49.927] [main/INFO] [com.cupboard.Cupboard/]: Loaded config for: lootintegrations.json
[13Jul2026 19:42:49.938] [main/INFO] [com.teampotato.redirector.Redirector/]: Redirecting twilightforest/data/custom/stalactites/entry/Stalactite$HollowHillType
[13Jul2026 19:42:49.939] [main/INFO] [twilightforest/]: Loaded 9 Stalactite configs!
[13Jul2026 19:42:49.959] [main/INFO] [Dungeon Crawl/]: Loading data...
[13Jul2026 19:42:49.985] [main/INFO] [com.teampotato.redirector.Redirector/]: Redirecting xiroc/dungeoncrawl/dungeon/model/DungeonModelBlockType
[13Jul2026 19:42:50.243] [main/INFO] [com.teampotato.redirector.Redirector/]: Redirecting xiroc/dungeoncrawl/dungeon/DungeonLayerType
[13Jul2026 19:42:50.505] [main/INFO] [Dungeon Crawl/]: Done.
[13Jul2026 19:42:50.507] [main/INFO] [com.teamabnormals.blueprint.core.Blueprint/]: Skipped structure repaletter named 'atmospheric:grimwood_chests_in_ancient_cities' as its conditions were not met
[13Jul2026 19:42:50.507] [main/INFO] [com.teamabnormals.blueprint.core.Blueprint/]: Skipped structure repaletter named 'atmospheric:yucca_fences_in_desert_villages' as its conditions were not met
[13Jul2026 19:42:50.507] [main/INFO] [com.teamabnormals.blueprint.core.Blueprint/]: Skipped structure repaletter named 'atmospheric:yucca_trapdoors_in_desert_villages' as its conditions were not met
[13Jul2026 19:42:50.507] [main/INFO] [com.teamabnormals.blueprint.core.Blueprint/]: Skipped structure repaletter named 'atmospheric:grimwood_fences_in_ancient_cities' as its conditions were not met
[13Jul2026 19:42:50.507] [main/INFO] [com.teamabnormals.blueprint.core.Blueprint/]: Skipped structure repaletter named 'atmospheric:laurel_ladders_in_scrubland_villages' as its conditions were not met
[13Jul2026 19:42:50.507] [main/INFO] [com.teamabnormals.blueprint.core.Blueprint/]: Skipped structure repaletter named 'atmospheric:yucca_ladders_in_desert_villages' as its conditions were not met
[13Jul2026 19:42:50.507] [main/INFO] [com.teamabnormals.blueprint.core.Blueprint/]: Skipped structure repaletter named 'atmospheric:yucca_buttons_in_desert_villages' as its conditions were not met
[13Jul2026 19:42:50.507] [main/INFO] [com.teamabnormals.blueprint.core.Blueprint/]: Skipped structure repaletter named 'atmospheric:yucca_chests_in_desert_villages' as its conditions were not met
[13Jul2026 19:42:50.507] [main/INFO] [com.teamabnormals.blueprint.core.Blueprint/]: Skipped structure repaletter named 'atmospheric:yucca_doors_in_desert_villages' as its conditions were not met
[13Jul2026 19:42:50.507] [main/INFO] [com.teamabnormals.blueprint.core.Blueprint/]: Skipped structure repaletter named 'atmospheric:grimwood_ladders_in_ancient_cities' as its conditions were not met
[13Jul2026 19:42:50.507] [main/INFO] [com.teamabnormals.blueprint.core.Blueprint/]: Skipped structure repaletter named 'atmospheric:laurel_and_morado_chests_in_scrubland_villages' as its conditions were not met
[13Jul2026 19:42:50.507] [main/INFO] [com.teamabnormals.blueprint.core.Blueprint/]: Skipped structure repaletter named 'atmospheric:grimwood_planks_in_ancient_cities' as its conditions were not met
[13Jul2026 19:42:50.507] [main/INFO] [com.teamabnormals.blueprint.core.Blueprint/]: Skipped structure repaletter named 'atmospheric:yucca_bookshelves_in_desert_villages' as its conditions were not met
[13Jul2026 19:42:50.507] [main/INFO] [com.teamabnormals.blueprint.core.Blueprint/]: Skipped structure repaletter named 'atmospheric:laurel_bookshelves_in_scrubland_villages' as its conditions were not met
[13Jul2026 19:42:50.507] [main/INFO] [com.teamabnormals.blueprint.core.Blueprint/]: Skipped structure repaletter named 'atmospheric:grimwood_logs_in_ancient_cities' as its conditions were not met
[13Jul2026 19:42:50.507] [main/INFO] [com.teamabnormals.blueprint.core.Blueprint/]: Skipped structure repaletter named 'atmospheric:yucca_fence_gates_in_desert_villages' as its conditions were not met
[13Jul2026 19:42:50.508] [main/INFO] [com.teamabnormals.blueprint.core.Blueprint/]: Structure Repaletter Manager has loaded 0 repaletters
[13Jul2026 19:42:50.690] [main/INFO] [com.teamabnormals.blueprint.core.Blueprint/]: Modded Biome Slice Manager has loaded 2 slices
[13Jul2026 19:42:50.694] [main/INFO] [com.teamabnormals.blueprint.core.Blueprint/]: Chunk Generator Modification Manager has loaded 1 modifier groups
[13Jul2026 19:42:50.704] [main/INFO] [com.teampotato.redirector.Redirector/]: Redirecting daripher/skilltree/skill/bonus/condition/item/EquipmentCondition$Type
[13Jul2026 19:42:50.708] [main/INFO] [com.teampotato.redirector.Redirector/]: Redirecting daripher/skilltree/skill/bonus/condition/enchantment/NoneEnchantmentCondition
[13Jul2026 19:42:50.713] [main/INFO] [com.teampotato.redirector.Redirector/]: Redirecting daripher/skilltree/skill/bonus/SkillBonus$Target
[13Jul2026 19:42:50.716] [main/INFO] [com.teampotato.redirector.Redirector/]: Redirecting daripher/skilltree/skill/bonus/player/GainedExperienceBonus$ExperienceSource
[13Jul2026 19:42:50.746] [main/INFO] [com.teampotato.redirector.Redirector/]: Redirecting daripher/skilltree/skill/bonus/condition/item/NoneItemCondition
[13Jul2026 19:42:50.778] [main/INFO] [com.brutalbosses.BrutalBosses/]: Loaded boss variant for: minecraft:snow_golem
[13Jul2026 19:42:50.778] [main/INFO] [com.brutalbosses.BrutalBosses/]: Loaded boss variant for: minecraft:wandering_trader
[13Jul2026 19:42:50.778] [main/INFO] [com.brutalbosses.BrutalBosses/]: Loaded boss variant for: minecraft:pillager
[13Jul2026 19:42:50.779] [main/INFO] [com.brutalbosses.BrutalBosses/]: Loaded boss variant for: minecraft:evoker
[13Jul2026 19:42:50.779] [main/INFO] [com.brutalbosses.BrutalBosses/]: Loaded boss variant for: minecraft:zombie
[13Jul2026 19:42:50.779] [main/INFO] [com.brutalbosses.BrutalBosses/]: Loaded boss variant for: minecraft:evoker
[13Jul2026 19:42:50.779] [main/INFO] [com.brutalbosses.BrutalBosses/]: Loaded boss variant for: minecraft:shulker
[13Jul2026 19:42:50.779] [main/INFO] [com.brutalbosses.BrutalBosses/]: Loaded boss variant for: minecraft:blaze
[13Jul2026 19:42:50.779] [main/INFO] [com.brutalbosses.BrutalBosses/]: Loaded boss variant for: minecraft:phantom
[13Jul2026 19:42:50.779] [main/INFO] [com.brutalbosses.BrutalBosses/]: Loaded boss variant for: minecraft:mooshroom
[13Jul2026 19:42:50.779] [main/INFO] [com.brutalbosses.BrutalBosses/]: Loaded boss variant for: minecraft:skeleton
[13Jul2026 19:42:50.779] [main/INFO] [com.brutalbosses.BrutalBosses/]: Loaded boss variant for: minecraft:zombie
[13Jul2026 19:42:50.779] [main/INFO] [com.brutalbosses.BrutalBosses/]: Loaded boss variant for: minecraft:wither_skeleton
[13Jul2026 19:42:50.779] [main/INFO] [com.brutalbosses.BrutalBosses/]: Loaded boss variant for: minecraft:cave_spider
[13Jul2026 19:42:50.779] [main/INFO] [com.brutalbosses.BrutalBosses/]: Loaded boss variant for: minecraft:vindicator
[13Jul2026 19:42:50.779] [main/INFO] [com.brutalbosses.BrutalBosses/]: Loaded boss variant for: minecraft:zoglin
[13Jul2026 19:42:50.779] [main/INFO] [com.brutalbosses.BrutalBosses/]: Loaded boss variant for: minecraft:chicken
[13Jul2026 19:42:50.779] [main/INFO] [com.brutalbosses.BrutalBosses/]: Loaded boss variant for: minecraft:rabbit
[13Jul2026 19:42:50.780] [main/INFO] [com.brutalbosses.BrutalBosses/]: Loaded boss variant for: minecraft:piglin_brute
[13Jul2026 19:42:50.780] [main/INFO] [com.brutalbosses.BrutalBosses/]: Loaded boss variant for: minecraft:stray
[13Jul2026 19:42:50.780] [main/INFO] [com.brutalbosses.BrutalBosses/]: Loaded boss variant for: minecraft:drowned
[13Jul2026 19:42:50.780] [main/INFO] [com.brutalbosses.BrutalBosses/]: Loaded boss variant for: minecraft:iron_golem
[13Jul2026 19:42:50.780] [main/INFO] [com.brutalbosses.BrutalBosses/]: Loaded boss variant for: minecraft:zombie
[13Jul2026 19:42:50.780] [main/INFO] [com.brutalbosses.BrutalBosses/]: Loaded boss variant for: minecraft:vex
[13Jul2026 19:42:50.780] [main/INFO] [com.brutalbosses.BrutalBosses/]: Loaded boss variant for: minecraft:vindicator
[13Jul2026 19:42:50.780] [main/INFO] [com.brutalbosses.BrutalBosses/]: Loaded boss variant for: minecraft:wither_skeleton
[13Jul2026 19:42:50.780] [main/INFO] [com.brutalbosses.BrutalBosses/]: Loaded boss variant for: minecraft:husk
[13Jul2026 19:42:50.780] [main/INFO] [com.brutalbosses.BrutalBosses/]: Loaded boss variant for: minecraft:guardian
[13Jul2026 19:42:50.780] [main/INFO] [com.brutalbosses.BrutalBosses/]: Loaded boss variant for: minecraft:witch
[13Jul2026 19:42:50.780] [main/INFO] [com.brutalbosses.BrutalBosses/]: Loaded boss variant for: minecraft:ghast
[13Jul2026 19:42:50.783] [main/INFO] [com.teampotato.redirector.Redirector/]: Redirecting com/stal111/forbidden_arcanus/common/block/entity/forge/ritual/Ritual$PedestalType
[13Jul2026 19:42:50.803] [main/INFO] [Gateways to Eternity/]: Registered 35 gateways.
[13Jul2026 19:42:50.804] [main/INFO] [Apotheosis : Enchantment/]: Registered 33 enchanting_stats.
[13Jul2026 19:42:50.810] [main/ERROR] [Apotheosis : Adventure/]: Failed parsing affixes file apothiccurios:apothcurios/attribute/ironforged.
[13Jul2026 19:42:50.810] [main/ERROR] [Apotheosis : Adventure/]: Underlying Exception: 
java.lang.IllegalArgumentException: null
	at com.google.common.base.Preconditions.checkArgument(Preconditions.java:131) ~[guava-31.0.1-jre.jar%2372!/:?]
	at shadows.placebo.util.StepFunction.<init>(StepFunction.java:49) ~[Placebo-1.19.2-7.4.1.jar%23459!/:7.4.1]
	at com.mojang.datafixers.util.Function3.lambda$curry$0(Function3.java:10) ~[datafixerupper-5.0.28.jar%2375!/:?]
	at com.mojang.datafixers.kinds.Applicative.lambda$ap2$8(Applicative.java:75) ~[datafixerupper-5.0.28.jar%2375!/:?]
	at com.mojang.serialization.DataResult.lambda$ap$17(DataResult.java:159) ~[datafixerupper-5.0.28.jar%2375!/:?]
	at java.util.Optional.map(Optional.java:260) ~[?:?]
	at com.mojang.serialization.DataResult.lambda$ap$18(DataResult.java:159) ~[datafixerupper-5.0.28.jar%2375!/:?]
	at com.mojang.datafixers.util.Either$Right.mapBoth(Either.java:94) ~[datafixerupper-5.0.28.jar%2375!/:?]
	at com.mojang.serialization.DataResult.lambda$ap$19(DataResult.java:157) ~[datafixerupper-5.0.28.jar%2375!/:?]
	at com.mojang.datafixers.util.Either$Left.map(Either.java:38) ~[datafixerupper-5.0.28.jar%2375!/:?]
	at com.mojang.serialization.DataResult.ap(DataResult.java:156) ~[datafixerupper-5.0.28.jar%2375!/:?]
	at com.mojang.serialization.DataResult$Instance.ap(DataResult.java:301) ~[datafixerupper-5.0.28.jar%2375!/:?]
	at com.mojang.datafixers.kinds.Applicative.ap2(Applicative.java:76) ~[datafixerupper-5.0.28.jar%2375!/:?]
	at com.mojang.serialization.DataResult$Instance.ap2(DataResult.java:321) ~[datafixerupper-5.0.28.jar%2375!/:?]
	at com.mojang.datafixers.kinds.Applicative.ap3(Applicative.java:80) ~[datafixerupper-5.0.28.jar%2375!/:?]
	at com.mojang.serialization.DataResult$Instance.ap3(DataResult.java:344) ~[datafixerupper-5.0.28.jar%2375!/:?]
	at com.mojang.serialization.codecs.RecordCodecBuilder$Instance$5.decode(RecordCodecBuilder.java:321) ~[datafixerupper-5.0.28.jar%2375!/:?]
	at com.mojang.serialization.codecs.RecordCodecBuilder$2.decode(RecordCodecBuilder.java:107) ~[datafixerupper-5.0.28.jar%2375!/:?]
	at com.mojang.serialization.MapDecoder.lambda$compressedDecode$0(MapDecoder.java:52) ~[datafixerupper-5.0.28.jar%2375!/:?]
	at com.mojang.serialization.DataResult.lambda$flatMap$10(DataResult.java:138) ~[datafixerupper-5.0.28.jar%2375!/:?]
	at com.mojang.datafixers.util.Either$Left.map(Either.java:38) ~[datafixerupper-5.0.28.jar%2375!/:?]
	at com.mojang.serialization.DataResult.flatMap(DataResult.java:136) ~[datafixerupper-5.0.28.jar%2375!/:?]
	at com.mojang.serialization.MapDecoder.compressedDecode(MapDecoder.java:52) ~[datafixerupper-5.0.28.jar%2375!/:?]
	at com.mojang.serialization.MapCodec$MapCodecCodec.decode(MapCodec.java:91) ~[datafixerupper-5.0.28.jar%2375!/:?]
	at com.mojang.serialization.codecs.EitherCodec.decode(EitherCodec.java:28) ~[datafixerupper-5.0.28.jar%2375!/:?]
	at com.mojang.serialization.Decoder$2.decode(Decoder.java:63) ~[datafixerupper-5.0.28.jar%2375!/:?]
	at com.mojang.serialization.Codec$2.decode(Codec.java:71) ~[datafixerupper-5.0.28.jar%2375!/:?]
	at com.mojang.serialization.Decoder.parse(Decoder.java:18) ~[datafixerupper-5.0.28.jar%2375!/:?]
	at com.mojang.serialization.codecs.BaseMapCodec.lambda$decode$2(BaseMapCodec.java:31) ~[datafixerupper-5.0.28.jar%2375!/:?]
	at java.util.stream.ReduceOps$1ReducingSink.accept(ReduceOps.java:80) ~[?:?]
	at java.util.stream.ReferencePipeline$3$1.accept(ReferencePipeline.java:197) ~[?:?]
	at java.util.Iterator.forEachRemaining(Iterator.java:133) ~[?:?]
	at java.util.Spliterators$IteratorSpliterator.forEachRemaining(Spliterators.java:1845) ~[?:?]
	at java.util.stream.AbstractPipeline.copyInto(AbstractPipeline.java:509) ~[?:?]
	at java.util.stream.AbstractPipeline.wrapAndCopyInto(AbstractPipeline.java:499) ~[?:?]
	at java.util.stream.ReduceOps$ReduceOp.evaluateSequential(ReduceOps.java:921) ~[?:?]
	at java.util.stream.AbstractPipeline.evaluate(AbstractPipeline.java:234) ~[?:?]
	at java.util.stream.ReferencePipeline.reduce(ReferencePipeline.java:667) ~[?:?]
	at com.mojang.serialization.codecs.BaseMapCodec.decode(BaseMapCodec.java:27) ~[datafixerupper-5.0.28.jar%2375!/:?]
	at com.mojang.serialization.codecs.SimpleMapCodec.decode(SimpleMapCodec.java:48) ~[datafixerupper-5.0.28.jar%2375!/:?]
	at com.mojang.serialization.MapDecoder.lambda$compressedDecode$0(MapDecoder.java:52) ~[datafixerupper-5.0.28.jar%2375!/:?]
	at com.mojang.serialization.DataResult.lambda$flatMap$10(DataResult.java:138) ~[datafixerupper-5.0.28.jar%2375!/:?]
	at com.mojang.datafixers.util.Either$Left.map(Either.java:38) ~[datafixerupper-5.0.28.jar%2375!/:?]
	at com.mojang.serialization.DataResult.flatMap(DataResult.java:136) ~[datafixerupper-5.0.28.jar%2375!/:?]
	at com.mojang.serialization.MapDecoder.compressedDecode(MapDecoder.java:52) ~[datafixerupper-5.0.28.jar%2375!/:?]
	at com.mojang.serialization.MapCodec$MapCodecCodec.decode(MapCodec.java:91) ~[datafixerupper-5.0.28.jar%2375!/:?]
	at com.mojang.serialization.Decoder.parse(Decoder.java:18) ~[datafixerupper-5.0.28.jar%2375!/:?]
	at com.mojang.serialization.codecs.FieldDecoder.decode(FieldDecoder.java:29) ~[datafixerupper-5.0.28.jar%2375!/:?]
	at com.mojang.serialization.MapCodec$1.decode(MapCodec.java:34) ~[datafixerupper-5.0.28.jar%2375!/:?]
	at com.mojang.serialization.codecs.RecordCodecBuilder$Instance$7.decode(RecordCodecBuilder.java:408) ~[datafixerupper-5.0.28.jar%2375!/:?]
	at com.mojang.serialization.codecs.RecordCodecBuilder$2.decode(RecordCodecBuilder.java:107) ~[datafixerupper-5.0.28.jar%2375!/:?]
	at com.mojang.serialization.MapDecoder.lambda$compressedDecode$0(MapDecoder.java:52) ~[datafixerupper-5.0.28.jar%2375!/:?]
	at com.mojang.serialization.DataResult.lambda$flatMap$10(DataResult.java:138) ~[datafixerupper-5.0.28.jar%2375!/:?]
	at com.mojang.datafixers.util.Either$Left.map(Either.java:38) ~[datafixerupper-5.0.28.jar%2375!/:?]
	at com.mojang.serialization.DataResult.flatMap(DataResult.java:136) ~[datafixerupper-5.0.28.jar%2375!/:?]
	at com.mojang.serialization.MapDecoder.compressedDecode(MapDecoder.java:52) ~[datafixerupper-5.0.28.jar%2375!/:?]
	at com.mojang.serialization.MapCodec$MapCodecCodec.decode(MapCodec.java:91) ~[datafixerupper-5.0.28.jar%2375!/:?]
	at shadows.placebo.json.PSerializer.lambda$fromCodec$2(PSerializer.java:122) ~[Placebo-1.19.2-7.4.1.jar%23459!/:7.4.1]
	at shadows.placebo.json.PSerializer.read(PSerializer.java:76) ~[Placebo-1.19.2-7.4.1.jar%23459!/:7.4.1]
	at shadows.placebo.json.SerializerMap.read(SerializerMap.java:112) ~[Placebo-1.19.2-7.4.1.jar%23459!/:7.4.1]
	at shadows.placebo.json.PlaceboJsonReloadListener.lambda$apply$0(PlaceboJsonReloadListener.java:97) ~[Placebo-1.19.2-7.4.1.jar%23459!/:7.4.1]
	at java.util.HashMap.forEach(HashMap.java:1421) ~[?:?]
	at shadows.placebo.json.PlaceboJsonReloadListener.apply(PlaceboJsonReloadListener.java:91) ~[Placebo-1.19.2-7.4.1.jar%23459!/:7.4.1]
	at shadows.placebo.json.PlaceboJsonReloadListener.m_5787_(PlaceboJsonReloadListener.java:47) ~[Placebo-1.19.2-7.4.1.jar%23459!/:7.4.1]
	at net.minecraft.server.packs.resources.SimplePreparableReloadListener.m_10789_(SimplePreparableReloadListener.java:13) ~[server-1.19.2-20220805.130853-srg.jar%23525!/:?]
	at java.util.concurrent.CompletableFuture$UniAccept.tryFire(CompletableFuture.java:718) ~[?:?]
	at java.util.concurrent.CompletableFuture$Completion.run(CompletableFuture.java:482) ~[?:?]
	at net.minecraft.server.packs.resources.SimpleReloadInstance.m_143940_(SimpleReloadInstance.java:69) ~[server-1.19.2-20220805.130853-srg.jar%23525!/:?]
	at net.minecraft.Util.m_214652_(Util.java:781) ~[server-1.19.2-20220805.130853-srg.jar%23525!/:?]
	at net.minecraft.Util.m_214679_(Util.java:770) ~[server-1.19.2-20220805.130853-srg.jar%23525!/:?]
	at net.minecraft.server.Main.main(Main.java:157) ~[server-1.19.2-20220805.130853-srg.jar%23525!/:?]
	at jdk.internal.reflect.NativeMethodAccessorImpl.invoke0(Native Method) ~[?:?]
	at jdk.internal.reflect.NativeMethodAccessorImpl.invoke(NativeMethodAccessorImpl.java:77) ~[?:?]
	at jdk.internal.reflect.DelegatingMethodAccessorImpl.invoke(DelegatingMethodAccessorImpl.java:43) ~[?:?]
	at java.lang.reflect.Method.invoke(Method.java:569) ~[?:?]
	at net.minecraftforge.fml.loading.targets.CommonServerLaunchHandler.lambda$launchService$0(CommonServerLaunchHandler.java:29) ~[fmlloader-1.19.2-43.4.2.jar%2367!/:?]
	at cpw.mods.modlauncher.LaunchServiceHandlerDecorator.launch(LaunchServiceHandlerDecorator.java:30) [modlauncher-10.0.8.jar%2354!/:?]
	at cpw.mods.modlauncher.LaunchServiceHandler.launch(LaunchServiceHandler.java:53) [modlauncher-10.0.8.jar%2354!/:?]
	at cpw.mods.modlauncher.LaunchServiceHandler.launch(LaunchServiceHandler.java:71) [modlauncher-10.0.8.jar%2354!/:?]
	at cpw.mods.modlauncher.Launcher.run(Launcher.java:106) [modlauncher-10.0.8.jar%2354!/:?]
	at cpw.mods.modlauncher.Launcher.main(Launcher.java:77) [modlauncher-10.0.8.jar%2354!/:?]
	at cpw.mods.modlauncher.BootstrapLaunchConsumer.accept(BootstrapLaunchConsumer.java:26) [modlauncher-10.0.8.jar%2354!/:?]
	at cpw.mods.modlauncher.BootstrapLaunchConsumer.accept(BootstrapLaunchConsumer.java:23) [modlauncher-10.0.8.jar%2354!/:?]
	at cpw.mods.bootstraplauncher.BootstrapLauncher.main(BootstrapLauncher.java:141) [bootstraplauncher-1.1.2.jar:?]
[13Jul2026 19:42:50.814] [main/ERROR] [Apotheosis : Adventure/]: Failed parsing affixes file apothiccurios:apothcurios/attribute/immortal.
[13Jul2026 19:42:50.814] [main/ERROR] [Apotheosis : Adventure/]: Underlying Exception: 
java.lang.IllegalArgumentException: null
	at com.google.common.base.Preconditions.checkArgument(Preconditions.java:131) ~[guava-31.0.1-jre.jar%2372!/:?]
	at shadows.placebo.util.StepFunction.<init>(StepFunction.java:49) ~[Placebo-1.19.2-7.4.1.jar%23459!/:7.4.1]
	at com.mojang.datafixers.util.Function3.lambda$curry$0(Function3.java:10) ~[datafixerupper-5.0.28.jar%2375!/:?]
	at com.mojang.datafixers.kinds.Applicative.lambda$ap2$8(Applicative.java:75) ~[datafixerupper-5.0.28.jar%2375!/:?]
	at com.mojang.serialization.DataResult.lambda$ap$17(DataResult.java:159) ~[datafixerupper-5.0.28.jar%2375!/:?]
	at java.util.Optional.map(Optional.java:260) ~[?:?]
	at com.mojang.serialization.DataResult.lambda$ap$18(DataResult.java:159) ~[datafixerupper-5.0.28.jar%2375!/:?]
	at com.mojang.datafixers.util.Either$Right.mapBoth(Either.java:94) ~[datafixerupper-5.0.28.jar%2375!/:?]
	at com.mojang.serialization.DataResult.lambda$ap$19(DataResult.java:157) ~[datafixerupper-5.0.28.jar%2375!/:?]
	at com.mojang.datafixers.util.Either$Left.map(Either.java:38) ~[datafixerupper-5.0.28.jar%2375!/:?]
	at com.mojang.serialization.DataResult.ap(DataResult.java:156) ~[datafixerupper-5.0.28.jar%2375!/:?]
	at com.mojang.serialization.DataResult$Instance.ap(DataResult.java:301) ~[datafixerupper-5.0.28.jar%2375!/:?]
	at com.mojang.datafixers.kinds.Applicative.ap2(Applicative.java:76) ~[datafixerupper-5.0.28.jar%2375!/:?]
	at com.mojang.serialization.DataResult$Instance.ap2(DataResult.java:321) ~[datafixerupper-5.0.28.jar%2375!/:?]
	at com.mojang.datafixers.kinds.Applicative.ap3(Applicative.java:80) ~[datafixerupper-5.0.28.jar%2375!/:?]
	at com.mojang.serialization.DataResult$Instance.ap3(DataResult.java:344) ~[datafixerupper-5.0.28.jar%2375!/:?]
	at com.mojang.serialization.codecs.RecordCodecBuilder$Instance$5.decode(RecordCodecBuilder.java:321) ~[datafixerupper-5.0.28.jar%2375!/:?]
	at com.mojang.serialization.codecs.RecordCodecBuilder$2.decode(RecordCodecBuilder.java:107) ~[datafixerupper-5.0.28.jar%2375!/:?]
	at com.mojang.serialization.MapDecoder.lambda$compressedDecode$0(MapDecoder.java:52) ~[datafixerupper-5.0.28.jar%2375!/:?]
	at com.mojang.serialization.DataResult.lambda$flatMap$10(DataResult.java:138) ~[datafixerupper-5.0.28.jar%2375!/:?]
	at com.mojang.datafixers.util.Either$Left.map(Either.java:38) ~[datafixerupper-5.0.28.jar%2375!/:?]
	at com.mojang.serialization.DataResult.flatMap(DataResult.java:136) ~[datafixerupper-5.0.28.jar%2375!/:?]
	at com.mojang.serialization.MapDecoder.compressedDecode(MapDecoder.java:52) ~[datafixerupper-5.0.28.jar%2375!/:?]
	at com.mojang.serialization.MapCodec$MapCodecCodec.decode(MapCodec.java:91) ~[datafixerupper-5.0.28.jar%2375!/:?]
	at com.mojang.serialization.codecs.EitherCodec.decode(EitherCodec.java:28) ~[datafixerupper-5.0.28.jar%2375!/:?]
	at com.mojang.serialization.Decoder$2.decode(Decoder.java:63) ~[datafixerupper-5.0.28.jar%2375!/:?]
	at com.mojang.serialization.Codec$2.decode(Codec.java:71) ~[datafixerupper-5.0.28.jar%2375!/:?]
	at com.mojang.serialization.Decoder.parse(Decoder.java:18) ~[datafixerupper-5.0.28.jar%2375!/:?]
	at com.mojang.serialization.codecs.BaseMapCodec.lambda$decode$2(BaseMapCodec.java:31) ~[datafixerupper-5.0.28.jar%2375!/:?]
	at java.util.stream.ReduceOps$1ReducingSink.accept(ReduceOps.java:80) ~[?:?]
	at java.util.stream.ReferencePipeline$3$1.accept(ReferencePipeline.java:197) ~[?:?]
	at java.util.Iterator.forEachRemaining(Iterator.java:133) ~[?:?]
	at java.util.Spliterators$IteratorSpliterator.forEachRemaining(Spliterators.java:1845) ~[?:?]
	at java.util.stream.AbstractPipeline.copyInto(AbstractPipeline.java:509) ~[?:?]
	at java.util.stream.AbstractPipeline.wrapAndCopyInto(AbstractPipeline.java:499) ~[?:?]
	at java.util.stream.ReduceOps$ReduceOp.evaluateSequential(ReduceOps.java:921) ~[?:?]
	at java.util.stream.AbstractPipeline.evaluate(AbstractPipeline.java:234) ~[?:?]
	at java.util.stream.ReferencePipeline.reduce(ReferencePipeline.java:667) ~[?:?]
	at com.mojang.serialization.codecs.BaseMapCodec.decode(BaseMapCodec.java:27) ~[datafixerupper-5.0.28.jar%2375!/:?]
	at com.mojang.serialization.codecs.SimpleMapCodec.decode(SimpleMapCodec.java:48) ~[datafixerupper-5.0.28.jar%2375!/:?]
	at com.mojang.serialization.MapDecoder.lambda$compressedDecode$0(MapDecoder.java:52) ~[datafixerupper-5.0.28.jar%2375!/:?]
	at com.mojang.serialization.DataResult.lambda$flatMap$10(DataResult.java:138) ~[datafixerupper-5.0.28.jar%2375!/:?]
	at com.mojang.datafixers.util.Either$Left.map(Either.java:38) ~[datafixerupper-5.0.28.jar%2375!/:?]
	at com.mojang.serialization.DataResult.flatMap(DataResult.java:136) ~[datafixerupper-5.0.28.jar%2375!/:?]
	at com.mojang.serialization.MapDecoder.compressedDecode(MapDecoder.java:52) ~[datafixerupper-5.0.28.jar%2375!/:?]
	at com.mojang.serialization.MapCodec$MapCodecCodec.decode(MapCodec.java:91) ~[datafixerupper-5.0.28.jar%2375!/:?]
	at com.mojang.serialization.Decoder.parse(Decoder.java:18) ~[datafixerupper-5.0.28.jar%2375!/:?]
	at com.mojang.serialization.codecs.FieldDecoder.decode(FieldDecoder.java:29) ~[datafixerupper-5.0.28.jar%2375!/:?]
	at com.mojang.serialization.MapCodec$1.decode(MapCodec.java:34) ~[datafixerupper-5.0.28.jar%2375!/:?]
	at com.mojang.serialization.codecs.RecordCodecBuilder$Instance$7.decode(RecordCodecBuilder.java:408) ~[datafixerupper-5.0.28.jar%2375!/:?]
	at com.mojang.serialization.codecs.RecordCodecBuilder$2.decode(RecordCodecBuilder.java:107) ~[datafixerupper-5.0.28.jar%2375!/:?]
	at com.mojang.serialization.MapDecoder.lambda$compressedDecode$0(MapDecoder.java:52) ~[datafixerupper-5.0.28.jar%2375!/:?]
	at com.mojang.serialization.DataResult.lambda$flatMap$10(DataResult.java:138) ~[datafixerupper-5.0.28.jar%2375!/:?]
	at com.mojang.datafixers.util.Either$Left.map(Either.java:38) ~[datafixerupper-5.0.28.jar%2375!/:?]
	at com.mojang.serialization.DataResult.flatMap(DataResult.java:136) ~[datafixerupper-5.0.28.jar%2375!/:?]
	at com.mojang.serialization.MapDecoder.compressedDecode(MapDecoder.java:52) ~[datafixerupper-5.0.28.jar%2375!/:?]
	at com.mojang.serialization.MapCodec$MapCodecCodec.decode(MapCodec.java:91) ~[datafixerupper-5.0.28.jar%2375!/:?]
	at shadows.placebo.json.PSerializer.lambda$fromCodec$2(PSerializer.java:122) ~[Placebo-1.19.2-7.4.1.jar%23459!/:7.4.1]
	at shadows.placebo.json.PSerializer.read(PSerializer.java:76) ~[Placebo-1.19.2-7.4.1.jar%23459!/:7.4.1]
	at shadows.placebo.json.SerializerMap.read(SerializerMap.java:112) ~[Placebo-1.19.2-7.4.1.jar%23459!/:7.4.1]
	at shadows.placebo.json.PlaceboJsonReloadListener.lambda$apply$0(PlaceboJsonReloadListener.java:97) ~[Placebo-1.19.2-7.4.1.jar%23459!/:7.4.1]
	at java.util.HashMap.forEach(HashMap.java:1421) ~[?:?]
	at shadows.placebo.json.PlaceboJsonReloadListener.apply(PlaceboJsonReloadListener.java:91) ~[Placebo-1.19.2-7.4.1.jar%23459!/:7.4.1]
	at shadows.placebo.json.PlaceboJsonReloadListener.m_5787_(PlaceboJsonReloadListener.java:47) ~[Placebo-1.19.2-7.4.1.jar%23459!/:7.4.1]
	at net.minecraft.server.packs.resources.SimplePreparableReloadListener.m_10789_(SimplePreparableReloadListener.java:13) ~[server-1.19.2-20220805.130853-srg.jar%23525!/:?]
	at java.util.concurrent.CompletableFuture$UniAccept.tryFire(CompletableFuture.java:718) ~[?:?]
	at java.util.concurrent.CompletableFuture$Completion.run(CompletableFuture.java:482) ~[?:?]
	at net.minecraft.server.packs.resources.SimpleReloadInstance.m_143940_(SimpleReloadInstance.java:69) ~[server-1.19.2-20220805.130853-srg.jar%23525!/:?]
	at net.minecraft.Util.m_214652_(Util.java:781) ~[server-1.19.2-20220805.130853-srg.jar%23525!/:?]
	at net.minecraft.Util.m_214679_(Util.java:770) ~[server-1.19.2-20220805.130853-srg.jar%23525!/:?]
	at net.minecraft.server.Main.main(Main.java:157) ~[server-1.19.2-20220805.130853-srg.jar%23525!/:?]
	at jdk.internal.reflect.NativeMethodAccessorImpl.invoke0(Native Method) ~[?:?]
	at jdk.internal.reflect.NativeMethodAccessorImpl.invoke(NativeMethodAccessorImpl.java:77) ~[?:?]
	at jdk.internal.reflect.DelegatingMethodAccessorImpl.invoke(DelegatingMethodAccessorImpl.java:43) ~[?:?]
	at java.lang.reflect.Method.invoke(Method.java:569) ~[?:?]
	at net.minecraftforge.fml.loading.targets.CommonServerLaunchHandler.lambda$launchService$0(CommonServerLaunchHandler.java:29) ~[fmlloader-1.19.2-43.4.2.jar%2367!/:?]
	at cpw.mods.modlauncher.LaunchServiceHandlerDecorator.launch(LaunchServiceHandlerDecorator.java:30) [modlauncher-10.0.8.jar%2354!/:?]
	at cpw.mods.modlauncher.LaunchServiceHandler.launch(LaunchServiceHandler.java:53) [modlauncher-10.0.8.jar%2354!/:?]
	at cpw.mods.modlauncher.LaunchServiceHandler.launch(LaunchServiceHandler.java:71) [modlauncher-10.0.8.jar%2354!/:?]
	at cpw.mods.modlauncher.Launcher.run(Launcher.java:106) [modlauncher-10.0.8.jar%2354!/:?]
	at cpw.mods.modlauncher.Launcher.main(Launcher.java:77) [modlauncher-10.0.8.jar%2354!/:?]
	at cpw.mods.modlauncher.BootstrapLaunchConsumer.accept(BootstrapLaunchConsumer.java:26) [modlauncher-10.0.8.jar%2354!/:?]
	at cpw.mods.modlauncher.BootstrapLaunchConsumer.accept(BootstrapLaunchConsumer.java:23) [modlauncher-10.0.8.jar%2354!/:?]
	at cpw.mods.bootstraplauncher.BootstrapLauncher.main(BootstrapLauncher.java:141) [bootstraplauncher-1.1.2.jar:?]
[13Jul2026 19:42:50.827] [main/ERROR] [Apotheosis : Adventure/]: Failed parsing affixes file apothiccurios:apothcurios/attribute/steel_touched.
[13Jul2026 19:42:50.827] [main/ERROR] [Apotheosis : Adventure/]: Underlying Exception: 
java.lang.IllegalArgumentException: null
	at com.google.common.base.Preconditions.checkArgument(Preconditions.java:131) ~[guava-31.0.1-jre.jar%2372!/:?]
	at shadows.placebo.util.StepFunction.<init>(StepFunction.java:49) ~[Placebo-1.19.2-7.4.1.jar%23459!/:7.4.1]
	at com.mojang.datafixers.util.Function3.lambda$curry$0(Function3.java:10) ~[datafixerupper-5.0.28.jar%2375!/:?]
	at com.mojang.datafixers.kinds.Applicative.lambda$ap2$8(Applicative.java:75) ~[datafixerupper-5.0.28.jar%2375!/:?]
	at com.mojang.serialization.DataResult.lambda$ap$17(DataResult.java:159) ~[datafixerupper-5.0.28.jar%2375!/:?]
	at java.util.Optional.map(Optional.java:260) ~[?:?]
	at com.mojang.serialization.DataResult.lambda$ap$18(DataResult.java:159) ~[datafixerupper-5.0.28.jar%2375!/:?]
	at com.mojang.datafixers.util.Either$Right.mapBoth(Either.java:94) ~[datafixerupper-5.0.28.jar%2375!/:?]
	at com.mojang.serialization.DataResult.lambda$ap$19(DataResult.java:157) ~[datafixerupper-5.0.28.jar%2375!/:?]
	at com.mojang.datafixers.util.Either$Left.map(Either.java:38) ~[datafixerupper-5.0.28.jar%2375!/:?]
	at com.mojang.serialization.DataResult.ap(DataResult.java:156) ~[datafixerupper-5.0.28.jar%2375!/:?]
	at com.mojang.serialization.DataResult$Instance.ap(DataResult.java:301) ~[datafixerupper-5.0.28.jar%2375!/:?]
	at com.mojang.datafixers.kinds.Applicative.ap2(Applicative.java:76) ~[datafixerupper-5.0.28.jar%2375!/:?]
	at com.mojang.serialization.DataResult$Instance.ap2(DataResult.java:321) ~[datafixerupper-5.0.28.jar%2375!/:?]
	at com.mojang.datafixers.kinds.Applicative.ap3(Applicative.java:80) ~[datafixerupper-5.0.28.jar%2375!/:?]
	at com.mojang.serialization.DataResult$Instance.ap3(DataResult.java:344) ~[datafixerupper-5.0.28.jar%2375!/:?]
	at com.mojang.serialization.codecs.RecordCodecBuilder$Instance$5.decode(RecordCodecBuilder.java:321) ~[datafixerupper-5.0.28.jar%2375!/:?]
	at com.mojang.serialization.codecs.RecordCodecBuilder$2.decode(RecordCodecBuilder.java:107) ~[datafixerupper-5.0.28.jar%2375!/:?]
	at com.mojang.serialization.MapDecoder.lambda$compressedDecode$0(MapDecoder.java:52) ~[datafixerupper-5.0.28.jar%2375!/:?]
	at com.mojang.serialization.DataResult.lambda$flatMap$10(DataResult.java:138) ~[datafixerupper-5.0.28.jar%2375!/:?]
	at com.mojang.datafixers.util.Either$Left.map(Either.java:38) ~[datafixerupper-5.0.28.jar%2375!/:?]
	at com.mojang.serialization.DataResult.flatMap(DataResult.java:136) ~[datafixerupper-5.0.28.jar%2375!/:?]
	at com.mojang.serialization.MapDecoder.compressedDecode(MapDecoder.java:52) ~[datafixerupper-5.0.28.jar%2375!/:?]
	at com.mojang.serialization.MapCodec$MapCodecCodec.decode(MapCodec.java:91) ~[datafixerupper-5.0.28.jar%2375!/:?]
	at com.mojang.serialization.codecs.EitherCodec.decode(EitherCodec.java:28) ~[datafixerupper-5.0.28.jar%2375!/:?]
	at com.mojang.serialization.Decoder$2.decode(Decoder.java:63) ~[datafixerupper-5.0.28.jar%2375!/:?]
	at com.mojang.serialization.Codec$2.decode(Codec.java:71) ~[datafixerupper-5.0.28.jar%2375!/:?]
	at com.mojang.serialization.Decoder.parse(Decoder.java:18) ~[datafixerupper-5.0.28.jar%2375!/:?]
	at com.mojang.serialization.codecs.BaseMapCodec.lambda$decode$2(BaseMapCodec.java:31) ~[datafixerupper-5.0.28.jar%2375!/:?]
	at java.util.stream.ReduceOps$1ReducingSink.accept(ReduceOps.java:80) ~[?:?]
	at java.util.stream.ReferencePipeline$3$1.accept(ReferencePipeline.java:197) ~[?:?]
	at java.util.Iterator.forEachRemaining(Iterator.java:133) ~[?:?]
	at java.util.Spliterators$IteratorSpliterator.forEachRemaining(Spliterators.java:1845) ~[?:?]
	at java.util.stream.AbstractPipeline.copyInto(AbstractPipeline.java:509) ~[?:?]
	at java.util.stream.AbstractPipeline.wrapAndCopyInto(AbstractPipeline.java:499) ~[?:?]
	at java.util.stream.ReduceOps$ReduceOp.evaluateSequential(ReduceOps.java:921) ~[?:?]
	at java.util.stream.AbstractPipeline.evaluate(AbstractPipeline.java:234) ~[?:?]
	at java.util.stream.ReferencePipeline.reduce(ReferencePipeline.java:667) ~[?:?]
	at com.mojang.serialization.codecs.BaseMapCodec.decode(BaseMapCodec.java:27) ~[datafixerupper-5.0.28.jar%2375!/:?]
	at com.mojang.serialization.codecs.SimpleMapCodec.decode(SimpleMapCodec.java:48) ~[datafixerupper-5.0.28.jar%2375!/:?]
	at com.mojang.serialization.MapDecoder.lambda$compressedDecode$0(MapDecoder.java:52) ~[datafixerupper-5.0.28.jar%2375!/:?]
	at com.mojang.serialization.DataResult.lambda$flatMap$10(DataResult.java:138) ~[datafixerupper-5.0.28.jar%2375!/:?]
	at com.mojang.datafixers.util.Either$Left.map(Either.java:38) ~[datafixerupper-5.0.28.jar%2375!/:?]
	at com.mojang.serialization.DataResult.flatMap(DataResult.java:136) ~[datafixerupper-5.0.28.jar%2375!/:?]
	at com.mojang.serialization.MapDecoder.compressedDecode(MapDecoder.java:52) ~[datafixerupper-5.0.28.jar%2375!/:?]
	at com.mojang.serialization.MapCodec$MapCodecCodec.decode(MapCodec.java:91) ~[datafixerupper-5.0.28.jar%2375!/:?]
	at com.mojang.serialization.Decoder.parse(Decoder.java:18) ~[datafixerupper-5.0.28.jar%2375!/:?]
	at com.mojang.serialization.codecs.FieldDecoder.decode(FieldDecoder.java:29) ~[datafixerupper-5.0.28.jar%2375!/:?]
	at com.mojang.serialization.MapCodec$1.decode(MapCodec.java:34) ~[datafixerupper-5.0.28.jar%2375!/:?]
	at com.mojang.serialization.codecs.RecordCodecBuilder$Instance$7.decode(RecordCodecBuilder.java:408) ~[datafixerupper-5.0.28.jar%2375!/:?]
	at com.mojang.serialization.codecs.RecordCodecBuilder$2.decode(RecordCodecBuilder.java:107) ~[datafixerupper-5.0.28.jar%2375!/:?]
	at com.mojang.serialization.MapDecoder.lambda$compressedDecode$0(MapDecoder.java:52) ~[datafixerupper-5.0.28.jar%2375!/:?]
	at com.mojang.serialization.DataResult.lambda$flatMap$10(DataResult.java:138) ~[datafixerupper-5.0.28.jar%2375!/:?]
	at com.mojang.datafixers.util.Either$Left.map(Either.java:38) ~[datafixerupper-5.0.28.jar%2375!/:?]
	at com.mojang.serialization.DataResult.flatMap(DataResult.java:136) ~[datafixerupper-5.0.28.jar%2375!/:?]
	at com.mojang.serialization.MapDecoder.compressedDecode(MapDecoder.java:52) ~[datafixerupper-5.0.28.jar%2375!/:?]
	at com.mojang.serialization.MapCodec$MapCodecCodec.decode(MapCodec.java:91) ~[datafixerupper-5.0.28.jar%2375!/:?]
	at shadows.placebo.json.PSerializer.lambda$fromCodec$2(PSerializer.java:122) ~[Placebo-1.19.2-7.4.1.jar%23459!/:7.4.1]
	at shadows.placebo.json.PSerializer.read(PSerializer.java:76) ~[Placebo-1.19.2-7.4.1.jar%23459!/:7.4.1]
	at shadows.placebo.json.SerializerMap.read(SerializerMap.java:112) ~[Placebo-1.19.2-7.4.1.jar%23459!/:7.4.1]
	at shadows.placebo.json.PlaceboJsonReloadListener.lambda$apply$0(PlaceboJsonReloadListener.java:97) ~[Placebo-1.19.2-7.4.1.jar%23459!/:7.4.1]
	at java.util.HashMap.forEach(HashMap.java:1421) ~[?:?]
	at shadows.placebo.json.PlaceboJsonReloadListener.apply(PlaceboJsonReloadListener.java:91) ~[Placebo-1.19.2-7.4.1.jar%23459!/:7.4.1]
	at shadows.placebo.json.PlaceboJsonReloadListener.m_5787_(PlaceboJsonReloadListener.java:47) ~[Placebo-1.19.2-7.4.1.jar%23459!/:7.4.1]
	at net.minecraft.server.packs.resources.SimplePreparableReloadListener.m_10789_(SimplePreparableReloadListener.java:13) ~[server-1.19.2-20220805.130853-srg.jar%23525!/:?]
	at java.util.concurrent.CompletableFuture$UniAccept.tryFire(CompletableFuture.java:718) ~[?:?]
	at java.util.concurrent.CompletableFuture$Completion.run(CompletableFuture.java:482) ~[?:?]
	at net.minecraft.server.packs.resources.SimpleReloadInstance.m_143940_(SimpleReloadInstance.java:69) ~[server-1.19.2-20220805.130853-srg.jar%23525!/:?]
	at net.minecraft.Util.m_214652_(Util.java:781) ~[server-1.19.2-20220805.130853-srg.jar%23525!/:?]
	at net.minecraft.Util.m_214679_(Util.java:770) ~[server-1.19.2-20220805.130853-srg.jar%23525!/:?]
	at net.minecraft.server.Main.main(Main.java:157) ~[server-1.19.2-20220805.130853-srg.jar%23525!/:?]
	at jdk.internal.reflect.NativeMethodAccessorImpl.invoke0(Native Method) ~[?:?]
	at jdk.internal.reflect.NativeMethodAccessorImpl.invoke(NativeMethodAccessorImpl.java:77) ~[?:?]
	at jdk.internal.reflect.DelegatingMethodAccessorImpl.invoke(DelegatingMethodAccessorImpl.java:43) ~[?:?]
	at java.lang.reflect.Method.invoke(Method.java:569) ~[?:?]
	at net.minecraftforge.fml.loading.targets.CommonServerLaunchHandler.lambda$launchService$0(CommonServerLaunchHandler.java:29) ~[fmlloader-1.19.2-43.4.2.jar%2367!/:?]
	at cpw.mods.modlauncher.LaunchServiceHandlerDecorator.launch(LaunchServiceHandlerDecorator.java:30) [modlauncher-10.0.8.jar%2354!/:?]
	at cpw.mods.modlauncher.LaunchServiceHandler.launch(LaunchServiceHandler.java:53) [modlauncher-10.0.8.jar%2354!/:?]
	at cpw.mods.modlauncher.LaunchServiceHandler.launch(LaunchServiceHandler.java:71) [modlauncher-10.0.8.jar%2354!/:?]
	at cpw.mods.modlauncher.Launcher.run(Launcher.java:106) [modlauncher-10.0.8.jar%2354!/:?]
	at cpw.mods.modlauncher.Launcher.main(Launcher.java:77) [modlauncher-10.0.8.jar%2354!/:?]
	at cpw.mods.modlauncher.BootstrapLaunchConsumer.accept(BootstrapLaunchConsumer.java:26) [modlauncher-10.0.8.jar%2354!/:?]
	at cpw.mods.modlauncher.BootstrapLaunchConsumer.accept(BootstrapLaunchConsumer.java:23) [modlauncher-10.0.8.jar%2354!/:?]
	at cpw.mods.bootstraplauncher.BootstrapLauncher.main(BootstrapLauncher.java:141) [bootstraplauncher-1.1.2.jar:?]
[13Jul2026 19:42:50.830] [main/INFO] [Apotheosis : Adventure/]: Registered 210 affixes.
[13Jul2026 19:42:50.849] [main/INFO] [Apotheosis : Adventure/]: Registered 74 gems.
[13Jul2026 19:42:50.859] [main/INFO] [Apotheosis : Adventure/]: Registered 197 affix_loot_entries.
[13Jul2026 19:42:50.861] [main/INFO] [Apotheosis : Adventure/]: Registered 29 boss_gear.
[13Jul2026 19:42:50.867] [main/INFO] [Apotheosis : Adventure/]: Registered 50 bosses.
[13Jul2026 19:42:50.873] [main/INFO] [Apotheosis : Adventure/]: Registered 8 random_spawners.
[13Jul2026 19:42:50.873] [main/INFO] [Apotheosis : Adventure/]: Registered 6 rarities.
[13Jul2026 19:42:50.886] [main/INFO] [Apotheosis : Adventure/]: Registered 9 minibosses.
[13Jul2026 19:42:50.892] [main/INFO] [Apotheosis : Village/]: Registered 74 wanderer_trades.
[13Jul2026 19:42:50.896] [main/INFO] [CraftTweaker/]: crafttweaker.reload.start
[13Jul2026 19:42:50.975] [main/INFO] [com.teampotato.redirector.Redirector/]: Redirecting net/minecraft/world/level/block/SupportType
[13Jul2026 19:42:51.014] [main/INFO] [com.teampotato.redirector.Redirector/]: Redirecting net/minecraft/world/ticks/TickPriority
[13Jul2026 19:42:51.030] [main/INFO] [com.teampotato.redirector.Redirector/]: Redirecting net/minecraft/world/entity/player/PlayerModelPart
[13Jul2026 19:42:51.070] [main/INFO] [com.teampotato.redirector.Redirector/]: Redirecting net/minecraft/world/entity/projectile/AbstractArrow$Pickup
[13Jul2026 19:42:51.082] [main/INFO] [com.teampotato.redirector.Redirector/]: Redirecting net/minecraft/world/entity/player/ChatVisiblity
[13Jul2026 19:42:51.400] [main/INFO] [com.teampotato.redirector.Redirector/]: Redirecting com/blamejared/crafttweaker/api/data/visitor/DataToStringVisitor
[13Jul2026 19:42:51.404] [main/INFO] [CraftTweaker/]: crafttweaker.reload.complete
[13Jul2026 19:42:51.415] [main/WARN] [net.minecraft.core.MappedRegistry/]: Not all defined tags for registry ResourceKey[minecraft:root / minecraft:worldgen/biome] are present in data pack: forge:is_eyestalker, forge:is_forest, forge:is_oecean
[13Jul2026 19:42:51.476] [main/INFO] [com.teampotato.redirector.Redirector/]: Redirecting net/minecraftforge/event/TagsUpdatedEvent$UpdateCause
[13Jul2026 19:42:51.667] [main/INFO] [majruszlibrary/]: [majruszsdifficulty.json] Reloading configuration file took 6 milliseconds
[13Jul2026 19:42:51.669] [main/INFO] [majruszlibrary/]: [majruszlibrary.json] Reloading configuration file took 0 milliseconds
[13Jul2026 19:42:51.671] [main/INFO] [majruszlibrary/]: [majruszsaccessories.json] Reloading configuration file took 2 milliseconds
[13Jul2026 19:42:51.674] [main/INFO] [majruszlibrary/]: [majruszsenchantments.json] Reloading configuration file took 2 milliseconds
[13Jul2026 19:42:51.675] [Server thread/INFO] [net.minecraft.server.dedicated.DedicatedServer/]: Starting minecraft server version 1.19.2
[13Jul2026 19:42:51.675] [Server thread/INFO] [net.minecraft.server.dedicated.DedicatedServer/]: Loading properties
[13Jul2026 19:42:51.675] [Server thread/INFO] [net.minecraft.server.dedicated.DedicatedServer/]: Default game type: SURVIVAL
[13Jul2026 19:42:51.675] [Server thread/INFO] [net.minecraft.server.MinecraftServer/]: Generating keypair
[13Jul2026 19:42:51.828] [Server thread/INFO] [net.minecraft.server.dedicated.DedicatedServer/]: Starting Minecraft server on *:25565
[13Jul2026 19:42:51.872] [Server thread/INFO] [net.minecraft.server.network.ServerConnectionListener/]: Using epoll channel type
[13Jul2026 19:42:51.973] [Server thread/WARN] [net.minecraft.server.dedicated.DedicatedServer/]: **** SERVER IS RUNNING IN OFFLINE/INSECURE MODE!
[13Jul2026 19:42:51.973] [Server thread/WARN] [net.minecraft.server.dedicated.DedicatedServer/]: The server will make no attempt to authenticate usernames. Beware.
[13Jul2026 19:42:51.973] [Server thread/WARN] [net.minecraft.server.dedicated.DedicatedServer/]: While this makes the game possible to play without internet access, it also opens up the ability for hackers to connect with any username they choose.
[13Jul2026 19:42:51.973] [Server thread/WARN] [net.minecraft.server.dedicated.DedicatedServer/]: To change this, set "online-mode" to "true" in the server.properties file.
[13Jul2026 19:42:52.052] [Server thread/INFO] [com.tom.storagemod.StorageMod/]: Loaded Tom's Simple Storage config file toms_storage-server.toml
[13Jul2026 19:42:52.545] [Server thread/INFO] [com.teampotato.redirector.Redirector/]: Redirecting net/minecraftforge/common/world/StructureModifier$Phase
[13Jul2026 19:42:52.595] [Server thread/INFO] [com.teampotato.redirector.Redirector/]: Redirecting dev/ftb/mods/ftbteams/data/TeamType
[13Jul2026 19:42:52.603] [Server thread/INFO] [com.teampotato.redirector.Redirector/]: Redirecting dev/ftb/mods/ftbteams/data/PrivacyMode
[13Jul2026 19:42:52.606] [Server thread/INFO] [com.teampotato.redirector.Redirector/]: Redirecting dev/ftb/mods/ftbteams/data/TeamRank
[13Jul2026 19:42:52.650] [Server thread/INFO] [FTB Teams/]: loaded team data: 4 known players, 5 teams total
[13Jul2026 19:42:52.653] [Server thread/INFO] [com.teampotato.redirector.Redirector/]: Redirecting dev/ftb/mods/ftbquests/quest/reward/RewardAutoClaim
[13Jul2026 19:42:52.655] [Server thread/INFO] [com.teampotato.redirector.Redirector/]: Redirecting dev/ftb/mods/ftbquests/quest/ProgressionMode
[13Jul2026 19:42:52.657] [Server thread/INFO] [com.teampotato.redirector.Redirector/]: Redirecting dev/ftb/mods/ftbchunks/data/ProtectionOverride
[13Jul2026 19:42:52.657] [Server thread/INFO] [com.teampotato.redirector.Redirector/]: Redirecting dev/ftb/mods/ftbchunks/data/ForceLoadMode
[13Jul2026 19:42:52.658] [Server thread/INFO] [com.teampotato.redirector.Redirector/]: Redirecting dev/ftb/mods/ftbchunks/data/AllyMode
[13Jul2026 19:42:52.659] [Server thread/INFO] [com.teampotato.redirector.Redirector/]: Redirecting dev/ftb/mods/ftbchunks/data/PartyLimitMode
[13Jul2026 19:42:52.883] [Server thread/INFO] [com.teampotato.redirector.Redirector/]: Redirecting terrablender/worldgen/noise/ZoomLayer
[13Jul2026 19:42:53.003] [Server thread/INFO] [terrablender/]: Initialized TerraBlender biomes for level stem minecraft:overworld
[13Jul2026 19:42:53.005] [Server thread/INFO] [terrablender/]: Initialized TerraBlender biomes for level stem aether:the_aether
[13Jul2026 19:42:53.005] [Server thread/INFO] [terrablender/]: Initialized TerraBlender biomes for level stem minecraft:the_nether
[13Jul2026 19:42:53.006] [Server thread/INFO] [net.minecraft.server.dedicated.DedicatedServer/]: Preparing level "world"
[13Jul2026 19:42:53.023] [Server thread/INFO] [com.teampotato.redirector.Redirector/]: Redirecting net/minecraft/util/ModCheck$Confidence
[13Jul2026 19:42:53.025] [Server thread/INFO] [mixin/]: Mixing MixinPhantomSpawner from enigmaticlegacy.mixins.json into net.minecraft.world.level.levelgen.PhantomSpawner
[13Jul2026 19:42:53.035] [Server thread/INFO] [com.teampotato.redirector.Redirector/]: Redirecting net/minecraft/world/entity/ai/village/VillageSiege$State
[13Jul2026 19:42:53.075] [Server thread/INFO] [com.teampotato.redirector.Redirector/]: Redirecting net/minecraft/world/level/chunk/storage/IOWorker$Priority
[13Jul2026 19:42:53.094] [Server thread/INFO] [com.teampotato.redirector.Redirector/]: Redirecting net/minecraft/world/level/entity/Visibility
[13Jul2026 19:42:53.095] [Server thread/INFO] [com.teampotato.redirector.Redirector/]: Redirecting net/minecraft/world/level/entity/PersistentEntitySectionManager$ChunkLoadStatus
[13Jul2026 19:42:53.107] [Server thread/INFO] [com.teampotato.redirector.Redirector/]: Redirecting net/minecraft/server/level/ChunkHolder$FullChunkStatus
[13Jul2026 19:42:53.559] [Server thread/INFO] [com.teampotato.redirector.Redirector/]: Redirecting net/minecraft/world/scores/Team$Visibility
[13Jul2026 19:42:53.561] [Server thread/INFO] [com.teampotato.redirector.Redirector/]: Redirecting net/minecraft/world/scores/Team$CollisionRule
[13Jul2026 19:42:53.564] [Server thread/INFO] [com.teampotato.redirector.Redirector/]: Redirecting net/minecraft/network/protocol/game/ClientboundSetPlayerTeamPacket$Action
[13Jul2026 19:42:53.574] [Server thread/INFO] [com.teampotato.redirector.Redirector/]: Redirecting ovh/corail/tombstone/spawner/CustomVillageSiege$SiegeState
[13Jul2026 19:42:53.575] [Server thread/INFO] [com.teampotato.redirector.Redirector/]: Redirecting ovh/corail/tombstone/helper/TamableType
[13Jul2026 19:42:53.582] [Server thread/INFO] [com.teampotato.redirector.Redirector/]: Redirecting com/teamabnormals/blueprint/core/endimator/PlayableEndimation$LoopType
[13Jul2026 19:42:53.631] [Server thread/INFO] [com.teampotato.redirector.Redirector/]: Redirecting net/minecraft/world/entity/ai/control/MoveControl$Operation
[13Jul2026 19:42:53.649] [Server thread/INFO] [com.teampotato.redirector.Redirector/]: Redirecting com/aetherteam/nitrogen/capability/INBTSynchable$Type
[13Jul2026 19:42:53.665] [Server thread/INFO] [com.teampotato.redirector.Redirector/]: Redirecting net/minecraft/world/BossEvent$BossBarColor
[13Jul2026 19:42:53.665] [Server thread/INFO] [com.teampotato.redirector.Redirector/]: Redirecting net/minecraft/world/BossEvent$BossBarOverlay
[13Jul2026 19:42:53.675] [Server thread/INFO] [com.teampotato.redirector.Redirector/]: Redirecting com/github/alexthe666/alexsmobs/entity/util/AnacondaPartIndex
[13Jul2026 19:42:53.725] [Server thread/INFO] [com.teampotato.redirector.Redirector/]: Redirecting com/github/alexthe666/alexsmobs/entity/EntityMimicOctopus$MimicState
[13Jul2026 19:42:53.760] [Server thread/INFO] [com.teampotato.redirector.Redirector/]: Redirecting com/github/alexthe666/alexsmobs/entity/EntityVoidWorm$AttackMode
[13Jul2026 19:42:53.763] [Server thread/INFO] [com.teampotato.redirector.Redirector/]: Redirecting net/minecraft/network/protocol/game/ClientboundBossEventPacket$OperationType
[13Jul2026 19:42:53.784] [Server thread/INFO] [mixin/]: Mixing MixinEnchantmentHelper from enigmaticlegacy.mixins.json into net.minecraft.world.item.enchantment.EnchantmentHelper
[13Jul2026 19:42:53.799] [Server thread/WARN] [mixin/]: Method overwrite conflict for removeIf in canary.mixins.json:world.chunk_tickets.SortedArraySetMixin, previously written by org.embeddedt.modernfix.common.mixin.bugfix.paper_chunk_patches.SortedArraySetMixin. Skipping method.
[13Jul2026 19:42:53.873] [Server thread/INFO] [com.teampotato.redirector.Redirector/]: Redirecting net/minecraft/world/level/EmptyBlockGetter
[13Jul2026 19:42:53.874] [Server thread/INFO] [com.teampotato.redirector.Redirector/]: Redirecting net/minecraft/core/Direction8
[13Jul2026 19:42:54.003] [Server thread/INFO] [com.teampotato.redirector.Redirector/]: Redirecting ca/spottedleaf/starlight/common/light/StarLightEngine$AxisDirection
[13Jul2026 19:42:54.091] [Server thread/INFO] [com.teampotato.redirector.Redirector/]: Redirecting net/minecraft/server/level/ThreadedLevelLightEngine$TaskType
[13Jul2026 19:42:54.108] [Server thread/INFO] [com.teampotato.redirector.Redirector/]: Redirecting net/minecraft/world/level/chunk/LevelChunk$EntityCreationType
[13Jul2026 19:42:54.120] [Server thread/INFO] [com.teampotato.redirector.Redirector/]: Redirecting alexthw/ars_elemental/common/entity/FirenandoEntity$Variants
[13Jul2026 19:42:54.121] [Server thread/INFO] [com.teampotato.redirector.Redirector/]: Redirecting alexthw/ars_elemental/common/entity/FirenandoEntity$Animations
[13Jul2026 19:42:54.125] [Server thread/INFO] [com.teampotato.redirector.Redirector/]: Redirecting com/hollingsworth/arsnouveau/common/entity/WealdWalker$Animations
[13Jul2026 19:42:54.126] [Server thread/INFO] [com.teampotato.redirector.Redirector/]: Redirecting alexthw/ars_elemental/common/entity/MermaidEntity$Variants
[13Jul2026 19:42:54.130] [Server thread/INFO] [com.teampotato.redirector.Redirector/]: Redirecting net/minecraft/world/entity/ai/memory/MemoryStatus
[13Jul2026 19:42:54.131] [Server thread/INFO] [com.teampotato.redirector.Redirector/]: Redirecting net/minecraft/world/entity/ai/behavior/Behavior$Status
[13Jul2026 19:42:54.148] [Server thread/INFO] [com.teampotato.redirector.Redirector/]: Redirecting net/minecraft/world/entity/ai/behavior/GateBehavior$OrderPolicy
[13Jul2026 19:42:54.149] [Server thread/INFO] [com.teampotato.redirector.Redirector/]: Redirecting net/minecraft/world/entity/ai/behavior/GateBehavior$RunningPolicy
[13Jul2026 19:42:54.162] [Server thread/WARN] [net.minecraft.network.syncher.SynchedEntityData/]: defineId called for: class net.minecraft.world.entity.TamableAnimal from interface com.hollingsworth.arsnouveau.common.entity.IFollowingSummon
[13Jul2026 19:42:54.187] [Server thread/INFO] [com.teampotato.redirector.Redirector/]: Redirecting com/hollingsworth/arsnouveau/common/entity/Starbuncle$StarbuncleGoalState
[13Jul2026 19:42:54.201] [Server thread/INFO] [com.teampotato.redirector.Redirector/]: Redirecting com/hollingsworth/arsnouveau/common/entity/WildenHunter$Animations
[13Jul2026 19:42:54.208] [Server thread/INFO] [com.teampotato.redirector.Redirector/]: Redirecting net/minecraft/world/entity/monster/SpellcasterIllager$IllagerSpell
[13Jul2026 19:42:54.209] [Server thread/INFO] [com.teampotato.redirector.Redirector/]: Redirecting com/legacy/blue_skies/entities/util/base/SkiesIllagerBossEntity$BossSpellColor
[13Jul2026 19:42:54.210] [Server thread/INFO] [com.teampotato.redirector.Redirector/]: Redirecting com/legacy/blue_skies/entities/util/interfaces/ISkyBoss$BossLevel
[13Jul2026 19:42:54.249] [Server thread/INFO] [com.teampotato.redirector.Redirector/]: Redirecting com/legacy/blue_skies/entities/projectile/SpearEntity$Type
[13Jul2026 19:42:54.277] [Server thread/INFO] [com.teampotato.redirector.Redirector/]: Redirecting software/bernie/geckolib3/core/PlayState
[13Jul2026 19:42:54.303] [Server thread/WARN] [net.minecraft.network.syncher.SynchedEntityData/]: defineId called for: class com.cerbon.bosses_of_mass_destruction.entity.custom.obsidilith.ObsidilithEntity from class com.cerbon.bosses_of_mass_destruction.entity.custom.obsidilith.ObsidilithUtils
[13Jul2026 19:42:54.306] [Server thread/WARN] [net.minecraft.network.syncher.SynchedEntityData/]: defineId called for: class com.cerbon.bosses_of_mass_destruction.entity.custom.gauntlet.GauntletEntity from class com.cerbon.bosses_of_mass_destruction.projectile.PetalBladeProjectile
[13Jul2026 19:42:54.310] [Server thread/INFO] [com.teampotato.redirector.Redirector/]: Redirecting com/cerbon/bosses_of_mass_destruction/entity/custom/void_blossom/hitbox/HitboxId
[13Jul2026 19:42:54.311] [Server thread/WARN] [net.minecraft.network.syncher.SynchedEntityData/]: defineId called for: class com.cerbon.bosses_of_mass_destruction.entity.util.BaseEntity from class com.cerbon.bosses_of_mass_destruction.entity.custom.void_blossom.hitbox.NetworkedHitboxManager
[13Jul2026 19:42:54.341] [Server thread/INFO] [mixin/]: Mixing MixinPiglinTasks from enigmaticlegacy.mixins.json into net.minecraft.world.entity.monster.piglin.PiglinAi
[13Jul2026 19:42:54.342] [Server thread/INFO] [mixin/]: Renaming synthetic method lambda$onPiglinBarter$0(Ljava/util/List;Lnet/minecraft/world/item/ItemStack;)V to md95fb1a$lambda$onPiglinBarter$0$2 in enigmaticlegacy.mixins.json:MixinPiglinTasks
[13Jul2026 19:42:54.363] [Server thread/INFO] [com.teampotato.redirector.Redirector/]: Redirecting net/minecraft/world/entity/ai/behavior/CrossbowAttack$CrossbowState
[13Jul2026 19:42:54.389] [Server thread/INFO] [com.teampotato.redirector.Redirector/]: Redirecting com/github/L_Ender/cataclysm/entity/AnimationMonster/BossMonsters/Ancient_Ancient_Remnant_Entity$AttackMode
[13Jul2026 19:42:54.391] [Server thread/INFO] [com.teampotato.redirector.Redirector/]: Redirecting com/github/L_Ender/cataclysm/entity/InternalAnimationMonster/IABossMonsters/Ancient_Remnant/Ancient_Remnant_Entity$AttackMode
[13Jul2026 19:42:54.395] [Server thread/INFO] [com.teampotato.redirector.Redirector/]: Redirecting com/github/L_Ender/cataclysm/entity/InternalAnimationMonster/Coralssus_Entity$Variant
[13Jul2026 19:42:54.401] [Server thread/INFO] [com.teampotato.redirector.Redirector/]: Redirecting com/github/L_Ender/cataclysm/entity/InternalAnimationMonster/Draugar/Elite_Draugr_Entity$CrossbowState
[13Jul2026 19:42:54.410] [Server thread/INFO] [com.teampotato.redirector.Redirector/]: Redirecting com/github/L_Ender/cataclysm/entity/Pet/Modern_Remnant_Entity$AttackMode
[13Jul2026 19:42:54.411] [Server thread/INFO] [com.teampotato.redirector.Redirector/]: Redirecting com/github/L_Ender/cataclysm/entity/AnimationMonster/BossMonsters/Nameless_Sorcerer_Entity$SpellType
[13Jul2026 19:42:54.417] [Server thread/INFO] [com.teampotato.redirector.Redirector/]: Redirecting com/github/L_Ender/cataclysm/entity/Pet/The_Baby_Leviathan_Entity$AttackMode
[13Jul2026 19:42:54.420] [Server thread/INFO] [com.teampotato.redirector.Redirector/]: Redirecting com/github/L_Ender/cataclysm/entity/AnimationMonster/BossMonsters/The_Leviathan/The_Leviathan_Entity$AttackMode
[13Jul2026 19:42:54.425] [Server thread/INFO] [com.teampotato.redirector.Redirector/]: Redirecting software/bernie/geckolib3/core/builder/ILoopType$EDefaultLoopTypes
[13Jul2026 19:42:54.426] [Server thread/INFO] [com.teampotato.redirector.Redirector/]: Redirecting software/bernie/geckolib3/core/AnimationState
[13Jul2026 19:42:54.427] [Server thread/INFO] [com.teampotato.redirector.Redirector/]: Redirecting software/bernie/geckolib3/core/easing/EasingType
[13Jul2026 19:42:54.437] [Server thread/WARN] [net.minecraft.network.syncher.SynchedEntityData/]: defineId called for: class com.github.kay9.dragonmounts.dragon.DragonEgg from class com.github.kay9.dragonmounts.dragon.DragonEgg$TransitionHandler
[13Jul2026 19:42:54.439] [Server thread/INFO] [com.teampotato.redirector.Redirector/]: Redirecting net/mehvahdjukaar/dummmmmmy/common/DummyMobType
[13Jul2026 19:42:54.468] [Server thread/INFO] [com.teampotato.redirector.Redirector/]: Redirecting io/redspace/ironsspellbooks/player/SpinAttackType
[13Jul2026 19:42:54.472] [Server thread/INFO] [com.teampotato.redirector.Redirector/]: Redirecting io/redspace/ironsspellbooks/entity/mobs/keeper/KeeperEntity$AttackType
[13Jul2026 19:42:54.477] [Server thread/INFO] [com.teampotato.redirector.Redirector/]: Redirecting io/redspace/ironsspellbooks/entity/mobs/dead_king_boss/DeadKingBoss$AttackType
[13Jul2026 19:42:54.511] [Server thread/INFO] [com.teampotato.redirector.Redirector/]: Redirecting net/minecraft/world/entity/animal/frog/ShootTongue$State
[13Jul2026 19:42:54.569] [Server thread/INFO] [com.teampotato.redirector.Redirector/]: Redirecting net/minecraft/world/entity/projectile/FishingHook$FishHookState
[13Jul2026 19:42:54.587] [Server thread/INFO] [mixin/]: Mixing MixinHoglinTasks from enigmaticlegacy.mixins.json into net.minecraft.world.entity.monster.hoglin.HoglinAi
[13Jul2026 19:42:54.597] [Server thread/INFO] [com.teampotato.redirector.Redirector/]: Redirecting net/minecraft/world/entity/animal/MushroomCow$MushroomType
[13Jul2026 19:42:54.601] [Server thread/INFO] [com.teampotato.redirector.Redirector/]: Redirecting net/minecraft/world/entity/monster/Phantom$AttackPhase
[13Jul2026 19:42:54.611] [Server thread/INFO] [com.teampotato.redirector.Redirector/]: Redirecting net/minecraft/world/entity/ai/goal/RangedCrossbowAttackGoal$CrossbowState
[13Jul2026 19:42:54.621] [Server thread/INFO] [com.teampotato.redirector.Redirector/]: Redirecting net/minecraft/world/entity/animal/TropicalFish$Pattern
[13Jul2026 19:42:54.679] [Server thread/INFO] [com.teampotato.redirector.Redirector/]: Redirecting com/bobmowzie/mowziesmobs/server/entity/effects/geomancy/EntityGeomancyBase$GeomancyTier
[13Jul2026 19:42:54.680] [Server thread/INFO] [com.teampotato.redirector.Redirector/]: Redirecting com/bobmowzie/mowziesmobs/server/entity/effects/EntityFallingBlock$EnumFallingBlockMode
[13Jul2026 19:42:54.688] [Server thread/INFO] [com.teampotato.redirector.Redirector/]: Redirecting com/bobmowzie/mowziesmobs/server/entity/grottol/EntityGrottol$EnumDeathType
[13Jul2026 19:42:54.690] [Server thread/INFO] [com.teampotato.redirector.Redirector/]: Redirecting com/bobmowzie/mowziesmobs/server/entity/naga/EntityNaga$EnumNagaMovement
[13Jul2026 19:42:54.721] [Server thread/INFO] [com.teampotato.redirector.Redirector/]: Redirecting com/teamabnormals/savage_and_ravage/common/entity/ai/goal/ImprovedCrossbowGoal$CrossbowState
[13Jul2026 19:42:54.723] [Server thread/INFO] [com.teampotato.redirector.Redirector/]: Redirecting com/talhanation/smallships/client/model/sail/SailModel$Color
[13Jul2026 19:42:54.752] [Server thread/INFO] [com.teampotato.redirector.Redirector/]: Redirecting twilightforest/entity/boss/HydraHeadContainer$State
[13Jul2026 19:42:54.755] [Server thread/INFO] [com.teampotato.redirector.Redirector/]: Redirecting twilightforest/entity/boss/KnightPhantom$Formation
[13Jul2026 19:42:54.758] [Server thread/INFO] [com.teampotato.redirector.Redirector/]: Redirecting twilightforest/entity/ai/goal/NagaMovementPattern$MovementState
[13Jul2026 19:42:54.763] [Server thread/INFO] [com.teampotato.redirector.Redirector/]: Redirecting twilightforest/entity/boss/SnowQueen$Phase
[13Jul2026 19:42:54.776] [Server thread/INFO] [com.teampotato.redirector.Redirector/]: Redirecting net/minecraft/world/level/lighting/LayerLightEventListener$DummyLightLayerEventListener
[13Jul2026 19:42:54.825] [Server thread/INFO] [net.minecraft.server.MinecraftServer/]: Preparing start region for dimension minecraft:overworld
[13Jul2026 19:42:55.575] [Server thread/INFO] [com.teampotato.redirector.Redirector/]: Redirecting net/minecraft/world/entity/ai/village/poi/PoiManager$Occupancy
[13Jul2026 19:42:55.696] [Server thread/INFO] [net.minecraft.server.level.progress.LoggerChunkProgressListener/]: Preparing spawn area: 0%
[13Jul2026 19:42:55.727] [Server thread/INFO] [net.minecraft.server.level.progress.LoggerChunkProgressListener/]: Preparing spawn area: 0%
[13Jul2026 19:42:55.834] [Server thread/INFO] [net.minecraft.server.level.progress.LoggerChunkProgressListener/]: Preparing spawn area: 0%
[13Jul2026 19:42:56.326] [Server thread/INFO] [net.minecraft.server.level.progress.LoggerChunkProgressListener/]: Preparing spawn area: 23%
[13Jul2026 19:42:56.525] [Server thread/INFO] [com.teampotato.redirector.Redirector/]: Redirecting net/minecraft/world/entity/ai/gossip/GossipType
[13Jul2026 19:42:56.603] [Server thread/INFO] [com.teampotato.redirector.Redirector/]: Redirecting ovh/corail/tombstone/capability/ServantEntityImpl$CasterType
[13Jul2026 19:42:56.826] [Server thread/INFO] [net.minecraft.server.level.progress.LoggerChunkProgressListener/]: Preparing spawn area: 65%
[13Jul2026 19:42:56.855] [Server thread/INFO] [com.teampotato.redirector.Redirector/]: Redirecting net/minecraft/world/entity/animal/Fox$Type
[13Jul2026 19:42:57.035] [Server thread/INFO] [net.minecraft.server.level.progress.LoggerChunkProgressListener/]: Time elapsed: 2210 ms
[13Jul2026 19:42:57.036] [Server thread/INFO] [net.minecraft.server.dedicated.DedicatedServer/]: Done (5.021s)! For help, type "help"
[13Jul2026 19:42:57.145] [Server thread/INFO] [net.minecraftforge.server.permission.PermissionAPI/]: Successfully initialized permission handler forge:default_handler
[13Jul2026 19:42:57.148] [Server thread/INFO] [dev.qther.nanny.NaNny/]: Scouting a NaNny...
[13Jul2026 19:42:57.149] [Server thread/WARN] [solapplepie/]: Item is not food: largemeals:sweet_berry_custard
[13Jul2026 19:42:57.149] [Server thread/WARN] [solapplepie/]: Item is not food: largemeals:pufferfish_broth
[13Jul2026 19:42:57.149] [Server thread/WARN] [solapplepie/]: Item is not food: largemeals:mushroom_pot_pie
[13Jul2026 19:42:57.150] [Server thread/WARN] [solapplepie/]: Item is not food: largemeals:hearty_lunch
[13Jul2026 19:42:57.153] [Server thread/INFO] [com.amuzil.omegasource.dragonenchants.DragonEnchants/]: HELLO from server starting
[13Jul2026 19:42:57.158] [Server thread/INFO] [xaero.hud.minimap.MinimapLogs/]: Registered synced player tracker system: ftb_teams
[13Jul2026 19:42:57.159] [Server thread/INFO] [net.stardustlabs.incendium.Incendium/]: Thanks for choosing Incendium!
[13Jul2026 19:42:57.160] [Server thread/INFO] [xaero.map.WorldMap/]: Registered synced player tracker system: ftb_teams
[13Jul2026 19:42:57.162] [Server thread/INFO] [com.teampotato.redirector.Redirector/]: Redirecting cpw/mods/inventorysorter/InventorySorterCommand$CommandAction
[13Jul2026 19:42:57.166] [Server thread/INFO] [net.stardustlabs.structory.Structory/]: Thanks for choosing Structory!
[13Jul2026 19:42:57.166] [Server thread/INFO] [net.stardustlabs.terralith.Terralith/]: Thanks for choosing Terralith!
[13Jul2026 19:42:57.172] [Server thread/INFO] [FTB Quests/]: Loading quests from /workspaces/cisco/servidor_minecraft/config/ftbquests/quests
[13Jul2026 19:42:57.179] [Server thread/INFO] [com.teampotato.redirector.Redirector/]: Redirecting dev/ftb/mods/ftbquests/quest/DependencyRequirement
[13Jul2026 19:42:57.228] [Server thread/INFO] [FTB Quests/]: Loaded 6 chapter groups, 15 chapters, 325 quests, 15 reward tables
[13Jul2026 19:42:57.247] [Server thread/INFO] [dev.qther.nanny.NaNny/]: NaNny hired!
[13Jul2026 19:42:57.263] [Server thread/INFO] [atomicstryker.infernalmobs.common.InfernalMobsCore/]: item config parser finished, item count: 14
[13Jul2026 19:42:57.263] [Server thread/INFO] [atomicstryker.infernalmobs.common.InfernalMobsCore/]: item config parser finished, item count: 17
[13Jul2026 19:42:57.263] [Server thread/ERROR] [atomicstryker.infernalmobs.common.InfernalMobsCore/]: item config parser could not build item: {Count:3b,id:"minecraft:apotheosis:mythic_material"}
[13Jul2026 19:42:57.264] [Server thread/INFO] [atomicstryker.infernalmobs.common.InfernalMobsCore/]: item config parser finished, item count: 15
[13Jul2026 19:42:57.264] [Server thread/INFO] [atomicstryker.infernalmobs.common.InfernalMobsCore/]: InfernalMobsCore commonSetup completed! Modifiers ready: 22
[13Jul2026 19:42:57.264] [Server thread/INFO] [atomicstryker.infernalmobs.common.InfernalMobsCore/]: InfernalMobsCore commonSetup completed! config file at: /workspaces/cisco/servidor_minecraft/./config/infernalmobs.cfg
[13Jul2026 19:42:57.292] [Server thread/INFO] [com.teampotato.redirector.Redirector/]: Redirecting net/bettercombat/api/WeaponAttributes$Condition
[13Jul2026 19:42:57.293] [Server thread/INFO] [com.teampotato.redirector.Redirector/]: Redirecting net/bettercombat/api/WeaponAttributes$HitBoxShape
[13Jul2026 19:42:57.432] [Server thread/INFO] [net.bettercombat.logic.WeaponRegistry/]: Encoded Weapon Attribute registry size (with package overhead): 323338 bytes (in 33 string chunks with the size of 10000)
[13Jul2026 19:42:57.434] [Server thread/INFO] [com.cupboard.Cupboard/]: Loaded config for: smoothchunk.json
[13Jul2026 19:42:57.434] [Server thread/INFO] [com.cupboard.Cupboard/]: Loaded config for: biomemusic.json
[13Jul2026 19:42:57.435] [Server thread/INFO] [com.cupboard.Cupboard/]: Loaded config for: brutalbosses.json
[13Jul2026 19:42:57.435] [Server thread/INFO] [com.cupboard.Cupboard/]: Loaded config for: betterfpsdist.json
[13Jul2026 19:42:57.436] [Server thread/INFO] [com.cupboard.Cupboard/]: Loaded config for: chunksending.json
[13Jul2026 19:42:57.438] [Server thread/INFO] [patchouli/]: Sending reload packet to clients
[13Jul2026 19:42:57.442] [Server thread/WARN] [ModernFix/]: Dedicated server took 65.589 seconds to load
[13Jul2026 19:42:57.585] [Server thread/INFO] [com.teampotato.redirector.Redirector/]: Redirecting net/minecraft/world/level/border/BorderStatus
[13Jul2026 19:42:57.631] [Server thread/INFO] [com.teampotato.redirector.Redirector/]: Redirecting com/legacy/blue_skies/entities/ai/NightwatcherRobGoal$Task
[13Jul2026 19:42:57.706] [Server thread/INFO] [com.teampotato.redirector.Redirector/]: Redirecting dev/ftb/mods/ftbchunks/data/ClaimExpirationManager
[13Jul2026 19:42:57.707] [Server thread/INFO] [com.teampotato.redirector.Redirector/]: Redirecting dev/ftb/mods/ftbchunks/LongRangePlayerTracker
[13Jul2026 19:43:27.446] [Server thread/INFO] [com.teampotato.redirector.Redirector/]: Redirecting net/minecraft/network/protocol/game/ClientboundPlayerInfoPacket$Action
[13Jul2026 19:49:49.723] [Netty Epoll Server IO #1/INFO] [com.teampotato.redirector.Redirector/]: Redirecting com/abdelaziz/pluto/common/network/VarintByteDecoder$DecodeResult
[13Jul2026 19:49:49.729] [Netty Epoll Server IO #1/INFO] [com.teampotato.redirector.Redirector/]: Redirecting net/minecraft/network/ConnectionProtocol
[13Jul2026 19:49:49.755] [Netty Epoll Server IO #1/INFO] [com.teampotato.redirector.Redirector/]: Redirecting net/minecraft/network/protocol/game/ClientboundCustomChatCompletionsPacket$Action
[13Jul2026 19:49:49.787] [Netty Epoll Server IO #1/INFO] [com.teampotato.redirector.Redirector/]: Redirecting net/minecraft/network/protocol/game/ClientboundRecipePacket$State
[13Jul2026 19:49:49.803] [Netty Epoll Server IO #1/INFO] [com.teampotato.redirector.Redirector/]: Redirecting net/minecraft/server/ServerScoreboard$Method
[13Jul2026 19:49:49.815] [Netty Epoll Server IO #1/INFO] [com.teampotato.redirector.Redirector/]: Redirecting net/minecraft/network/protocol/game/ServerboundClientCommandPacket$Action
[13Jul2026 19:49:49.818] [Netty Epoll Server IO #1/INFO] [com.teampotato.redirector.Redirector/]: Redirecting net/minecraft/world/inventory/ClickType
[13Jul2026 19:49:49.822] [Netty Epoll Server IO #1/INFO] [com.teampotato.redirector.Redirector/]: Redirecting net/minecraft/network/protocol/game/ServerboundInteractPacket$ActionType
[13Jul2026 19:49:49.829] [Netty Epoll Server IO #1/INFO] [com.teampotato.redirector.Redirector/]: Redirecting net/minecraft/network/protocol/game/ServerboundPlayerActionPacket$Action
[13Jul2026 19:49:49.830] [Netty Epoll Server IO #1/INFO] [com.teampotato.redirector.Redirector/]: Redirecting net/minecraft/network/protocol/game/ServerboundPlayerCommandPacket$Action
[13Jul2026 19:49:49.833] [Netty Epoll Server IO #1/INFO] [com.teampotato.redirector.Redirector/]: Redirecting net/minecraft/network/protocol/game/ServerboundResourcePackPacket$Action
[13Jul2026 19:49:49.834] [Netty Epoll Server IO #1/INFO] [com.teampotato.redirector.Redirector/]: Redirecting net/minecraft/network/protocol/game/ServerboundSeenAdvancementsPacket$Action
[13Jul2026 19:49:49.837] [Netty Epoll Server IO #1/INFO] [com.teampotato.redirector.Redirector/]: Redirecting net/minecraft/world/level/block/entity/CommandBlockEntity$Mode
[13Jul2026 19:49:49.840] [Netty Epoll Server IO #1/INFO] [com.teampotato.redirector.Redirector/]: Redirecting net/minecraft/world/level/block/entity/StructureBlockEntity$UpdateType
[13Jul2026 19:49:49.887] [Netty Epoll Server IO #1/INFO] [com.teampotato.redirector.Redirector/]: Redirecting shadow/kyori/adventure/text/serializer/json/JSONOptions$HoverEventValueMode
[13Jul2026 19:49:49.887] [Netty Epoll Server IO #1/INFO] [com.teampotato.redirector.Redirector/]: Redirecting shadow/kyori/adventure/text/serializer/json/JSONOptions$ShowItemHoverDataMode
[13Jul2026 19:49:49.900] [Netty Epoll Server IO #1/INFO] [com.teampotato.redirector.Redirector/]: Redirecting shadow/kyori/adventure/text/event/ClickEvent$Action
[13Jul2026 19:49:49.903] [Netty Epoll Server IO #1/INFO] [com.teampotato.redirector.Redirector/]: Redirecting shadow/kyori/adventure/text/format/TextDecoration
[13Jul2026 19:49:49.910] [Netty Epoll Server IO #1/INFO] [com.teampotato.redirector.Redirector/]: Redirecting shadow/kyori/adventure/text/ComponentIteratorFlag
[13Jul2026 19:49:49.932] [Netty Epoll Server IO #1/INFO] [com.teampotato.redirector.Redirector/]: Redirecting shadow/kyori/adventure/text/format/TextDecoration$State
[13Jul2026 19:49:49.933] [Netty Epoll Server IO #1/INFO] [com.teampotato.redirector.Redirector/]: Redirecting shadow/kyori/adventure/util/TriState
[13Jul2026 19:49:54.427] [Netty Epoll Server IO #3/INFO] [com.teampotato.redirector.Redirector/]: Redirecting net/minecraftforge/network/ConnectionType
[13Jul2026 19:49:54.621] [Netty Epoll Server IO #3/INFO] [com.teampotato.redirector.Redirector/]: Redirecting net/minecraft/server/network/ServerLoginPacketListenerImpl$State
[13Jul2026 19:50:05.494] [Netty Epoll Server IO #3/INFO] [Calio/]: Received acknowledgment for login packet with id 213
[13Jul2026 19:50:05.522] [Netty Epoll Server IO #3/INFO] [Calio/]: Received acknowledgment for login packet with id 214
[13Jul2026 19:50:05.567] [Netty Epoll Server IO #3/INFO] [Calio/]: Received acknowledgment for login packet with id 215
[13Jul2026 19:50:05.616] [Netty Epoll Server IO #3/INFO] [Calio/]: Received acknowledgment for login packet with id 216
[13Jul2026 19:50:05.664] [Netty Epoll Server IO #3/INFO] [Calio/]: Received acknowledgment for login packet with id 217
[13Jul2026 19:50:05.718] [Netty Epoll Server IO #3/INFO] [Calio/]: Received acknowledgment for login packet with id 218
[13Jul2026 19:50:05.770] [Netty Epoll Server IO #3/INFO] [Calio/]: Received acknowledgment for login packet with id 219
[13Jul2026 19:50:05.817] [Netty Epoll Server IO #3/INFO] [Calio/]: Received acknowledgment for login packet with id 220
[13Jul2026 19:50:05.868] [Netty Epoll Server IO #3/INFO] [Calio/]: Received acknowledgment for login packet with id 221
[13Jul2026 19:50:05.918] [Netty Epoll Server IO #3/INFO] [Calio/]: Received acknowledgment for login packet with id 222
[13Jul2026 19:50:05.970] [Netty Epoll Server IO #3/INFO] [Calio/]: Received acknowledgment for login packet with id 223
[13Jul2026 19:50:06.015] [Netty Epoll Server IO #3/INFO] [Calio/]: Received acknowledgment for login packet with id 224
[13Jul2026 19:50:07.546] [Netty Epoll Server IO #3/INFO] [Calio/]: Received acknowledgment for login packet with id 225
[13Jul2026 19:50:07.546] [Netty Epoll Server IO #3/INFO] [Calio/]: Received acknowledgment for login packet with id 226
[13Jul2026 19:50:07.556] [Netty Epoll Server IO #3/INFO] [Calio/]: Received acknowledgment for login packet with id 227
[13Jul2026 19:50:07.653] [Netty Epoll Server IO #3/INFO] [com.teampotato.redirector.Redirector/]: Redirecting com/velocitypowered/natives/util/NativeCodeLoader$Status
[13Jul2026 19:50:07.667] [Netty Epoll Server IO #3/INFO] [com.teampotato.redirector.Redirector/]: Redirecting com/velocitypowered/natives/util/BufferPreference
[13Jul2026 19:50:07.785] [Server thread/INFO] [net.minecraftforge.common.AdvancementLoadFix/]: Using new advancement loading for net.minecraft.server.PlayerAdvancements@e0fe95c
[13Jul2026 19:50:07.896] [Server thread/INFO] [net.minecraft.server.players.PlayerList/]: salame71[/127.229.90.182:59521] logged in with entity id 1398 at (-3884.6353304527256, 134.0, -1184.1821073217586)
[13Jul2026 19:50:07.908] [Server thread/INFO] [com.teampotato.redirector.Redirector/]: Redirecting net/minecraftforge/network/filters/VanillaPacketSplitter$RemoteCompatibility
[13Jul2026 19:50:07.922] [Server thread/INFO] [com.teampotato.redirector.Redirector/]: Redirecting com/hollingsworth/arsnouveau/common/entity/AmethystGolem$AmethystGolemGoalState
[13Jul2026 19:50:07.923] [Server thread/INFO] [com.teampotato.redirector.Redirector/]: Redirecting shadows/gateways/entity/GatewayEntity$FailureReason
[13Jul2026 19:50:07.937] [Server thread/ERROR] [ModernFix/]: Skipping entity ID sync for com.talhanation.smallships.world.entity.ship.Ship: java.lang.NoClassDefFoundError: net/minecraft/client/CameraType
[13Jul2026 19:50:07.940] [Server thread/INFO] [com.teampotato.redirector.Redirector/]: Redirecting net/minecraft/world/entity/vehicle/Boat$Status
[13Jul2026 19:50:08.044] [Server thread/INFO] [ModdingLegacy/blue_skies/]: Sending ToolHandleTypeManager to salame71
[13Jul2026 19:50:08.045] [Server thread/INFO] [ModdingLegacy/blue_skies/]: Sending SnowcapOvenFreezingManager to salame71
[13Jul2026 19:50:08.045] [Server thread/INFO] [ModdingLegacy/blue_skies/]: Sending HorizoniteForgeFuelManager to salame71
[13Jul2026 19:50:08.045] [Server thread/INFO] [ModdingLegacy/blue_skies/]: Sending AlchemyRecipeManager to salame71
[13Jul2026 19:50:08.048] [Server thread/INFO] [ModdingLegacy/blue_skies/]: Sending JournalEntryManager to salame71
[13Jul2026 19:50:08.050] [Server thread/INFO] [ModdingLegacy/blue_skies/]: Sending JournalSectionManager to salame71
[13Jul2026 19:50:08.051] [Server thread/INFO] [ModdingLegacy/blue_skies/]: Sending JournalRequirementManager to salame71
[13Jul2026 19:50:08.209] [Server thread/INFO] [net.minecraft.server.MinecraftServer/]: salame71 joined the game
[13Jul2026 19:50:08.210] [Server thread/INFO] [com.teampotato.redirector.Redirector/]: Redirecting net/minecraft/network/protocol/game/ClientboundPlayerPositionPacket$RelativeArgument
[13Jul2026 19:50:08.213] [Server thread/INFO] [com.teampotato.redirector.Redirector/]: Redirecting com/bobmowzie/mowziesmobs/server/ability/AbilityHandler
[13Jul2026 19:50:08.227] [Server thread/INFO] [com.teampotato.redirector.Redirector/]: Redirecting com/bobmowzie/mowziesmobs/server/ability/AbilitySection$AbilitySectionType
[13Jul2026 19:50:08.267] [Server thread/INFO] [com.teampotato.redirector.Redirector/]: Redirecting net/minecraftforge/event/entity/player/AdvancementEvent$AdvancementProgressEvent$ProgressType
[13Jul2026 19:50:08.272] [Server thread/INFO] [com.teampotato.redirector.Redirector/]: Redirecting net/minecraft/server/commands/AdvancementCommands$Action
[13Jul2026 19:50:08.494] [Server thread/WARN] [solapplepie/]: Invalid attribute specified in config: generic.speed
[13Jul2026 19:50:08.516] [Server thread/INFO] [com.teampotato.redirector.Redirector/]: Redirecting ovh/corail/tombstone/network/CMessageTBCapability$SyncType
[13Jul2026 19:50:08.524] [Server thread/INFO] [net.minecraftforge.common.AdvancementLoadFix/]: Using new advancement loading for net.minecraft.server.PlayerAdvancements@d8be092
[13Jul2026 19:50:08.569] [Server thread/INFO] [Jade/]: Syncing config to salame71 (a8f9c7ae-bfc2-3bbd-8546-c37e99e1edc6)
[13Jul2026 19:50:08.594] [Server thread/INFO] [Enigmatic Legacy/INFO]: Synchronizing omniconfig files to salame71...
[13Jul2026 19:50:08.594] [Server thread/INFO] [Enigmatic Legacy/INFO]: Sending data for enigmaticlegacy-common.omniconf
[13Jul2026 19:50:08.596] [Server thread/INFO] [Enigmatic Legacy/INFO]: Granting starter gear to salame71
[13Jul2026 19:50:09.954] [Server thread/INFO] [com.teampotato.redirector.Redirector/]: Redirecting com/aetherteam/nitrogen/capability/INBTSynchable$Direction
[13Jul2026 19:50:09.966] [Server thread/INFO] [Enigmatic Legacy/INFO]: Blue Skies detected: true
[13Jul2026 19:50:09.990] [Server thread/INFO] [com.teampotato.redirector.Redirector/]: Redirecting net/p3pp3rf1y/sophisticatedcore/renderdata/TankPosition
[13Jul2026 19:50:10.241] [Server thread/WARN] [net.minecraft.server.MinecraftServer/]: Can't keep up! Is the server overloaded? Running 2498ms or 49 ticks behind
[13Jul2026 19:50:10.477] [Netty Epoll Server IO #3/INFO] [com.teampotato.redirector.Redirector/]: Redirecting net/minecraftforge/network/NetworkEvent$RegistrationChangeType
[13Jul2026 19:50:10.988] [Server thread/INFO] [com.teampotato.redirector.Redirector/]: Redirecting shadows/apotheosis/ench/table/ApothEnchantmentMenu$Arcana
[13Jul2026 19:50:11.414] [Server thread/INFO] [com.teampotato.redirector.Redirector/]: Redirecting net/minecraft/util/profiling/metrics/MetricCategory
[13Jul2026 19:50:57.500] [Server thread/INFO] [com.teampotato.redirector.Redirector/]: Redirecting net/minecraft/world/entity/monster/AbstractIllager$IllagerArmPose
[13Jul2026 19:50:58.266] [Server thread/INFO] [com.teampotato.redirector.Redirector/]: Redirecting net/minecraft/world/entity/animal/IronGolem$Crackiness
[13Jul2026 19:51:03.245] [Server thread/INFO] [com.teampotato.redirector.Redirector/]: Redirecting net/p3pp3rf1y/sophisticatedbackpacks/common/gui/BackpackContext$ContextType
[13Jul2026 19:51:10.123] [Server thread/INFO] [com.teampotato.redirector.Redirector/]: Redirecting ovh/corail/tombstone/helper/Helper$RomanNumeral
[13Jul2026 19:51:50.988] [Worker-Main22/INFO] [com.teampotato.redirector.Redirector/]: Redirecting com/yungnickyoung/minecraft/bettermineshafts/world/generator/pieces/OreDeposit$OreType
[13Jul2026 19:51:50.989] [Worker-Main22/INFO] [com.teampotato.redirector.Redirector/]: Redirecting com/yungnickyoung/minecraft/bettermineshafts/world/generator/pieces/SmallTunnelTurn$TurnDirection
